Processing esp32 (platform: espressif32; board: esp32dev; framework: arduino)
--------------------------------------------------------------------------------
Verbose mode can be enabled via `-v, --verbose` option
CONFIGURATION: https://docs.platformio.org/page/boards/espressif32/esp32dev.html
PLATFORM: Espressif 32 (7.0.1) > Espressif ESP32 Dev Module
HARDWARE: ESP32 240MHz, 320KB RAM, 4MB Flash
DEBUG: Current (cmsis-dap) External (cmsis-dap, esp-bridge, esp-prog, iot-bus-jtag, jlink, minimodule, olimex-arm-usb-ocd, olimex-arm-usb-ocd-h, olimex-arm-usb-tiny-h, olimex-jtag-tiny, tumpa)
PACKAGES: 
 - framework-arduinoespressif32 @ 3.20017.241212+sha.dcc1105b 
 - tool-esptoolpy @ 2.41100.0 (4.11.0) 
 - toolchain-xtensa-esp32 @ 8.4.0+2021r2-patch5
LDF: Library Dependency Finder -> https://bit.ly/configure-pio-ldf
LDF Modes: Finder ~ chain, Compatibility ~ soft
Found 33 compatible libraries
Scanning dependencies...
No dependencies
Building in release mode
Compiling .pio/build/esp32/src/drivers/can_bus.cpp.o
Compiling .pio/build/esp32/src/drivers/ce_m_driver.cpp.o
Compiling .pio/build/esp32/src/drivers/cem_driver.cpp.o
Compiling .pio/build/esp32/src/drivers/encoder.cpp.o
Compiling .pio/build/esp32/src/drivers/ethercat.cpp.o
Compiling .pio/build/esp32/src/drivers/fl_driver.cpp.o
Compiling .pio/build/esp32/src/drivers/rh_driver.cpp.o
Compiling .pio/build/esp32/src/drivers/rmd_h_driver.cpp.o
Compiling .pio/build/esp32/src/drivers/rmd_x_driver.cpp.o
Compiling .pio/build/esp32/src/drivers/rs485.cpp.o
Compiling .pio/build/esp32/src/main.cpp.o
Compiling .pio/build/esp32/src/motor_controller.cpp.o
Compiling .pio/build/esp32/src/protocols/pal.cpp.o
Compiling .pio/build/esp32/src/utils/config.cpp.o
Compiling .pio/build/esp32/src/utils/logger.cpp.o
Building .pio/build/esp32/bootloader.bin
Generating partitions .pio/build/esp32/partitions.bin
esptool.py v4.11.0
Creating esp32 image...
Merged 1 ELF section
Successfully created esp32 image.
Compiling .pio/build/esp32/FrameworkArduino/Esp.cpp.o
Compiling .pio/build/esp32/FrameworkArduino/FirmwareMSC.cpp.o
Compiling .pio/build/esp32/FrameworkArduino/FunctionalInterrupt.cpp.o
Compiling .pio/build/esp32/FrameworkArduino/HWCDC.cpp.o
In file included from src/main.cpp:16:
src/protocols/pal.h:12:10: fatal error: ArduinoJson.h: No such file or directory

*********************************************************************
* Looking for ArduinoJson.h dependency? Check our library registry!
*
* CLI  > platformio lib search "header:ArduinoJson.h"
* Web  > https://registry.platformio.org/search?q=header:ArduinoJson.h
*
*********************************************************************

 #include <ArduinoJson.h>
          ^~~~~~~~~~~~~~~
compilation terminated.
Compiling .pio/build/esp32/FrameworkArduino/HardwareSerial.cpp.o
*** [.pio/build/esp32/src/main.cpp.o] Error 1
In file included from src/motor_controller.cpp:2:
src/protocols/pal.h:12:10: fatal error: ArduinoJson.h: No such file or directory

*********************************************************************
* Looking for ArduinoJson.h dependency? Check our library registry!
*
* CLI  > platformio lib search "header:ArduinoJson.h"
* Web  > https://registry.platformio.org/search?q=header:ArduinoJson.h
*
*********************************************************************

 #include <ArduinoJson.h>
          ^~~~~~~~~~~~~~~
compilation terminated.
In file included from src/protocols/pal.cpp:7:
src/protocols/pal.h:12:10: fatal error: ArduinoJson.h: No such file or directory

*********************************************************************
* Looking for ArduinoJson.h dependency? Check our library registry!
*
* CLI  > platformio lib search "header:ArduinoJson.h"
* Web  > https://registry.platformio.org/search?q=header:ArduinoJson.h
*
*********************************************************************

 #include <ArduinoJson.h>
          ^~~~~~~~~~~~~~~
compilation terminated.
*** [.pio/build/esp32/src/motor_controller.cpp.o] Error 1
*** [.pio/build/esp32/src/protocols/pal.cpp.o] Error 1
In file included from src/utils/config.cpp:5:
src/utils/config.h:11:10: fatal error: ArduinoJson.h: No such file or directory

*********************************************************************
* Looking for ArduinoJson.h dependency? Check our library registry!
*
* CLI  > platformio lib search "header:ArduinoJson.h"
* Web  > https://registry.platformio.org/search?q=header:ArduinoJson.h
*
*********************************************************************

 #include <ArduinoJson.h>
          ^~~~~~~~~~~~~~~
compilation terminated.
*** [.pio/build/esp32/src/utils/config.cpp.o] Error 1
In file included from src/drivers/motor_driver.h:3,
                 from src/drivers/cem_driver.h:3,
                 from src/drivers/cem_driver.cpp:1:
src/drivers/cem_driver.cpp: In member function 'virtual void CEMDriver::setTorque(float)':
src/drivers/cem_driver.cpp:65:41: error: 'struct MotorConfig' has no member named 'max_torque'; did you mean 'maxTorque'?
     target = constrain(target, -_config.max_torque, _config.max_torque);
                                         ^~~~~~~~~~
/home/roko/.platformio/packages/framework-arduinoespressif32/cores/esp32/Arduino.h:76:41: note: in definition of macro 'constrain'
 #define constrain(amt,low,high) ((amt)<(low)?(low):((amt)>(high)?(high):(amt)))
                                         ^~~
src/drivers/cem_driver.cpp:65:41: error: 'struct MotorConfig' has no member named 'max_torque'; did you mean 'maxTorque'?
     target = constrain(target, -_config.max_torque, _config.max_torque);
                                         ^~~~~~~~~~
/home/roko/.platformio/packages/framework-arduinoespressif32/cores/esp32/Arduino.h:76:47: note: in definition of macro 'constrain'
 #define constrain(amt,low,high) ((amt)<(low)?(low):((amt)>(high)?(high):(amt)))
                                               ^~~
src/drivers/cem_driver.cpp:65:61: error: 'struct MotorConfig' has no member named 'max_torque'; did you mean 'maxTorque'?
     target = constrain(target, -_config.max_torque, _config.max_torque);
                                                             ^~~~~~~~~~
/home/roko/.platformio/packages/framework-arduinoespressif32/cores/esp32/Arduino.h:76:60: note: in definition of macro 'constrain'
 #define constrain(amt,low,high) ((amt)<(low)?(low):((amt)>(high)?(high):(amt)))
                                                            ^~~~
src/drivers/cem_driver.cpp:65:61: error: 'struct MotorConfig' has no member named 'max_torque'; did you mean 'maxTorque'?
     target = constrain(target, -_config.max_torque, _config.max_torque);
                                                             ^~~~~~~~~~
/home/roko/.platformio/packages/framework-arduinoespressif32/cores/esp32/Arduino.h:76:67: note: in definition of macro 'constrain'
 #define constrain(amt,low,high) ((amt)<(low)?(low):((amt)>(high)?(high):(amt)))
                                                                   ^~~~
src/drivers/cem_driver.cpp: In member function 'virtual void CEMDriver::enable()':
src/drivers/cem_driver.cpp:70:15: error: 'MOTOR_STATUS_ENABLED' was not declared in this scope
     _status = MOTOR_STATUS_ENABLED;
               ^~~~~~~~~~~~~~~~~~~~
src/drivers/cem_driver.cpp:70:15: note: suggested alternative: 'MOTOR_STATUS_DISABLED'
     _status = MOTOR_STATUS_ENABLED;
               ^~~~~~~~~~~~~~~~~~~~
               MOTOR_STATUS_DISABLED
src/drivers/cem_driver.cpp: In member function 'virtual void CEMDriver::setLimits(float, float)':
src/drivers/cem_driver.cpp:84:13: error: 'struct MotorConfig' has no member named 'max_velocity_limit'; did you mean 'maxVelocity'?
     _config.max_velocity_limit = maxVelocity;
             ^~~~~~~~~~~~~~~~~~
             maxVelocity
src/drivers/cem_driver.cpp:85:13: error: 'struct MotorConfig' has no member named 'max_torque_limit'; did you mean 'maxTorque'?
     _config.max_torque_limit = maxTorque;
             ^~~~~~~~~~~~~~~~
             maxTorque
*** [.pio/build/esp32/src/drivers/cem_driver.cpp.o] Error 1
In file included from src/drivers/motor_driver.h:3,
                 from src/drivers/fl_driver.h:3,
                 from src/drivers/fl_driver.cpp:1:
src/drivers/fl_driver.cpp: In member function 'virtual void FLDriver::setTorque(float)':
src/drivers/fl_driver.cpp:66:41: error: 'struct MotorConfig' has no member named 'max_torque'; did you mean 'maxTorque'?
     target = constrain(target, -_config.max_torque, _config.max_torque);
                                         ^~~~~~~~~~
/home/roko/.platformio/packages/framework-arduinoespressif32/cores/esp32/Arduino.h:76:41: note: in definition of macro 'constrain'
 #define constrain(amt,low,high) ((amt)<(low)?(low):((amt)>(high)?(high):(amt)))
                                         ^~~
src/drivers/fl_driver.cpp:66:41: error: 'struct MotorConfig' has no member named 'max_torque'; did you mean 'maxTorque'?
     target = constrain(target, -_config.max_torque, _config.max_torque);
                                         ^~~~~~~~~~
/home/roko/.platformio/packages/framework-arduinoespressif32/cores/esp32/Arduino.h:76:47: note: in definition of macro 'constrain'
 #define constrain(amt,low,high) ((amt)<(low)?(low):((amt)>(high)?(high):(amt)))
                                               ^~~
src/drivers/fl_driver.cpp:66:61: error: 'struct MotorConfig' has no member named 'max_torque'; did you mean 'maxTorque'?
     target = constrain(target, -_config.max_torque, _config.max_torque);
                                                             ^~~~~~~~~~
/home/roko/.platformio/packages/framework-arduinoespressif32/cores/esp32/Arduino.h:76:60: note: in definition of macro 'constrain'
 #define constrain(amt,low,high) ((amt)<(low)?(low):((amt)>(high)?(high):(amt)))
                                                            ^~~~
src/drivers/fl_driver.cpp:66:61: error: 'struct MotorConfig' has no member named 'max_torque'; did you mean 'maxTorque'?
     target = constrain(target, -_config.max_torque, _config.max_torque);
                                                             ^~~~~~~~~~
/home/roko/.platformio/packages/framework-arduinoespressif32/cores/esp32/Arduino.h:76:67: note: in definition of macro 'constrain'
 #define constrain(amt,low,high) ((amt)<(low)?(low):((amt)>(high)?(high):(amt)))
                                                                   ^~~~
src/drivers/fl_driver.cpp: In member function 'virtual void FLDriver::enable()':
src/drivers/fl_driver.cpp:71:15: error: 'MOTOR_STATUS_ENABLED' was not declared in this scope
     _status = MOTOR_STATUS_ENABLED;
               ^~~~~~~~~~~~~~~~~~~~
In file included from src/drivers/motor_driver.h:3,
                 from src/drivers/rmd_h_driver.h:3,
                 from src/drivers/rmd_h_driver.cpp:1:
src/drivers/rmd_h_driver.cpp: In member function 'virtual void RMDHDriver::setTorque(float)':
src/drivers/rmd_h_driver.cpp:65:41: error: 'struct MotorConfig' has no member named 'max_torque'; did you mean 'maxTorque'?
     target = constrain(target, -_config.max_torque, _config.max_torque);
                                         ^~~~~~~~~~
/home/roko/.platformio/packages/framework-arduinoespressif32/cores/esp32/Arduino.h:76:41: note: in definition of macro 'constrain'
 #define constrain(amt,low,high) ((amt)<(low)?(low):((amt)>(high)?(high):(amt)))
                                         ^~~
src/drivers/rmd_h_driver.cpp:65:41: error: 'struct MotorConfig' has no member named 'max_torque'; did you mean 'maxTorque'?
     target = constrain(target, -_config.max_torque, _config.max_torque);
                                         ^~~~~~~~~~
/home/roko/.platformio/packages/framework-arduinoespressif32/cores/esp32/Arduino.h:76:47: note: in definition of macro 'constrain'
 #define constrain(amt,low,high) ((amt)<(low)?(low):((amt)>(high)?(high):(amt)))
                                               ^~~
src/drivers/rmd_h_driver.cpp:65:61: error: 'struct MotorConfig' has no member named 'max_torque'; did you mean 'maxTorque'?
     target = constrain(target, -_config.max_torque, _config.max_torque);
                                                             ^~~~~~~~~~
/home/roko/.platformio/packages/framework-arduinoespressif32/cores/esp32/Arduino.h:76:60: note: in definition of macro 'constrain'
 #define constrain(amt,low,high) ((amt)<(low)?(low):((amt)>(high)?(high):(amt)))
                                                            ^~~~
src/drivers/rmd_h_driver.cpp:65:61: error: 'struct MotorConfig' has no member named 'max_torque'; did you mean 'maxTorque'?
     target = constrain(target, -_config.max_torque, _config.max_torque);
                                                             ^~~~~~~~~~
/home/roko/.platformio/packages/framework-arduinoespressif32/cores/esp32/Arduino.h:76:67: note: in definition of macro 'constrain'
 #define constrain(amt,low,high) ((amt)<(low)?(low):((amt)>(high)?(high):(amt)))
                                                                   ^~~~
src/drivers/rmd_h_driver.cpp: In member function 'virtual void RMDHDriver::enable()':
src/drivers/rmd_h_driver.cpp:70:15: error: 'MOTOR_STATUS_ENABLED' was not declared in this scope
     _status = MOTOR_STATUS_ENABLED;
               ^~~~~~~~~~~~~~~~~~~~
In file included from src/drivers/motor_driver.h:3,
                 from src/drivers/rh_driver.h:3,
                 from src/drivers/rh_driver.cpp:1:
src/drivers/rh_driver.cpp: In member function 'virtual void RHDriver::setTorque(float)':
src/drivers/rh_driver.cpp:56:41: error: 'struct MotorConfig' has no member named 'max_torque'; did you mean 'maxTorque'?
     target = constrain(target, -_config.max_torque, _config.max_torque);
                                         ^~~~~~~~~~
/home/roko/.platformio/packages/framework-arduinoespressif32/cores/esp32/Arduino.h:76:41: note: in definition of macro 'constrain'
 #define constrain(amt,low,high) ((amt)<(low)?(low):((amt)>(high)?(high):(amt)))
                                         ^~~
src/drivers/rh_driver.cpp:56:41: error: 'struct MotorConfig' has no member named 'max_torque'; did you mean 'maxTorque'?
     target = constrain(target, -_config.max_torque, _config.max_torque);
                                         ^~~~~~~~~~
/home/roko/.platformio/packages/framework-arduinoespressif32/cores/esp32/Arduino.h:76:47: note: in definition of macro 'constrain'
 #define constrain(amt,low,high) ((amt)<(low)?(low):((amt)>(high)?(high):(amt)))
                                               ^~~
src/drivers/rh_driver.cpp:56:61: error: 'struct MotorConfig' has no member named 'max_torque'; did you mean 'maxTorque'?
     target = constrain(target, -_config.max_torque, _config.max_torque);
                                                             ^~~~~~~~~~
/home/roko/.platformio/packages/framework-arduinoespressif32/cores/esp32/Arduino.h:76:60: note: in definition of macro 'constrain'
 #define constrain(amt,low,high) ((amt)<(low)?(low):((amt)>(high)?(high):(amt)))
                                                            ^~~~
src/drivers/rh_driver.cpp:56:61: error: 'struct MotorConfig' has no member named 'max_torque'; did you mean 'maxTorque'?
     target = constrain(target, -_config.max_torque, _config.max_torque);
                                                             ^~~~~~~~~~
/home/roko/.platformio/packages/framework-arduinoespressif32/cores/esp32/Arduino.h:76:67: note: in definition of macro 'constrain'
 #define constrain(amt,low,high) ((amt)<(low)?(low):((amt)>(high)?(high):(amt)))
                                                                   ^~~~
src/drivers/rh_driver.cpp: In member function 'virtual void RHDriver::enable()':
src/drivers/rh_driver.cpp:60:37: error: 'MOTOR_STATUS_ENABLED' was not declared in this scope
 void RHDriver::enable() { _status = MOTOR_STATUS_ENABLED; }
                                     ^~~~~~~~~~~~~~~~~~~~
src/drivers/fl_driver.cpp:71:15: note: suggested alternative: 'MOTOR_STATUS_DISABLED'
     _status = MOTOR_STATUS_ENABLED;
               ^~~~~~~~~~~~~~~~~~~~
               MOTOR_STATUS_DISABLED
src/drivers/fl_driver.cpp: In member function 'virtual void FLDriver::setLimits(float, float)':
src/drivers/fl_driver.cpp:85:13: error: 'struct MotorConfig' has no member named 'max_velocity_limit'; did you mean 'maxVelocity'?
     _config.max_velocity_limit = maxVelocity;
             ^~~~~~~~~~~~~~~~~~
             maxVelocity
src/drivers/fl_driver.cpp:86:13: error: 'struct MotorConfig' has no member named 'max_torque_limit'; did you mean 'maxTorque'?
     _config.max_torque_limit = maxTorque;
             ^~~~~~~~~~~~~~~~
             maxTorque
src/drivers/rmd_h_driver.cpp:70:15: note: suggested alternative: 'MOTOR_STATUS_DISABLED'
     _status = MOTOR_STATUS_ENABLED;
               ^~~~~~~~~~~~~~~~~~~~
               MOTOR_STATUS_DISABLED
src/drivers/rmd_h_driver.cpp: In member function 'virtual void RMDHDriver::setLimits(float, float)':
src/drivers/rmd_h_driver.cpp:84:13: error: 'struct MotorConfig' has no member named 'max_velocity_limit'; did you mean 'maxVelocity'?
     _config.max_velocity_limit = maxVelocity;
             ^~~~~~~~~~~~~~~~~~
             maxVelocity
src/drivers/rmd_h_driver.cpp:85:13: error: 'struct MotorConfig' has no member named 'max_torque_limit'; did you mean 'maxTorque'?
     _config.max_torque_limit = maxTorque;
             ^~~~~~~~~~~~~~~~
             maxTorque
src/drivers/rh_driver.cpp:60:37: note: suggested alternative: 'MOTOR_STATUS_DISABLED'
 void RHDriver::enable() { _status = MOTOR_STATUS_ENABLED; }
                                     ^~~~~~~~~~~~~~~~~~~~
                                     MOTOR_STATUS_DISABLED
src/drivers/rh_driver.cpp: In member function 'virtual void RHDriver::setLimits(float, float)':
src/drivers/rh_driver.cpp:69:13: error: 'struct MotorConfig' has no member named 'max_velocity_limit'; did you mean 'maxVelocity'?
     _config.max_velocity_limit = maxVelocity;
             ^~~~~~~~~~~~~~~~~~
             maxVelocity
src/drivers/rh_driver.cpp:70:13: error: 'struct MotorConfig' has no member named 'max_torque_limit'; did you mean 'maxTorque'?
     _config.max_torque_limit = maxTorque;
             ^~~~~~~~~~~~~~~~
             maxTorque
*** [.pio/build/esp32/src/drivers/fl_driver.cpp.o] Error 1
*** [.pio/build/esp32/src/drivers/rmd_h_driver.cpp.o] Error 1
*** [.pio/build/esp32/src/drivers/rh_driver.cpp.o] Error 1
src/drivers/rmd_x_driver.cpp:6:47: error: 'MotorConfig' does not name a type; did you mean 'gpio_config'?
 RMDXDriver::RMDXDriver(uint8_t motorId, const MotorConfig& config)
                                               ^~~~~~~~~~~
                                               gpio_config
src/drivers/rmd_x_driver.cpp:6:1: error: no declaration matches 'RMDXDriver::RMDXDriver(uint8_t, const int&)'
 RMDXDriver::RMDXDriver(uint8_t motorId, const MotorConfig& config)
 ^~~~~~~~~~
In file included from src/drivers/rmd_x_driver.cpp:1:
src/drivers/rmd_x_driver.h:6:7: note: candidates are: 'constexpr RMDXDriver::RMDXDriver(RMDXDriver&&)'
 class RMDXDriver {
       ^~~~~~~~~~
src/drivers/rmd_x_driver.h:6:7: note:                 'constexpr RMDXDriver::RMDXDriver(const RMDXDriver&)'
src/drivers/rmd_x_driver.h:6:7: note:                 'constexpr RMDXDriver::RMDXDriver()'
src/drivers/rmd_x_driver.h:6:7: note: 'class RMDXDriver' defined here
src/drivers/rmd_x_driver.cpp:11:6: error: no declaration matches 'bool RMDXDriver::init()'
 bool RMDXDriver::init() {
      ^~~~~~~~~~
src/drivers/rmd_x_driver.cpp:11:6: note: no functions named 'bool RMDXDriver::init()'
In file included from src/drivers/rmd_x_driver.cpp:1:
src/drivers/rmd_x_driver.h:6:7: note: 'class RMDXDriver' defined here
 class RMDXDriver {
       ^~~~~~~~~~
src/drivers/rmd_x_driver.cpp:29:6: error: no declaration matches 'void RMDXDriver::deinit()'
 void RMDXDriver::deinit() {
      ^~~~~~~~~~
src/drivers/rmd_x_driver.cpp:29:6: note: no functions named 'void RMDXDriver::deinit()'
In file included from src/drivers/rmd_x_driver.cpp:1:
src/drivers/rmd_x_driver.h:6:7: note: 'class RMDXDriver' defined here
 class RMDXDriver {
       ^~~~~~~~~~
src/drivers/rmd_x_driver.cpp:35:1: error: 'MotorStatus' does not name a type
 MotorStatus RMDXDriver::getStatus() {
 ^~~~~~~~~~~
src/drivers/rmd_x_driver.cpp:39:7: error: no declaration matches 'float RMDXDriver::getTemperature()'
 float RMDXDriver::getTemperature() {
       ^~~~~~~~~~
src/drivers/rmd_x_driver.cpp:39:7: note: no functions named 'float RMDXDriver::getTemperature()'
In file included from src/drivers/rmd_x_driver.cpp:1:
src/drivers/rmd_x_driver.h:6:7: note: 'class RMDXDriver' defined here
 class RMDXDriver {
       ^~~~~~~~~~
src/drivers/rmd_x_driver.cpp:47:9: error: no declaration matches 'int32_t RMDXDriver::getPosition()'
 int32_t RMDXDriver::getPosition() {
         ^~~~~~~~~~
src/drivers/rmd_x_driver.cpp:47:9: note: no functions named 'int32_t RMDXDriver::getPosition()'
In file included from src/drivers/rmd_x_driver.cpp:1:
src/drivers/rmd_x_driver.h:6:7: note: 'class RMDXDriver' defined here
 class RMDXDriver {
       ^~~~~~~~~~
src/drivers/rmd_x_driver.cpp:53:7: error: no declaration matches 'float RMDXDriver::getVelocity()'
 float RMDXDriver::getVelocity() {
       ^~~~~~~~~~
src/drivers/rmd_x_driver.cpp:53:7: note: no functions named 'float RMDXDriver::getVelocity()'
In file included from src/drivers/rmd_x_driver.cpp:1:
src/drivers/rmd_x_driver.h:6:7: note: 'class RMDXDriver' defined here
 class RMDXDriver {
       ^~~~~~~~~~
src/drivers/rmd_x_driver.cpp:59:7: error: no declaration matches 'float RMDXDriver::getCurrent()'
 float RMDXDriver::getCurrent() {
       ^~~~~~~~~~
src/drivers/rmd_x_driver.cpp:59:7: note: no functions named 'float RMDXDriver::getCurrent()'
In file included from src/drivers/rmd_x_driver.cpp:1:
src/drivers/rmd_x_driver.h:6:7: note: 'class RMDXDriver' defined here
 class RMDXDriver {
       ^~~~~~~~~~
src/drivers/rmd_x_driver.cpp:66:6: error: no declaration matches 'void RMDXDriver::setPosition(float)'
 void RMDXDriver::setPosition(float target) {
      ^~~~~~~~~~
src/drivers/rmd_x_driver.cpp:66:6: note: no functions named 'void RMDXDriver::setPosition(float)'
In file included from src/drivers/rmd_x_driver.cpp:1:
src/drivers/rmd_x_driver.h:6:7: note: 'class RMDXDriver' defined here
 class RMDXDriver {
       ^~~~~~~~~~
src/drivers/rmd_x_driver.cpp:73:6: error: no declaration matches 'void RMDXDriver::setVelocity(float)'
 void RMDXDriver::setVelocity(float target) {
      ^~~~~~~~~~
src/drivers/rmd_x_driver.cpp:73:6: note: no functions named 'void RMDXDriver::setVelocity(float)'
In file included from src/drivers/rmd_x_driver.cpp:1:
src/drivers/rmd_x_driver.h:6:7: note: 'class RMDXDriver' defined here
 class RMDXDriver {
       ^~~~~~~~~~
src/drivers/rmd_x_driver.cpp:79:6: error: no declaration matches 'void RMDXDriver::setTorque(float)'
 void RMDXDriver::setTorque(float target) {
      ^~~~~~~~~~
src/drivers/rmd_x_driver.cpp:79:6: note: no functions named 'void RMDXDriver::setTorque(float)'
In file included from src/drivers/rmd_x_driver.cpp:1:
src/drivers/rmd_x_driver.h:6:7: note: 'class RMDXDriver' defined here
 class RMDXDriver {
       ^~~~~~~~~~
src/drivers/rmd_x_driver.cpp:85:6: error: no declaration matches 'void RMDXDriver::enable()'
 void RMDXDriver::enable() {
      ^~~~~~~~~~
src/drivers/rmd_x_driver.cpp:85:6: note: no functions named 'void RMDXDriver::enable()'
In file included from src/drivers/rmd_x_driver.cpp:1:
src/drivers/rmd_x_driver.h:6:7: note: 'class RMDXDriver' defined here
 class RMDXDriver {
       ^~~~~~~~~~
src/drivers/rmd_x_driver.cpp:89:6: error: no declaration matches 'void RMDXDriver::disable()'
 void RMDXDriver::disable() {
      ^~~~~~~~~~
src/drivers/rmd_x_driver.cpp:89:6: note: no functions named 'void RMDXDriver::disable()'
In file included from src/drivers/rmd_x_driver.cpp:1:
src/drivers/rmd_x_driver.h:6:7: note: 'class RMDXDriver' defined here
 class RMDXDriver {
       ^~~~~~~~~~
src/drivers/rmd_x_driver.cpp:95:6: error: no declaration matches 'void RMDXDriver::faultReset()'
 void RMDXDriver::faultReset() {
      ^~~~~~~~~~
src/drivers/rmd_x_driver.cpp:95:6: note: no functions named 'void RMDXDriver::faultReset()'
In file included from src/drivers/rmd_x_driver.cpp:1:
src/drivers/rmd_x_driver.h:6:7: note: 'class RMDXDriver' defined here
 class RMDXDriver {
       ^~~~~~~~~~
src/drivers/rmd_x_driver.cpp:99:6: error: no declaration matches 'void RMDXDriver::setLimits(float, float)'
 void RMDXDriver::setLimits(float maxVelocity, float maxTorque) {
      ^~~~~~~~~~
src/drivers/rmd_x_driver.cpp:99:6: note: no functions named 'void RMDXDriver::setLimits(float, float)'
In file included from src/drivers/rmd_x_driver.cpp:1:
src/drivers/rmd_x_driver.h:6:7: note: 'class RMDXDriver' defined here
 class RMDXDriver {
       ^~~~~~~~~~
src/drivers/rmd_x_driver.cpp:104:6: error: no declaration matches 'void RMDXDriver::setGains(float, float, float)'
 void RMDXDriver::setGains(float kp, float ki, float kd) {
      ^~~~~~~~~~
src/drivers/rmd_x_driver.cpp:104:6: note: no functions named 'void RMDXDriver::setGains(float, float, float)'
In file included from src/drivers/rmd_x_driver.cpp:1:
src/drivers/rmd_x_driver.h:6:7: note: 'class RMDXDriver' defined here
 class RMDXDriver {
       ^~~~~~~~~~
src/drivers/rmd_x_driver.cpp:110:6: error: no declaration matches 'void RMDXDriver::setGearboxRatio(float)'
 void RMDXDriver::setGearboxRatio(float ratio) {
      ^~~~~~~~~~
src/drivers/rmd_x_driver.cpp:110:6: note: no functions named 'void RMDXDriver::setGearboxRatio(float)'
In file included from src/drivers/rmd_x_driver.cpp:1:
src/drivers/rmd_x_driver.h:6:7: note: 'class RMDXDriver' defined here
 class RMDXDriver {
       ^~~~~~~~~~
src/drivers/rmd_x_driver.cpp:114:6: error: no declaration matches 'void RMDXDriver::setBacklashCompensation(float)'
 void RMDXDriver::setBacklashCompensation(float compensation) {
      ^~~~~~~~~~
src/drivers/rmd_x_driver.cpp:114:6: note: no functions named 'void RMDXDriver::setBacklashCompensation(float)'
In file included from src/drivers/rmd_x_driver.cpp:1:
src/drivers/rmd_x_driver.h:6:7: note: 'class RMDXDriver' defined here
 class RMDXDriver {
       ^~~~~~~~~~
*** [.pio/build/esp32/src/drivers/rmd_x_driver.cpp.o] Error 1
========================== [FAILED] Took 1.27 seconds ==========================

Processing esp32s3 (platform: espressif32; board: esp32-s3-devkitc-1; framework: arduino)
--------------------------------------------------------------------------------
Verbose mode can be enabled via `-v, --verbose` option
CONFIGURATION: https://docs.platformio.org/page/boards/espressif32/esp32-s3-devkitc-1.html
PLATFORM: Espressif 32 (7.0.1) > Espressif ESP32-S3-DevKitC-1-N8 (8 MB QD, No PSRAM)
HARDWARE: ESP32S3 240MHz, 320KB RAM, 8MB Flash
DEBUG: Current (esp-builtin) On-board (esp-builtin) External (cmsis-dap, esp-bridge, esp-prog, iot-bus-jtag, jlink, minimodule, olimex-arm-usb-ocd, olimex-arm-usb-ocd-h, olimex-arm-usb-tiny-h, olimex-jtag-tiny, tumpa)
PACKAGES: 
 - framework-arduinoespressif32 @ 3.20017.241212+sha.dcc1105b 
 - tool-esptoolpy @ 2.41100.0 (4.11.0) 
 - toolchain-riscv32-esp @ 8.4.0+2021r2-patch5 
 - toolchain-xtensa-esp32s3 @ 8.4.0+2021r2-patch5
LDF: Library Dependency Finder -> https://bit.ly/configure-pio-ldf
LDF Modes: Finder ~ chain, Compatibility ~ soft
Found 33 compatible libraries
Scanning dependencies...
No dependencies
Building in release mode
Compiling .pio/build/esp32s3/src/drivers/can_bus.cpp.o
Compiling .pio/build/esp32s3/src/drivers/ce_m_driver.cpp.o
Compiling .pio/build/esp32s3/src/drivers/cem_driver.cpp.o
Compiling .pio/build/esp32s3/src/drivers/encoder.cpp.o
Compiling .pio/build/esp32s3/src/drivers/ethercat.cpp.o
Compiling .pio/build/esp32s3/src/drivers/fl_driver.cpp.o
Compiling .pio/build/esp32s3/src/drivers/rh_driver.cpp.o
Compiling .pio/build/esp32s3/src/drivers/rmd_h_driver.cpp.o
Compiling .pio/build/esp32s3/src/drivers/rmd_x_driver.cpp.o
Compiling .pio/build/esp32s3/src/drivers/rs485.cpp.o
Compiling .pio/build/esp32s3/src/main.cpp.o
Compiling .pio/build/esp32s3/src/motor_controller.cpp.o
Compiling .pio/build/esp32s3/src/protocols/pal.cpp.o
Compiling .pio/build/esp32s3/src/utils/config.cpp.o
Compiling .pio/build/esp32s3/src/utils/logger.cpp.o
Building .pio/build/esp32s3/bootloader.bin
Generating partitions .pio/build/esp32s3/partitions.bin
esptool.py v4.11.0
Creating esp32s3 image...
Merged 1 ELF section
Successfully created esp32s3 image.
Compiling .pio/build/esp32s3/FrameworkArduino/Esp.cpp.o
Compiling .pio/build/esp32s3/FrameworkArduino/FirmwareMSC.cpp.o
Compiling .pio/build/esp32s3/FrameworkArduino/FunctionalInterrupt.cpp.o
Compiling .pio/build/esp32s3/FrameworkArduino/HWCDC.cpp.o
Compiling .pio/build/esp32s3/FrameworkArduino/HardwareSerial.cpp.o
Compiling .pio/build/esp32s3/FrameworkArduino/IPAddress.cpp.o
Compiling .pio/build/esp32s3/FrameworkArduino/IPv6Address.cpp.o
In file included from src/protocols/pal.cpp:7:
src/protocols/pal.h:12:10: fatal error: ArduinoJson.h: No such file or directory

*********************************************************************
* Looking for ArduinoJson.h dependency? Check our library registry!
*
* CLI  > platformio lib search "header:ArduinoJson.h"
* Web  > https://registry.platformio.org/search?q=header:ArduinoJson.h
*
*********************************************************************

 #include <ArduinoJson.h>
          ^~~~~~~~~~~~~~~
In file included from src/motor_controller.cpp:2:
src/protocols/pal.h:12:10: fatal error: ArduinoJson.h: No such file or directory

*********************************************************************
* Looking for ArduinoJson.h dependency? Check our library registry!
*
* CLI  > platformio lib search "header:ArduinoJson.h"
* Web  > https://registry.platformio.org/search?q=header:ArduinoJson.h
*
*********************************************************************

 #include <ArduinoJson.h>
          ^~~~~~~~~~~~~~~
compilation terminated.
compilation terminated.
In file included from src/main.cpp:16:
src/protocols/pal.h:12:10: fatal error: ArduinoJson.h: No such file or directory

*********************************************************************
* Looking for ArduinoJson.h dependency? Check our library registry!
*
* CLI  > platformio lib search "header:ArduinoJson.h"
* Web  > https://registry.platformio.org/search?q=header:ArduinoJson.h
*
*********************************************************************

 #include <ArduinoJson.h>
          ^~~~~~~~~~~~~~~
compilation terminated.
Compiling .pio/build/esp32s3/FrameworkArduino/MD5Builder.cpp.o
In file included from src/utils/config.cpp:5:
src/utils/config.h:11:10: fatal error: ArduinoJson.h: No such file or directory

*********************************************************************
* Looking for ArduinoJson.h dependency? Check our library registry!
*
* CLI  > platformio lib search "header:ArduinoJson.h"
* Web  > https://registry.platformio.org/search?q=header:ArduinoJson.h
*
*********************************************************************

 #include <ArduinoJson.h>
          ^~~~~~~~~~~~~~~
compilation terminated.
Compiling .pio/build/esp32s3/FrameworkArduino/Print.cpp.o
*** [.pio/build/esp32s3/src/protocols/pal.cpp.o] Error 1
*** [.pio/build/esp32s3/src/motor_controller.cpp.o] Error 1
*** [.pio/build/esp32s3/src/main.cpp.o] Error 1
*** [.pio/build/esp32s3/src/utils/config.cpp.o] Error 1
In file included from src/drivers/motor_driver.h:3,
                 from src/drivers/cem_driver.h:3,
                 from src/drivers/cem_driver.cpp:1:
src/drivers/cem_driver.cpp: In member function 'virtual void CEMDriver::setTorque(float)':
src/drivers/cem_driver.cpp:65:41: error: 'struct MotorConfig' has no member named 'max_torque'; did you mean 'maxTorque'?
     target = constrain(target, -_config.max_torque, _config.max_torque);
                                         ^~~~~~~~~~
/home/roko/.platformio/packages/framework-arduinoespressif32/cores/esp32/Arduino.h:76:41: note: in definition of macro 'constrain'
 #define constrain(amt,low,high) ((amt)<(low)?(low):((amt)>(high)?(high):(amt)))
                                         ^~~
src/drivers/cem_driver.cpp:65:41: error: 'struct MotorConfig' has no member named 'max_torque'; did you mean 'maxTorque'?
     target = constrain(target, -_config.max_torque, _config.max_torque);
                                         ^~~~~~~~~~
/home/roko/.platformio/packages/framework-arduinoespressif32/cores/esp32/Arduino.h:76:47: note: in definition of macro 'constrain'
 #define constrain(amt,low,high) ((amt)<(low)?(low):((amt)>(high)?(high):(amt)))
                                               ^~~
src/drivers/cem_driver.cpp:65:61: error: 'struct MotorConfig' has no member named 'max_torque'; did you mean 'maxTorque'?
     target = constrain(target, -_config.max_torque, _config.max_torque);
                                                             ^~~~~~~~~~
/home/roko/.platformio/packages/framework-arduinoespressif32/cores/esp32/Arduino.h:76:60: note: in definition of macro 'constrain'
 #define constrain(amt,low,high) ((amt)<(low)?(low):((amt)>(high)?(high):(amt)))
                                                            ^~~~
src/drivers/cem_driver.cpp:65:61: error: 'struct MotorConfig' has no member named 'max_torque'; did you mean 'maxTorque'?
     target = constrain(target, -_config.max_torque, _config.max_torque);
                                                             ^~~~~~~~~~
/home/roko/.platformio/packages/framework-arduinoespressif32/cores/esp32/Arduino.h:76:67: note: in definition of macro 'constrain'
 #define constrain(amt,low,high) ((amt)<(low)?(low):((amt)>(high)?(high):(amt)))
                                                                   ^~~~
src/drivers/cem_driver.cpp: In member function 'virtual void CEMDriver::enable()':
src/drivers/cem_driver.cpp:70:15: error: 'MOTOR_STATUS_ENABLED' was not declared in this scope
     _status = MOTOR_STATUS_ENABLED;
               ^~~~~~~~~~~~~~~~~~~~
src/drivers/cem_driver.cpp:70:15: note: suggested alternative: 'MOTOR_STATUS_DISABLED'
     _status = MOTOR_STATUS_ENABLED;
               ^~~~~~~~~~~~~~~~~~~~
               MOTOR_STATUS_DISABLED
src/drivers/cem_driver.cpp: In member function 'virtual void CEMDriver::setLimits(float, float)':
src/drivers/cem_driver.cpp:84:13: error: 'struct MotorConfig' has no member named 'max_velocity_limit'; did you mean 'maxVelocity'?
     _config.max_velocity_limit = maxVelocity;
             ^~~~~~~~~~~~~~~~~~
             maxVelocity
src/drivers/cem_driver.cpp:85:13: error: 'struct MotorConfig' has no member named 'max_torque_limit'; did you mean 'maxTorque'?
     _config.max_torque_limit = maxTorque;
             ^~~~~~~~~~~~~~~~
             maxTorque
In file included from src/drivers/motor_driver.h:3,
                 from src/drivers/rmd_h_driver.h:3,
                 from src/drivers/rmd_h_driver.cpp:1:
src/drivers/rmd_h_driver.cpp: In member function 'virtual void RMDHDriver::setTorque(float)':
src/drivers/rmd_h_driver.cpp:65:41: error: 'struct MotorConfig' has no member named 'max_torque'; did you mean 'maxTorque'?
     target = constrain(target, -_config.max_torque, _config.max_torque);
                                         ^~~~~~~~~~
/home/roko/.platformio/packages/framework-arduinoespressif32/cores/esp32/Arduino.h:76:41: note: in definition of macro 'constrain'
 #define constrain(amt,low,high) ((amt)<(low)?(low):((amt)>(high)?(high):(amt)))
                                         ^~~
src/drivers/rmd_h_driver.cpp:65:41: error: 'struct MotorConfig' has no member named 'max_torque'; did you mean 'maxTorque'?
     target = constrain(target, -_config.max_torque, _config.max_torque);
                                         ^~~~~~~~~~
/home/roko/.platformio/packages/framework-arduinoespressif32/cores/esp32/Arduino.h:76:47: note: in definition of macro 'constrain'
 #define constrain(amt,low,high) ((amt)<(low)?(low):((amt)>(high)?(high):(amt)))
                                               ^~~
src/drivers/rmd_h_driver.cpp:65:61: error: 'struct MotorConfig' has no member named 'max_torque'; did you mean 'maxTorque'?
     target = constrain(target, -_config.max_torque, _config.max_torque);
                                                             ^~~~~~~~~~
/home/roko/.platformio/packages/framework-arduinoespressif32/cores/esp32/Arduino.h:76:60: note: in definition of macro 'constrain'
 #define constrain(amt,low,high) ((amt)<(low)?(low):((amt)>(high)?(high):(amt)))
                                                            ^~~~
src/drivers/rmd_h_driver.cpp:65:61: error: 'struct MotorConfig' has no member named 'max_torque'; did you mean 'maxTorque'?
     target = constrain(target, -_config.max_torque, _config.max_torque);
                                                             ^~~~~~~~~~
/home/roko/.platformio/packages/framework-arduinoespressif32/cores/esp32/Arduino.h:76:67: note: in definition of macro 'constrain'
 #define constrain(amt,low,high) ((amt)<(low)?(low):((amt)>(high)?(high):(amt)))
                                                                   ^~~~
src/drivers/rmd_h_driver.cpp: In member function 'virtual void RMDHDriver::enable()':
src/drivers/rmd_h_driver.cpp:70:15: error: 'MOTOR_STATUS_ENABLED' was not declared in this scope
     _status = MOTOR_STATUS_ENABLED;
               ^~~~~~~~~~~~~~~~~~~~
*** [.pio/build/esp32s3/src/drivers/cem_driver.cpp.o] Error 1
In file included from src/drivers/motor_driver.h:3,
                 from src/drivers/fl_driver.h:3,
                 from src/drivers/fl_driver.cpp:1:
src/drivers/fl_driver.cpp: In member function 'virtual void FLDriver::setTorque(float)':
src/drivers/fl_driver.cpp:66:41: error: 'struct MotorConfig' has no member named 'max_torque'; did you mean 'maxTorque'?
     target = constrain(target, -_config.max_torque, _config.max_torque);
                                         ^~~~~~~~~~
/home/roko/.platformio/packages/framework-arduinoespressif32/cores/esp32/Arduino.h:76:41: note: in definition of macro 'constrain'
 #define constrain(amt,low,high) ((amt)<(low)?(low):((amt)>(high)?(high):(amt)))
                                         ^~~
src/drivers/fl_driver.cpp:66:41: error: 'struct MotorConfig' has no member named 'max_torque'; did you mean 'maxTorque'?
     target = constrain(target, -_config.max_torque, _config.max_torque);
                                         ^~~~~~~~~~
/home/roko/.platformio/packages/framework-arduinoespressif32/cores/esp32/Arduino.h:76:47: note: in definition of macro 'constrain'
 #define constrain(amt,low,high) ((amt)<(low)?(low):((amt)>(high)?(high):(amt)))
                                               ^~~
src/drivers/fl_driver.cpp:66:61: error: 'struct MotorConfig' has no member named 'max_torque'; did you mean 'maxTorque'?
     target = constrain(target, -_config.max_torque, _config.max_torque);
                                                             ^~~~~~~~~~
/home/roko/.platformio/packages/framework-arduinoespressif32/cores/esp32/Arduino.h:76:60: note: in definition of macro 'constrain'
 #define constrain(amt,low,high) ((amt)<(low)?(low):((amt)>(high)?(high):(amt)))
                                                            ^~~~
src/drivers/fl_driver.cpp:66:61: error: 'struct MotorConfig' has no member named 'max_torque'; did you mean 'maxTorque'?
     target = constrain(target, -_config.max_torque, _config.max_torque);
                                                             ^~~~~~~~~~
/home/roko/.platformio/packages/framework-arduinoespressif32/cores/esp32/Arduino.h:76:67: note: in definition of macro 'constrain'
 #define constrain(amt,low,high) ((amt)<(low)?(low):((amt)>(high)?(high):(amt)))
                                                                   ^~~~
src/drivers/fl_driver.cpp: In member function 'virtual void FLDriver::enable()':
src/drivers/fl_driver.cpp:71:15: error: 'MOTOR_STATUS_ENABLED' was not declared in this scope
     _status = MOTOR_STATUS_ENABLED;
               ^~~~~~~~~~~~~~~~~~~~
src/drivers/rmd_h_driver.cpp:70:15: note: suggested alternative: 'MOTOR_STATUS_DISABLED'
     _status = MOTOR_STATUS_ENABLED;
               ^~~~~~~~~~~~~~~~~~~~
               MOTOR_STATUS_DISABLED
src/drivers/rmd_h_driver.cpp: In member function 'virtual void RMDHDriver::setLimits(float, float)':
src/drivers/rmd_h_driver.cpp:84:13: error: 'struct MotorConfig' has no member named 'max_velocity_limit'; did you mean 'maxVelocity'?
     _config.max_velocity_limit = maxVelocity;
             ^~~~~~~~~~~~~~~~~~
             maxVelocity
src/drivers/rmd_h_driver.cpp:85:13: error: 'struct MotorConfig' has no member named 'max_torque_limit'; did you mean 'maxTorque'?
     _config.max_torque_limit = maxTorque;
             ^~~~~~~~~~~~~~~~
             maxTorque
In file included from src/drivers/motor_driver.h:3,
                 from src/drivers/rh_driver.h:3,
                 from src/drivers/rh_driver.cpp:1:
src/drivers/rh_driver.cpp: In member function 'virtual void RHDriver::setTorque(float)':
src/drivers/rh_driver.cpp:56:41: error: 'struct MotorConfig' has no member named 'max_torque'; did you mean 'maxTorque'?
     target = constrain(target, -_config.max_torque, _config.max_torque);
                                         ^~~~~~~~~~
/home/roko/.platformio/packages/framework-arduinoespressif32/cores/esp32/Arduino.h:76:41: note: in definition of macro 'constrain'
 #define constrain(amt,low,high) ((amt)<(low)?(low):((amt)>(high)?(high):(amt)))
                                         ^~~
src/drivers/rh_driver.cpp:56:41: error: 'struct MotorConfig' has no member named 'max_torque'; did you mean 'maxTorque'?
     target = constrain(target, -_config.max_torque, _config.max_torque);
                                         ^~~~~~~~~~
/home/roko/.platformio/packages/framework-arduinoespressif32/cores/esp32/Arduino.h:76:47: note: in definition of macro 'constrain'
 #define constrain(amt,low,high) ((amt)<(low)?(low):((amt)>(high)?(high):(amt)))
                                               ^~~
src/drivers/rh_driver.cpp:56:61: error: 'struct MotorConfig' has no member named 'max_torque'; did you mean 'maxTorque'?
     target = constrain(target, -_config.max_torque, _config.max_torque);
                                                             ^~~~~~~~~~
/home/roko/.platformio/packages/framework-arduinoespressif32/cores/esp32/Arduino.h:76:60: note: in definition of macro 'constrain'
 #define constrain(amt,low,high) ((amt)<(low)?(low):((amt)>(high)?(high):(amt)))
                                                            ^~~~
src/drivers/rh_driver.cpp:56:61: error: 'struct MotorConfig' has no member named 'max_torque'; did you mean 'maxTorque'?
     target = constrain(target, -_config.max_torque, _config.max_torque);
                                                             ^~~~~~~~~~
/home/roko/.platformio/packages/framework-arduinoespressif32/cores/esp32/Arduino.h:76:67: note: in definition of macro 'constrain'
 #define constrain(amt,low,high) ((amt)<(low)?(low):((amt)>(high)?(high):(amt)))
                                                                   ^~~~
src/drivers/rh_driver.cpp: In member function 'virtual void RHDriver::enable()':
src/drivers/rh_driver.cpp:60:37: error: 'MOTOR_STATUS_ENABLED' was not declared in this scope
 void RHDriver::enable() { _status = MOTOR_STATUS_ENABLED; }
                                     ^~~~~~~~~~~~~~~~~~~~
src/drivers/fl_driver.cpp:71:15: note: suggested alternative: 'MOTOR_STATUS_DISABLED'
     _status = MOTOR_STATUS_ENABLED;
               ^~~~~~~~~~~~~~~~~~~~
               MOTOR_STATUS_DISABLED
src/drivers/fl_driver.cpp: In member function 'virtual void FLDriver::setLimits(float, float)':
src/drivers/fl_driver.cpp:85:13: error: 'struct MotorConfig' has no member named 'max_velocity_limit'; did you mean 'maxVelocity'?
     _config.max_velocity_limit = maxVelocity;
             ^~~~~~~~~~~~~~~~~~
             maxVelocity
src/drivers/fl_driver.cpp:86:13: error: 'struct MotorConfig' has no member named 'max_torque_limit'; did you mean 'maxTorque'?
     _config.max_torque_limit = maxTorque;
             ^~~~~~~~~~~~~~~~
             maxTorque
src/drivers/rmd_x_driver.cpp:6:47: error: 'MotorConfig' does not name a type; did you mean 'gpio_config'?
 RMDXDriver::RMDXDriver(uint8_t motorId, const MotorConfig& config)
                                               ^~~~~~~~~~~
                                               gpio_config
src/drivers/rmd_x_driver.cpp:6:1: error: no declaration matches 'RMDXDriver::RMDXDriver(uint8_t, const int&)'
 RMDXDriver::RMDXDriver(uint8_t motorId, const MotorConfig& config)
 ^~~~~~~~~~
In file included from src/drivers/rmd_x_driver.cpp:1:
src/drivers/rmd_x_driver.h:6:7: note: candidates are: 'constexpr RMDXDriver::RMDXDriver(RMDXDriver&&)'
 class RMDXDriver {
       ^~~~~~~~~~
src/drivers/rmd_x_driver.h:6:7: note:                 'constexpr RMDXDriver::RMDXDriver(const RMDXDriver&)'
src/drivers/rmd_x_driver.h:6:7: note:                 'constexpr RMDXDriver::RMDXDriver()'
src/drivers/rmd_x_driver.h:6:7: note: 'class RMDXDriver' defined here
src/drivers/rmd_x_driver.cpp:11:6: error: no declaration matches 'bool RMDXDriver::init()'
 bool RMDXDriver::init() {
      ^~~~~~~~~~
src/drivers/rmd_x_driver.cpp:11:6: note: no functions named 'bool RMDXDriver::init()'
In file included from src/drivers/rmd_x_driver.cpp:1:
src/drivers/rmd_x_driver.h:6:7: note: 'class RMDXDriver' defined here
 class RMDXDriver {
       ^~~~~~~~~~
src/drivers/rmd_x_driver.cpp:29:6: error: no declaration matches 'void RMDXDriver::deinit()'
 void RMDXDriver::deinit() {
      ^~~~~~~~~~
src/drivers/rmd_x_driver.cpp:29:6: note: no functions named 'void RMDXDriver::deinit()'
In file included from src/drivers/rmd_x_driver.cpp:1:
src/drivers/rmd_x_driver.h:6:7: note: 'class RMDXDriver' defined here
 class RMDXDriver {
       ^~~~~~~~~~
src/drivers/rh_driver.cpp:60:37: note: suggested alternative: 'MOTOR_STATUS_DISABLED'
 void RHDriver::enable() { _status = MOTOR_STATUS_ENABLED; }
                                     ^~~~~~~~~~~~~~~~~~~~
                                     MOTOR_STATUS_DISABLED
src/drivers/rmd_x_driver.cpp:35:1: error: 'MotorStatus' does not name a type
 MotorStatus RMDXDriver::getStatus() {
 ^~~~~~~~~~~
src/drivers/rmd_x_driver.cpp:39:7: error: no declaration matches 'float RMDXDriver::getTemperature()'
 float RMDXDriver::getTemperature() {
       ^~~~~~~~~~
src/drivers/rmd_x_driver.cpp:39:7: note: no functions named 'float RMDXDriver::getTemperature()'
In file included from src/drivers/rmd_x_driver.cpp:1:
src/drivers/rmd_x_driver.h:6:7: note: 'class RMDXDriver' defined here
 class RMDXDriver {
       ^~~~~~~~~~
src/drivers/rmd_x_driver.cpp:47:9: error: no declaration matches 'int32_t RMDXDriver::getPosition()'
 int32_t RMDXDriver::getPosition() {
         ^~~~~~~~~~
src/drivers/rmd_x_driver.cpp:47:9: note: no functions named 'int32_t RMDXDriver::getPosition()'
In file included from src/drivers/rmd_x_driver.cpp:1:
src/drivers/rmd_x_driver.h:6:7: note: 'class RMDXDriver' defined here
 class RMDXDriver {
       ^~~~~~~~~~
src/drivers/rmd_x_driver.cpp:53:7: error: no declaration matches 'float RMDXDriver::getVelocity()'
 float RMDXDriver::getVelocity() {
       ^~~~~~~~~~
src/drivers/rmd_x_driver.cpp:53:7: note: no functions named 'float RMDXDriver::getVelocity()'
In file included from src/drivers/rmd_x_driver.cpp:1:
src/drivers/rmd_x_driver.h:6:7: note: 'class RMDXDriver' defined here
 class RMDXDriver {
       ^~~~~~~~~~
src/drivers/rmd_x_driver.cpp:59:7: error: no declaration matches 'float RMDXDriver::getCurrent()'
 float RMDXDriver::getCurrent() {
       ^~~~~~~~~~
src/drivers/rmd_x_driver.cpp:59:7: note: no functions named 'float RMDXDriver::getCurrent()'
In file included from src/drivers/rmd_x_driver.cpp:1:
src/drivers/rmd_x_driver.h:6:7: note: 'class RMDXDriver' defined here
 class RMDXDriver {
       ^~~~~~~~~~
src/drivers/rmd_x_driver.cpp:66:6: error: no declaration matches 'void RMDXDriver::setPosition(float)'
 void RMDXDriver::setPosition(float target) {
      ^~~~~~~~~~
src/drivers/rmd_x_driver.cpp:66:6: note: no functions named 'void RMDXDriver::setPosition(float)'
In file included from src/drivers/rmd_x_driver.cpp:1:
src/drivers/rmd_x_driver.h:6:7: note: 'class RMDXDriver' defined here
 class RMDXDriver {
       ^~~~~~~~~~
src/drivers/rmd_x_driver.cpp:73:6: error: no declaration matches 'void RMDXDriver::setVelocity(float)'
 void RMDXDriver::setVelocity(float target) {
      ^~~~~~~~~~
src/drivers/rmd_x_driver.cpp:73:6: note: no functions named 'void RMDXDriver::setVelocity(float)'
In file included from src/drivers/rmd_x_driver.cpp:1:
src/drivers/rmd_x_driver.h:6:7: note: 'class RMDXDriver' defined here
 class RMDXDriver {
       ^~~~~~~~~~
src/drivers/rmd_x_driver.cpp:79:6: error: no declaration matches 'void RMDXDriver::setTorque(float)'
 void RMDXDriver::setTorque(float target) {
      ^~~~~~~~~~
src/drivers/rmd_x_driver.cpp:79:6: note: no functions named 'void RMDXDriver::setTorque(float)'
In file included from src/drivers/rmd_x_driver.cpp:1:
src/drivers/rmd_x_driver.h:6:7: note: 'class RMDXDriver' defined here
 class RMDXDriver {
       ^~~~~~~~~~
src/drivers/rmd_x_driver.cpp:85:6: error: no declaration matches 'void RMDXDriver::enable()'
 void RMDXDriver::enable() {
      ^~~~~~~~~~
src/drivers/rmd_x_driver.cpp:85:6: note: no functions named 'void RMDXDriver::enable()'
In file included from src/drivers/rmd_x_driver.cpp:1:
src/drivers/rmd_x_driver.h:6:7: note: 'class RMDXDriver' defined here
 class RMDXDriver {
       ^~~~~~~~~~
src/drivers/rmd_x_driver.cpp:89:6: error: no declaration matches 'void RMDXDriver::disable()'
 void RMDXDriver::disable() {
      ^~~~~~~~~~
src/drivers/rmd_x_driver.cpp:89:6: note: no functions named 'void RMDXDriver::disable()'
In file included from src/drivers/rmd_x_driver.cpp:1:
src/drivers/rmd_x_driver.h:6:7: note: 'class RMDXDriver' defined here
 class RMDXDriver {
       ^~~~~~~~~~
src/drivers/rmd_x_driver.cpp:95:6: error: no declaration matches 'void RMDXDriver::faultReset()'
 void RMDXDriver::faultReset() {
      ^~~~~~~~~~
src/drivers/rmd_x_driver.cpp:95:6: note: no functions named 'void RMDXDriver::faultReset()'
In file included from src/drivers/rmd_x_driver.cpp:1:
src/drivers/rmd_x_driver.h:6:7: note: 'class RMDXDriver' defined here
 class RMDXDriver {
       ^~~~~~~~~~
src/drivers/rh_driver.cpp: In member function 'virtual void RHDriver::setLimits(float, float)':
src/drivers/rh_driver.cpp:69:13: error: 'struct MotorConfig' has no member named 'max_velocity_limit'; did you mean 'maxVelocity'?
     _config.max_velocity_limit = maxVelocity;
             ^~~~~~~~~~~~~~~~~~
             maxVelocity
src/drivers/rmd_x_driver.cpp:99:6: error: no declaration matches 'void RMDXDriver::setLimits(float, float)'
 void RMDXDriver::setLimits(float maxVelocity, float maxTorque) {
      ^~~~~~~~~~
src/drivers/rmd_x_driver.cpp:99:6: note: no functions named 'void RMDXDriver::setLimits(float, float)'
In file included from src/drivers/rmd_x_driver.cpp:1:
src/drivers/rmd_x_driver.h:6:7: note: 'class RMDXDriver' defined here
 class RMDXDriver {
       ^~~~~~~~~~
src/drivers/rh_driver.cpp:70:13: error: 'struct MotorConfig' has no member named 'max_torque_limit'; did you mean 'maxTorque'?
     _config.max_torque_limit = maxTorque;
             ^~~~~~~~~~~~~~~~
             maxTorque
src/drivers/rmd_x_driver.cpp:104:6: error: no declaration matches 'void RMDXDriver::setGains(float, float, float)'
 void RMDXDriver::setGains(float kp, float ki, float kd) {
      ^~~~~~~~~~
src/drivers/rmd_x_driver.cpp:104:6: note: no functions named 'void RMDXDriver::setGains(float, float, float)'
In file included from src/drivers/rmd_x_driver.cpp:1:
src/drivers/rmd_x_driver.h:6:7: note: 'class RMDXDriver' defined here
 class RMDXDriver {
       ^~~~~~~~~~
src/drivers/rmd_x_driver.cpp:110:6: error: no declaration matches 'void RMDXDriver::setGearboxRatio(float)'
 void RMDXDriver::setGearboxRatio(float ratio) {
      ^~~~~~~~~~
src/drivers/rmd_x_driver.cpp:110:6: note: no functions named 'void RMDXDriver::setGearboxRatio(float)'
In file included from src/drivers/rmd_x_driver.cpp:1:
src/drivers/rmd_x_driver.h:6:7: note: 'class RMDXDriver' defined here
 class RMDXDriver {
       ^~~~~~~~~~
src/drivers/rmd_x_driver.cpp:114:6: error: no declaration matches 'void RMDXDriver::setBacklashCompensation(float)'
 void RMDXDriver::setBacklashCompensation(float compensation) {
      ^~~~~~~~~~
src/drivers/rmd_x_driver.cpp:114:6: note: no functions named 'void RMDXDriver::setBacklashCompensation(float)'
In file included from src/drivers/rmd_x_driver.cpp:1:
src/drivers/rmd_x_driver.h:6:7: note: 'class RMDXDriver' defined here
 class RMDXDriver {
       ^~~~~~~~~~
*** [.pio/build/esp32s3/src/drivers/rmd_h_driver.cpp.o] Error 1
*** [.pio/build/esp32s3/src/drivers/fl_driver.cpp.o] Error 1
*** [.pio/build/esp32s3/src/drivers/rmd_x_driver.cpp.o] Error 1
*** [.pio/build/esp32s3/src/drivers/rh_driver.cpp.o] Error 1
========================== [FAILED] Took 1.25 seconds ==========================

Processing esp32c3 (platform: espressif32; board: esp32-c3-devkitm-1; framework: arduino)
--------------------------------------------------------------------------------
Verbose mode can be enabled via `-v, --verbose` option
CONFIGURATION: https://docs.platformio.org/page/boards/espressif32/esp32-c3-devkitm-1.html
PLATFORM: Espressif 32 (7.0.1) > Espressif ESP32-C3-DevKitM-1
HARDWARE: ESP32C3 160MHz, 320KB RAM, 4MB Flash
DEBUG: Current (cmsis-dap) External (cmsis-dap, esp-bridge, esp-builtin, esp-prog, iot-bus-jtag, jlink, minimodule, olimex-arm-usb-ocd, olimex-arm-usb-ocd-h, olimex-arm-usb-tiny-h, olimex-jtag-tiny, tumpa)
PACKAGES: 
 - framework-arduinoespressif32 @ 3.20017.241212+sha.dcc1105b 
 - tool-esptoolpy @ 2.41100.0 (4.11.0) 
 - toolchain-riscv32-esp @ 8.4.0+2021r2-patch5
LDF: Library Dependency Finder -> https://bit.ly/configure-pio-ldf
LDF Modes: Finder ~ chain, Compatibility ~ soft
Found 33 compatible libraries
Scanning dependencies...
No dependencies
Building in release mode
Compiling .pio/build/esp32c3/src/drivers/can_bus.cpp.o
Compiling .pio/build/esp32c3/src/drivers/ce_m_driver.cpp.o
Compiling .pio/build/esp32c3/src/drivers/cem_driver.cpp.o
Compiling .pio/build/esp32c3/src/drivers/encoder.cpp.o
Compiling .pio/build/esp32c3/src/drivers/ethercat.cpp.o
Compiling .pio/build/esp32c3/src/drivers/fl_driver.cpp.o
Compiling .pio/build/esp32c3/src/drivers/rh_driver.cpp.o
Compiling .pio/build/esp32c3/src/drivers/rmd_h_driver.cpp.o
Compiling .pio/build/esp32c3/src/drivers/rmd_x_driver.cpp.o
Compiling .pio/build/esp32c3/src/drivers/rs485.cpp.o
Compiling .pio/build/esp32c3/src/main.cpp.o
Compiling .pio/build/esp32c3/src/motor_controller.cpp.o
Compiling .pio/build/esp32c3/src/protocols/pal.cpp.o
Compiling .pio/build/esp32c3/src/utils/config.cpp.o
Compiling .pio/build/esp32c3/src/utils/logger.cpp.o
Building .pio/build/esp32c3/bootloader.bin
Generating partitions .pio/build/esp32c3/partitions.bin
esptool.py v4.11.0
Creating esp32c3 image...
Merged 1 ELF section
Successfully created esp32c3 image.
Compiling .pio/build/esp32c3/FrameworkArduino/Esp.cpp.o
Compiling .pio/build/esp32c3/FrameworkArduino/FirmwareMSC.cpp.o
Compiling .pio/build/esp32c3/FrameworkArduino/FunctionalInterrupt.cpp.o
Compiling .pio/build/esp32c3/FrameworkArduino/HWCDC.cpp.o
Compiling .pio/build/esp32c3/FrameworkArduino/HardwareSerial.cpp.o
Compiling .pio/build/esp32c3/FrameworkArduino/IPAddress.cpp.o
Compiling .pio/build/esp32c3/FrameworkArduino/IPv6Address.cpp.o
Compiling .pio/build/esp32c3/FrameworkArduino/MD5Builder.cpp.o
Compiling .pio/build/esp32c3/FrameworkArduino/Print.cpp.o
Compiling .pio/build/esp32c3/FrameworkArduino/Stream.cpp.o
Compiling .pio/build/esp32c3/FrameworkArduino/StreamString.cpp.o
Compiling .pio/build/esp32c3/FrameworkArduino/Tone.cpp.o
Compiling .pio/build/esp32c3/FrameworkArduino/USB.cpp.o
Compiling .pio/build/esp32c3/FrameworkArduino/USBCDC.cpp.o
Compiling .pio/build/esp32c3/FrameworkArduino/USBMSC.cpp.o
Compiling .pio/build/esp32c3/FrameworkArduino/WMath.cpp.o
Compiling .pio/build/esp32c3/FrameworkArduino/WString.cpp.o
Compiling .pio/build/esp32c3/FrameworkArduino/base64.cpp.o
Compiling .pio/build/esp32c3/FrameworkArduino/cbuf.cpp.o
Compiling .pio/build/esp32c3/FrameworkArduino/esp32-hal-adc.c.o
Compiling .pio/build/esp32c3/FrameworkArduino/esp32-hal-bt.c.o
Compiling .pio/build/esp32c3/FrameworkArduino/esp32-hal-cpu.c.o
Compiling .pio/build/esp32c3/FrameworkArduino/esp32-hal-dac.c.o
Compiling .pio/build/esp32c3/FrameworkArduino/esp32-hal-gpio.c.o
Compiling .pio/build/esp32c3/FrameworkArduino/esp32-hal-i2c-slave.c.o
Compiling .pio/build/esp32c3/FrameworkArduino/esp32-hal-i2c.c.o
Compiling .pio/build/esp32c3/FrameworkArduino/esp32-hal-ledc.c.o
In file included from src/main.cpp:16:
src/protocols/pal.h:12:10: fatal error: ArduinoJson.h: No such file or directory

*********************************************************************
* Looking for ArduinoJson.h dependency? Check our library registry!
*
* CLI  > platformio lib search "header:ArduinoJson.h"
* Web  > https://registry.platformio.org/search?q=header:ArduinoJson.h
*
*********************************************************************

 #include <ArduinoJson.h>
          ^~~~~~~~~~~~~~~
In file included from src/utils/config.cpp:5:
src/utils/config.h:11:10: fatal error: ArduinoJson.h: No such file or directory

*********************************************************************
* Looking for ArduinoJson.h dependency? Check our library registry!
*
* CLI  > platformio lib search "header:ArduinoJson.h"
* Web  > https://registry.platformio.org/search?q=header:ArduinoJson.h
*
*********************************************************************

 #include <ArduinoJson.h>
          ^~~~~~~~~~~~~~~
In file included from src/protocols/pal.cpp:7:
src/protocols/pal.h:12:10: fatal error: ArduinoJson.h: No such file or directory

*********************************************************************
* Looking for ArduinoJson.h dependency? Check our library registry!
*
* CLI  > platformio lib search "header:ArduinoJson.h"
* Web  > https://registry.platformio.org/search?q=header:ArduinoJson.h
*
*********************************************************************

 #include <ArduinoJson.h>
          ^~~~~~~~~~~~~~~
In file included from src/motor_controller.cpp:2:
src/protocols/pal.h:12:10: fatal error: ArduinoJson.h: No such file or directory

*********************************************************************
* Looking for ArduinoJson.h dependency? Check our library registry!
*
* CLI  > platformio lib search "header:ArduinoJson.h"
* Web  > https://registry.platformio.org/search?q=header:ArduinoJson.h
*
*********************************************************************

 #include <ArduinoJson.h>
          ^~~~~~~~~~~~~~~
compilation terminated.
compilation terminated.
compilation terminated.
compilation terminated.
Compiling .pio/build/esp32c3/FrameworkArduino/esp32-hal-matrix.c.o
*** [.pio/build/esp32c3/src/main.cpp.o] Error 1
*** [.pio/build/esp32c3/src/utils/config.cpp.o] Error 1
*** [.pio/build/esp32c3/src/motor_controller.cpp.o] Error 1
*** [.pio/build/esp32c3/src/protocols/pal.cpp.o] Error 1
In file included from src/drivers/motor_driver.h:3,
                 from src/drivers/fl_driver.h:3,
                 from src/drivers/fl_driver.cpp:1:
src/drivers/fl_driver.cpp: In member function 'virtual void FLDriver::setTorque(float)':
src/drivers/fl_driver.cpp:66:41: error: 'struct MotorConfig' has no member named 'max_torque'; did you mean 'maxTorque'?
     target = constrain(target, -_config.max_torque, _config.max_torque);
                                         ^~~~~~~~~~
/home/roko/.platformio/packages/framework-arduinoespressif32/cores/esp32/Arduino.h:76:41: note: in definition of macro 'constrain'
 #define constrain(amt,low,high) ((amt)<(low)?(low):((amt)>(high)?(high):(amt)))
                                         ^~~
src/drivers/fl_driver.cpp:66:41: error: 'struct MotorConfig' has no member named 'max_torque'; did you mean 'maxTorque'?
     target = constrain(target, -_config.max_torque, _config.max_torque);
                                         ^~~~~~~~~~
/home/roko/.platformio/packages/framework-arduinoespressif32/cores/esp32/Arduino.h:76:47: note: in definition of macro 'constrain'
 #define constrain(amt,low,high) ((amt)<(low)?(low):((amt)>(high)?(high):(amt)))
                                               ^~~
src/drivers/fl_driver.cpp:66:61: error: 'struct MotorConfig' has no member named 'max_torque'; did you mean 'maxTorque'?
     target = constrain(target, -_config.max_torque, _config.max_torque);
                                                             ^~~~~~~~~~
/home/roko/.platformio/packages/framework-arduinoespressif32/cores/esp32/Arduino.h:76:60: note: in definition of macro 'constrain'
 #define constrain(amt,low,high) ((amt)<(low)?(low):((amt)>(high)?(high):(amt)))
                                                            ^~~~
src/drivers/fl_driver.cpp:66:61: error: 'struct MotorConfig' has no member named 'max_torque'; did you mean 'maxTorque'?
     target = constrain(target, -_config.max_torque, _config.max_torque);
                                                             ^~~~~~~~~~
/home/roko/.platformio/packages/framework-arduinoespressif32/cores/esp32/Arduino.h:76:67: note: in definition of macro 'constrain'
 #define constrain(amt,low,high) ((amt)<(low)?(low):((amt)>(high)?(high):(amt)))
                                                                   ^~~~
src/drivers/fl_driver.cpp: In member function 'virtual void FLDriver::enable()':
src/drivers/fl_driver.cpp:71:15: error: 'MOTOR_STATUS_ENABLED' was not declared in this scope
     _status = MOTOR_STATUS_ENABLED;
               ^~~~~~~~~~~~~~~~~~~~
In file included from src/drivers/motor_driver.h:3,
                 from src/drivers/cem_driver.h:3,
                 from src/drivers/cem_driver.cpp:1:
src/drivers/cem_driver.cpp: In member function 'virtual void CEMDriver::setTorque(float)':
src/drivers/cem_driver.cpp:65:41: error: 'struct MotorConfig' has no member named 'max_torque'; did you mean 'maxTorque'?
     target = constrain(target, -_config.max_torque, _config.max_torque);
                                         ^~~~~~~~~~
/home/roko/.platformio/packages/framework-arduinoespressif32/cores/esp32/Arduino.h:76:41: note: in definition of macro 'constrain'
 #define constrain(amt,low,high) ((amt)<(low)?(low):((amt)>(high)?(high):(amt)))
                                         ^~~
src/drivers/cem_driver.cpp:65:41: error: 'struct MotorConfig' has no member named 'max_torque'; did you mean 'maxTorque'?
     target = constrain(target, -_config.max_torque, _config.max_torque);
                                         ^~~~~~~~~~
/home/roko/.platformio/packages/framework-arduinoespressif32/cores/esp32/Arduino.h:76:47: note: in definition of macro 'constrain'
 #define constrain(amt,low,high) ((amt)<(low)?(low):((amt)>(high)?(high):(amt)))
                                               ^~~
src/drivers/cem_driver.cpp:65:61: error: 'struct MotorConfig' has no member named 'max_torque'; did you mean 'maxTorque'?
     target = constrain(target, -_config.max_torque, _config.max_torque);
                                                             ^~~~~~~~~~
/home/roko/.platformio/packages/framework-arduinoespressif32/cores/esp32/Arduino.h:76:60: note: in definition of macro 'constrain'
 #define constrain(amt,low,high) ((amt)<(low)?(low):((amt)>(high)?(high):(amt)))
                                                            ^~~~
src/drivers/cem_driver.cpp:65:61: error: 'struct MotorConfig' has no member named 'max_torque'; did you mean 'maxTorque'?
     target = constrain(target, -_config.max_torque, _config.max_torque);
                                                             ^~~~~~~~~~
/home/roko/.platformio/packages/framework-arduinoespressif32/cores/esp32/Arduino.h:76:67: note: in definition of macro 'constrain'
 #define constrain(amt,low,high) ((amt)<(low)?(low):((amt)>(high)?(high):(amt)))
                                                                   ^~~~
src/drivers/cem_driver.cpp: In member function 'virtual void CEMDriver::enable()':
src/drivers/cem_driver.cpp:70:15: error: 'MOTOR_STATUS_ENABLED' was not declared in this scope
     _status = MOTOR_STATUS_ENABLED;
               ^~~~~~~~~~~~~~~~~~~~
src/drivers/fl_driver.cpp:71:15: note: suggested alternative: 'MOTOR_STATUS_DISABLED'
     _status = MOTOR_STATUS_ENABLED;
               ^~~~~~~~~~~~~~~~~~~~
               MOTOR_STATUS_DISABLED
src/drivers/fl_driver.cpp: In member function 'virtual void FLDriver::setLimits(float, float)':
src/drivers/fl_driver.cpp:85:13: error: 'struct MotorConfig' has no member named 'max_velocity_limit'; did you mean 'maxVelocity'?
     _config.max_velocity_limit = maxVelocity;
             ^~~~~~~~~~~~~~~~~~
             maxVelocity
src/drivers/fl_driver.cpp:86:13: error: 'struct MotorConfig' has no member named 'max_torque_limit'; did you mean 'maxTorque'?
     _config.max_torque_limit = maxTorque;
             ^~~~~~~~~~~~~~~~
             maxTorque
src/drivers/cem_driver.cpp:70:15: note: suggested alternative: 'MOTOR_STATUS_DISABLED'
     _status = MOTOR_STATUS_ENABLED;
               ^~~~~~~~~~~~~~~~~~~~
               MOTOR_STATUS_DISABLED
src/drivers/cem_driver.cpp: In member function 'virtual void CEMDriver::setLimits(float, float)':
src/drivers/cem_driver.cpp:84:13: error: 'struct MotorConfig' has no member named 'max_velocity_limit'; did you mean 'maxVelocity'?
     _config.max_velocity_limit = maxVelocity;
             ^~~~~~~~~~~~~~~~~~
             maxVelocity
src/drivers/cem_driver.cpp:85:13: error: 'struct MotorConfig' has no member named 'max_torque_limit'; did you mean 'maxTorque'?
     _config.max_torque_limit = maxTorque;
             ^~~~~~~~~~~~~~~~
             maxTorque
src/drivers/rmd_x_driver.cpp:6:47: error: 'MotorConfig' does not name a type; did you mean 'gpio_config'?
 RMDXDriver::RMDXDriver(uint8_t motorId, const MotorConfig& config)
                                               ^~~~~~~~~~~
                                               gpio_config
src/drivers/rmd_x_driver.cpp:6:1: error: no declaration matches 'RMDXDriver::RMDXDriver(uint8_t, const int&)'
 RMDXDriver::RMDXDriver(uint8_t motorId, const MotorConfig& config)
 ^~~~~~~~~~
In file included from src/drivers/rmd_x_driver.cpp:1:
src/drivers/rmd_x_driver.h:6:7: note: candidates are: 'constexpr RMDXDriver::RMDXDriver(RMDXDriver&&)'
 class RMDXDriver {
       ^~~~~~~~~~
src/drivers/rmd_x_driver.h:6:7: note:                 'constexpr RMDXDriver::RMDXDriver(const RMDXDriver&)'
src/drivers/rmd_x_driver.h:6:7: note:                 'constexpr RMDXDriver::RMDXDriver()'
src/drivers/rmd_x_driver.h:6:7: note: 'class RMDXDriver' defined here
src/drivers/rmd_x_driver.cpp:11:6: error: no declaration matches 'bool RMDXDriver::init()'
 bool RMDXDriver::init() {
      ^~~~~~~~~~
src/drivers/rmd_x_driver.cpp:11:6: note: no functions named 'bool RMDXDriver::init()'
In file included from src/drivers/rmd_x_driver.cpp:1:
src/drivers/rmd_x_driver.h:6:7: note: 'class RMDXDriver' defined here
 class RMDXDriver {
       ^~~~~~~~~~
src/drivers/rmd_x_driver.cpp:29:6: error: no declaration matches 'void RMDXDriver::deinit()'
 void RMDXDriver::deinit() {
      ^~~~~~~~~~
src/drivers/rmd_x_driver.cpp:29:6: note: no functions named 'void RMDXDriver::deinit()'
In file included from src/drivers/rmd_x_driver.cpp:1:
src/drivers/rmd_x_driver.h:6:7: note: 'class RMDXDriver' defined here
 class RMDXDriver {
       ^~~~~~~~~~
src/drivers/rmd_x_driver.cpp:35:1: error: 'MotorStatus' does not name a type
 MotorStatus RMDXDriver::getStatus() {
 ^~~~~~~~~~~
src/drivers/rmd_x_driver.cpp:39:7: error: no declaration matches 'float RMDXDriver::getTemperature()'
 float RMDXDriver::getTemperature() {
       ^~~~~~~~~~
src/drivers/rmd_x_driver.cpp:39:7: note: no functions named 'float RMDXDriver::getTemperature()'
In file included from src/drivers/rmd_x_driver.cpp:1:
src/drivers/rmd_x_driver.h:6:7: note: 'class RMDXDriver' defined here
 class RMDXDriver {
       ^~~~~~~~~~
src/drivers/rmd_x_driver.cpp:47:9: error: no declaration matches 'int32_t RMDXDriver::getPosition()'
 int32_t RMDXDriver::getPosition() {
         ^~~~~~~~~~
src/drivers/rmd_x_driver.cpp:47:9: note: no functions named 'int32_t RMDXDriver::getPosition()'
In file included from src/drivers/rmd_x_driver.cpp:1:
src/drivers/rmd_x_driver.h:6:7: note: 'class RMDXDriver' defined here
 class RMDXDriver {
       ^~~~~~~~~~
src/drivers/rmd_x_driver.cpp:53:7: error: no declaration matches 'float RMDXDriver::getVelocity()'
 float RMDXDriver::getVelocity() {
       ^~~~~~~~~~
src/drivers/rmd_x_driver.cpp:53:7: note: no functions named 'float RMDXDriver::getVelocity()'
In file included from src/drivers/rmd_x_driver.cpp:1:
src/drivers/rmd_x_driver.h:6:7: note: 'class RMDXDriver' defined here
 class RMDXDriver {
       ^~~~~~~~~~
src/drivers/rmd_x_driver.cpp:59:7: error: no declaration matches 'float RMDXDriver::getCurrent()'
 float RMDXDriver::getCurrent() {
       ^~~~~~~~~~
src/drivers/rmd_x_driver.cpp:59:7: note: no functions named 'float RMDXDriver::getCurrent()'
In file included from src/drivers/rmd_x_driver.cpp:1:
src/drivers/rmd_x_driver.h:6:7: note: 'class RMDXDriver' defined here
 class RMDXDriver {
       ^~~~~~~~~~
src/drivers/rmd_x_driver.cpp:66:6: error: no declaration matches 'void RMDXDriver::setPosition(float)'
 void RMDXDriver::setPosition(float target) {
      ^~~~~~~~~~
src/drivers/rmd_x_driver.cpp:66:6: note: no functions named 'void RMDXDriver::setPosition(float)'
In file included from src/drivers/rmd_x_driver.cpp:1:
src/drivers/rmd_x_driver.h:6:7: note: 'class RMDXDriver' defined here
 class RMDXDriver {
       ^~~~~~~~~~
src/drivers/rmd_x_driver.cpp:73:6: error: no declaration matches 'void RMDXDriver::setVelocity(float)'
 void RMDXDriver::setVelocity(float target) {
      ^~~~~~~~~~
src/drivers/rmd_x_driver.cpp:73:6: note: no functions named 'void RMDXDriver::setVelocity(float)'
In file included from src/drivers/rmd_x_driver.cpp:1:
src/drivers/rmd_x_driver.h:6:7: note: 'class RMDXDriver' defined here
 class RMDXDriver {
       ^~~~~~~~~~
src/drivers/rmd_x_driver.cpp:79:6: error: no declaration matches 'void RMDXDriver::setTorque(float)'
 void RMDXDriver::setTorque(float target) {
      ^~~~~~~~~~
src/drivers/rmd_x_driver.cpp:79:6: note: no functions named 'void RMDXDriver::setTorque(float)'
In file included from src/drivers/rmd_x_driver.cpp:1:
src/drivers/rmd_x_driver.h:6:7: note: 'class RMDXDriver' defined here
 class RMDXDriver {
       ^~~~~~~~~~
src/drivers/rmd_x_driver.cpp:85:6: error: no declaration matches 'void RMDXDriver::enable()'
 void RMDXDriver::enable() {
      ^~~~~~~~~~
src/drivers/rmd_x_driver.cpp:85:6: note: no functions named 'void RMDXDriver::enable()'
In file included from src/drivers/rmd_x_driver.cpp:1:
src/drivers/rmd_x_driver.h:6:7: note: 'class RMDXDriver' defined here
 class RMDXDriver {
       ^~~~~~~~~~
src/drivers/rmd_x_driver.cpp:89:6: error: no declaration matches 'void RMDXDriver::disable()'
 void RMDXDriver::disable() {
      ^~~~~~~~~~
src/drivers/rmd_x_driver.cpp:89:6: note: no functions named 'void RMDXDriver::disable()'
In file included from src/drivers/rmd_x_driver.cpp:1:
src/drivers/rmd_x_driver.h:6:7: note: 'class RMDXDriver' defined here
 class RMDXDriver {
       ^~~~~~~~~~
src/drivers/rmd_x_driver.cpp:95:6: error: no declaration matches 'void RMDXDriver::faultReset()'
 void RMDXDriver::faultReset() {
      ^~~~~~~~~~
src/drivers/rmd_x_driver.cpp:95:6: note: no functions named 'void RMDXDriver::faultReset()'
In file included from src/drivers/rmd_x_driver.cpp:1:
src/drivers/rmd_x_driver.h:6:7: note: 'class RMDXDriver' defined here
 class RMDXDriver {
       ^~~~~~~~~~
src/drivers/rmd_x_driver.cpp:99:6: error: no declaration matches 'void RMDXDriver::setLimits(float, float)'
 void RMDXDriver::setLimits(float maxVelocity, float maxTorque) {
      ^~~~~~~~~~
src/drivers/rmd_x_driver.cpp:99:6: note: no functions named 'void RMDXDriver::setLimits(float, float)'
In file included from src/drivers/rmd_x_driver.cpp:1:
src/drivers/rmd_x_driver.h:6:7: note: 'class RMDXDriver' defined here
 class RMDXDriver {
       ^~~~~~~~~~
src/drivers/rmd_x_driver.cpp:104:6: error: no declaration matches 'void RMDXDriver::setGains(float, float, float)'
 void RMDXDriver::setGains(float kp, float ki, float kd) {
      ^~~~~~~~~~
src/drivers/rmd_x_driver.cpp:104:6: note: no functions named 'void RMDXDriver::setGains(float, float, float)'
In file included from src/drivers/rmd_x_driver.cpp:1:
src/drivers/rmd_x_driver.h:6:7: note: 'class RMDXDriver' defined here
 class RMDXDriver {
       ^~~~~~~~~~
src/drivers/rmd_x_driver.cpp:110:6: error: no declaration matches 'void RMDXDriver::setGearboxRatio(float)'
 void RMDXDriver::setGearboxRatio(float ratio) {
      ^~~~~~~~~~
src/drivers/rmd_x_driver.cpp:110:6: note: no functions named 'void RMDXDriver::setGearboxRatio(float)'
In file included from src/drivers/rmd_x_driver.cpp:1:
src/drivers/rmd_x_driver.h:6:7: note: 'class RMDXDriver' defined here
 class RMDXDriver {
       ^~~~~~~~~~
src/drivers/rmd_x_driver.cpp:114:6: error: no declaration matches 'void RMDXDriver::setBacklashCompensation(float)'
 void RMDXDriver::setBacklashCompensation(float compensation) {
      ^~~~~~~~~~
src/drivers/rmd_x_driver.cpp:114:6: note: no functions named 'void RMDXDriver::setBacklashCompensation(float)'
In file included from src/drivers/rmd_x_driver.cpp:1:
src/drivers/rmd_x_driver.h:6:7: note: 'class RMDXDriver' defined here
 class RMDXDriver {
       ^~~~~~~~~~
In file included from src/drivers/motor_driver.h:3,
                 from src/drivers/rmd_h_driver.h:3,
                 from src/drivers/rmd_h_driver.cpp:1:
src/drivers/rmd_h_driver.cpp: In member function 'virtual void RMDHDriver::setTorque(float)':
src/drivers/rmd_h_driver.cpp:65:41: error: 'struct MotorConfig' has no member named 'max_torque'; did you mean 'maxTorque'?
     target = constrain(target, -_config.max_torque, _config.max_torque);
                                         ^~~~~~~~~~
/home/roko/.platformio/packages/framework-arduinoespressif32/cores/esp32/Arduino.h:76:41: note: in definition of macro 'constrain'
 #define constrain(amt,low,high) ((amt)<(low)?(low):((amt)>(high)?(high):(amt)))
                                         ^~~
src/drivers/rmd_h_driver.cpp:65:41: error: 'struct MotorConfig' has no member named 'max_torque'; did you mean 'maxTorque'?
     target = constrain(target, -_config.max_torque, _config.max_torque);
                                         ^~~~~~~~~~
/home/roko/.platformio/packages/framework-arduinoespressif32/cores/esp32/Arduino.h:76:47: note: in definition of macro 'constrain'
 #define constrain(amt,low,high) ((amt)<(low)?(low):((amt)>(high)?(high):(amt)))
                                               ^~~
src/drivers/rmd_h_driver.cpp:65:61: error: 'struct MotorConfig' has no member named 'max_torque'; did you mean 'maxTorque'?
     target = constrain(target, -_config.max_torque, _config.max_torque);
                                                             ^~~~~~~~~~
/home/roko/.platformio/packages/framework-arduinoespressif32/cores/esp32/Arduino.h:76:60: note: in definition of macro 'constrain'
 #define constrain(amt,low,high) ((amt)<(low)?(low):((amt)>(high)?(high):(amt)))
                                                            ^~~~
src/drivers/rmd_h_driver.cpp:65:61: error: 'struct MotorConfig' has no member named 'max_torque'; did you mean 'maxTorque'?
     target = constrain(target, -_config.max_torque, _config.max_torque);
                                                             ^~~~~~~~~~
/home/roko/.platformio/packages/framework-arduinoespressif32/cores/esp32/Arduino.h:76:67: note: in definition of macro 'constrain'
 #define constrain(amt,low,high) ((amt)<(low)?(low):((amt)>(high)?(high):(amt)))
                                                                   ^~~~
src/drivers/rmd_h_driver.cpp: In member function 'virtual void RMDHDriver::enable()':
src/drivers/rmd_h_driver.cpp:70:15: error: 'MOTOR_STATUS_ENABLED' was not declared in this scope
     _status = MOTOR_STATUS_ENABLED;
               ^~~~~~~~~~~~~~~~~~~~
In file included from src/drivers/motor_driver.h:3,
                 from src/drivers/rh_driver.h:3,
                 from src/drivers/rh_driver.cpp:1:
src/drivers/rh_driver.cpp: In member function 'virtual void RHDriver::setTorque(float)':
src/drivers/rh_driver.cpp:56:41: error: 'struct MotorConfig' has no member named 'max_torque'; did you mean 'maxTorque'?
     target = constrain(target, -_config.max_torque, _config.max_torque);
                                         ^~~~~~~~~~
/home/roko/.platformio/packages/framework-arduinoespressif32/cores/esp32/Arduino.h:76:41: note: in definition of macro 'constrain'
 #define constrain(amt,low,high) ((amt)<(low)?(low):((amt)>(high)?(high):(amt)))
                                         ^~~
src/drivers/rh_driver.cpp:56:41: error: 'struct MotorConfig' has no member named 'max_torque'; did you mean 'maxTorque'?
     target = constrain(target, -_config.max_torque, _config.max_torque);
                                         ^~~~~~~~~~
/home/roko/.platformio/packages/framework-arduinoespressif32/cores/esp32/Arduino.h:76:47: note: in definition of macro 'constrain'
 #define constrain(amt,low,high) ((amt)<(low)?(low):((amt)>(high)?(high):(amt)))
                                               ^~~
src/drivers/rh_driver.cpp:56:61: error: 'struct MotorConfig' has no member named 'max_torque'; did you mean 'maxTorque'?
     target = constrain(target, -_config.max_torque, _config.max_torque);
                                                             ^~~~~~~~~~
/home/roko/.platformio/packages/framework-arduinoespressif32/cores/esp32/Arduino.h:76:60: note: in definition of macro 'constrain'
 #define constrain(amt,low,high) ((amt)<(low)?(low):((amt)>(high)?(high):(amt)))
                                                            ^~~~
src/drivers/rh_driver.cpp:56:61: error: 'struct MotorConfig' has no member named 'max_torque'; did you mean 'maxTorque'?
     target = constrain(target, -_config.max_torque, _config.max_torque);
                                                             ^~~~~~~~~~
/home/roko/.platformio/packages/framework-arduinoespressif32/cores/esp32/Arduino.h:76:67: note: in definition of macro 'constrain'
 #define constrain(amt,low,high) ((amt)<(low)?(low):((amt)>(high)?(high):(amt)))
                                                                   ^~~~
src/drivers/rh_driver.cpp: In member function 'virtual void RHDriver::enable()':
src/drivers/rh_driver.cpp:60:37: error: 'MOTOR_STATUS_ENABLED' was not declared in this scope
 void RHDriver::enable() { _status = MOTOR_STATUS_ENABLED; }
                                     ^~~~~~~~~~~~~~~~~~~~
src/drivers/rmd_h_driver.cpp:70:15: note: suggested alternative: 'MOTOR_STATUS_DISABLED'
     _status = MOTOR_STATUS_ENABLED;
               ^~~~~~~~~~~~~~~~~~~~
               MOTOR_STATUS_DISABLED
src/drivers/rmd_h_driver.cpp: In member function 'virtual void RMDHDriver::setLimits(float, float)':
src/drivers/rmd_h_driver.cpp:84:13: error: 'struct MotorConfig' has no member named 'max_velocity_limit'; did you mean 'maxVelocity'?
     _config.max_velocity_limit = maxVelocity;
             ^~~~~~~~~~~~~~~~~~
             maxVelocity
src/drivers/rmd_h_driver.cpp:85:13: error: 'struct MotorConfig' has no member named 'max_torque_limit'; did you mean 'maxTorque'?
     _config.max_torque_limit = maxTorque;
             ^~~~~~~~~~~~~~~~
             maxTorque
src/drivers/rh_driver.cpp:60:37: note: suggested alternative: 'MOTOR_STATUS_DISABLED'
 void RHDriver::enable() { _status = MOTOR_STATUS_ENABLED; }
                                     ^~~~~~~~~~~~~~~~~~~~
                                     MOTOR_STATUS_DISABLED
src/drivers/rh_driver.cpp: In member function 'virtual void RHDriver::setLimits(float, float)':
src/drivers/rh_driver.cpp:69:13: error: 'struct MotorConfig' has no member named 'max_velocity_limit'; did you mean 'maxVelocity'?
     _config.max_velocity_limit = maxVelocity;
             ^~~~~~~~~~~~~~~~~~
             maxVelocity
src/drivers/rh_driver.cpp:70:13: error: 'struct MotorConfig' has no member named 'max_torque_limit'; did you mean 'maxTorque'?
     _config.max_torque_limit = maxTorque;
             ^~~~~~~~~~~~~~~~
             maxTorque
*** [.pio/build/esp32c3/src/drivers/cem_driver.cpp.o] Error 1
*** [.pio/build/esp32c3/src/drivers/fl_driver.cpp.o] Error 1
*** [.pio/build/esp32c3/src/drivers/rmd_x_driver.cpp.o] Error 1
*** [.pio/build/esp32c3/src/drivers/rmd_h_driver.cpp.o] Error 1
*** [.pio/build/esp32c3/src/drivers/rh_driver.cpp.o] Error 1
========================== [FAILED] Took 2.04 seconds ==========================

Processing esp32s3dev (platform: espressif32; board: esp32-s3-devkitc-1; framework: arduino)
--------------------------------------------------------------------------------
Library Manager: Installing bblanchon/ArduinoJson @ ^6.21.0
Unpacking 0% 10% 20% 30% 40% 50% 60% 70% 80% 90% 100%
Library Manager: ArduinoJson@6.21.6 has been installed!
Verbose mode can be enabled via `-v, --verbose` option
CONFIGURATION: https://docs.platformio.org/page/boards/espressif32/esp32-s3-devkitc-1.html
PLATFORM: Espressif 32 (7.0.1) > Espressif ESP32-S3-DevKitC-1-N8 (8 MB QD, No PSRAM)
HARDWARE: ESP32S3 240MHz, 320KB RAM, 8MB Flash
DEBUG: Current (esp-builtin) On-board (esp-builtin) External (cmsis-dap, esp-bridge, esp-prog, iot-bus-jtag, jlink, minimodule, olimex-arm-usb-ocd, olimex-arm-usb-ocd-h, olimex-arm-usb-tiny-h, olimex-jtag-tiny, tumpa)
PACKAGES: 
 - framework-arduinoespressif32 @ 3.20017.241212+sha.dcc1105b 
 - tool-esptoolpy @ 2.41100.0 (4.11.0) 
 - toolchain-riscv32-esp @ 8.4.0+2021r2-patch5 
 - toolchain-xtensa-esp32s3 @ 8.4.0+2021r2-patch5
LDF: Library Dependency Finder -> https://bit.ly/configure-pio-ldf
LDF Modes: Finder ~ chain, Compatibility ~ soft
Library Manager: Installing can @ ^1.0.0
Library Manager: Warning! More than one package has been found by can @ ^1.0.0 requirements:
Library Manager:  - sandeepmistry/CAN@0.3.1
Library Manager:  - mbed-alexliao1995/can@0.0.0+sha.094fd8dac7e5
Library Manager:  - mbed-clemounet/CAN@0.0.0+sha.b9201bec01bf
Library Manager: Please specify detailed REQUIREMENTS using package owner and version (shown above) to avoid name conflicts
Warning! Could not find the package with 'can @ ^1.0.0' requirements
Library Manager: Installing SPI @ ^1.0.0
Warning! Could not find the package with 'SPI @ ^1.0.0' requirements
Library Manager: Installing Wire @ ^1.0.0
Warning! Could not find the package with 'Wire @ ^1.0.0' requirements
Found 34 compatible libraries
Scanning dependencies...
Dependency Graph
|-- ArduinoJson @ 6.21.6
Building in release mode
Compiling .pio/build/esp32s3dev/src/drivers/can_bus.cpp.o
Compiling .pio/build/esp32s3dev/src/drivers/ce_m_driver.cpp.o
Compiling .pio/build/esp32s3dev/src/drivers/cem_driver.cpp.o
Compiling .pio/build/esp32s3dev/src/drivers/encoder.cpp.o
Compiling .pio/build/esp32s3dev/src/drivers/ethercat.cpp.o
Compiling .pio/build/esp32s3dev/src/drivers/fl_driver.cpp.o
Compiling .pio/build/esp32s3dev/src/drivers/rh_driver.cpp.o
Compiling .pio/build/esp32s3dev/src/drivers/rmd_h_driver.cpp.o
Compiling .pio/build/esp32s3dev/src/drivers/rmd_x_driver.cpp.o
Compiling .pio/build/esp32s3dev/src/drivers/rs485.cpp.o
Compiling .pio/build/esp32s3dev/src/main.cpp.o
Compiling .pio/build/esp32s3dev/src/motor_controller.cpp.o
Compiling .pio/build/esp32s3dev/src/protocols/pal.cpp.o
Compiling .pio/build/esp32s3dev/src/utils/config.cpp.o
Compiling .pio/build/esp32s3dev/src/utils/logger.cpp.o
Building .pio/build/esp32s3dev/bootloader.bin
Generating partitions .pio/build/esp32s3dev/partitions.bin
esptool.py v4.11.0
Creating esp32s3 image...
Merged 1 ELF section
Successfully created esp32s3 image.
Compiling .pio/build/esp32s3dev/FrameworkArduino/Esp.cpp.o
Compiling .pio/build/esp32s3dev/FrameworkArduino/FirmwareMSC.cpp.o
In file included from src/drivers/motor_driver.h:3,
                 from src/drivers/cem_driver.h:3,
                 from src/drivers/cem_driver.cpp:1:
src/drivers/cem_driver.cpp: In member function 'virtual void CEMDriver::setTorque(float)':
src/drivers/cem_driver.cpp:65:41: error: 'struct MotorConfig' has no member named 'max_torque'; did you mean 'maxTorque'?
     target = constrain(target, -_config.max_torque, _config.max_torque);
                                         ^~~~~~~~~~
/home/roko/.platformio/packages/framework-arduinoespressif32/cores/esp32/Arduino.h:76:41: note: in definition of macro 'constrain'
 #define constrain(amt,low,high) ((amt)<(low)?(low):((amt)>(high)?(high):(amt)))
                                         ^~~
src/drivers/cem_driver.cpp:65:41: error: 'struct MotorConfig' has no member named 'max_torque'; did you mean 'maxTorque'?
     target = constrain(target, -_config.max_torque, _config.max_torque);
                                         ^~~~~~~~~~
/home/roko/.platformio/packages/framework-arduinoespressif32/cores/esp32/Arduino.h:76:47: note: in definition of macro 'constrain'
 #define constrain(amt,low,high) ((amt)<(low)?(low):((amt)>(high)?(high):(amt)))
                                               ^~~
src/drivers/cem_driver.cpp:65:61: error: 'struct MotorConfig' has no member named 'max_torque'; did you mean 'maxTorque'?
     target = constrain(target, -_config.max_torque, _config.max_torque);
                                                             ^~~~~~~~~~
/home/roko/.platformio/packages/framework-arduinoespressif32/cores/esp32/Arduino.h:76:60: note: in definition of macro 'constrain'
 #define constrain(amt,low,high) ((amt)<(low)?(low):((amt)>(high)?(high):(amt)))
                                                            ^~~~
src/drivers/cem_driver.cpp:65:61: error: 'struct MotorConfig' has no member named 'max_torque'; did you mean 'maxTorque'?
     target = constrain(target, -_config.max_torque, _config.max_torque);
                                                             ^~~~~~~~~~
/home/roko/.platformio/packages/framework-arduinoespressif32/cores/esp32/Arduino.h:76:67: note: in definition of macro 'constrain'
 #define constrain(amt,low,high) ((amt)<(low)?(low):((amt)>(high)?(high):(amt)))
                                                                   ^~~~
src/drivers/cem_driver.cpp: In member function 'virtual void CEMDriver::enable()':
src/drivers/cem_driver.cpp:70:15: error: 'MOTOR_STATUS_ENABLED' was not declared in this scope
     _status = MOTOR_STATUS_ENABLED;
               ^~~~~~~~~~~~~~~~~~~~
Compiling .pio/build/esp32s3dev/FrameworkArduino/FunctionalInterrupt.cpp.o
src/drivers/cem_driver.cpp:70:15: note: suggested alternative: 'MOTOR_STATUS_DISABLED'
     _status = MOTOR_STATUS_ENABLED;
               ^~~~~~~~~~~~~~~~~~~~
               MOTOR_STATUS_DISABLED
src/drivers/cem_driver.cpp: In member function 'virtual void CEMDriver::setLimits(float, float)':
src/drivers/cem_driver.cpp:84:13: error: 'struct MotorConfig' has no member named 'max_velocity_limit'; did you mean 'maxVelocity'?
     _config.max_velocity_limit = maxVelocity;
             ^~~~~~~~~~~~~~~~~~
             maxVelocity
src/drivers/cem_driver.cpp:85:13: error: 'struct MotorConfig' has no member named 'max_torque_limit'; did you mean 'maxTorque'?
     _config.max_torque_limit = maxTorque;
             ^~~~~~~~~~~~~~~~
             maxTorque
Compiling .pio/build/esp32s3dev/FrameworkArduino/HWCDC.cpp.o
In file included from src/drivers/motor_driver.h:3,
                 from src/drivers/fl_driver.h:3,
                 from src/drivers/fl_driver.cpp:1:
src/drivers/fl_driver.cpp: In member function 'virtual void FLDriver::setTorque(float)':
src/drivers/fl_driver.cpp:66:41: error: 'struct MotorConfig' has no member named 'max_torque'; did you mean 'maxTorque'?
     target = constrain(target, -_config.max_torque, _config.max_torque);
                                         ^~~~~~~~~~
/home/roko/.platformio/packages/framework-arduinoespressif32/cores/esp32/Arduino.h:76:41: note: in definition of macro 'constrain'
 #define constrain(amt,low,high) ((amt)<(low)?(low):((amt)>(high)?(high):(amt)))
                                         ^~~
src/drivers/fl_driver.cpp:66:41: error: 'struct MotorConfig' has no member named 'max_torque'; did you mean 'maxTorque'?
     target = constrain(target, -_config.max_torque, _config.max_torque);
                                         ^~~~~~~~~~
/home/roko/.platformio/packages/framework-arduinoespressif32/cores/esp32/Arduino.h:76:47: note: in definition of macro 'constrain'
 #define constrain(amt,low,high) ((amt)<(low)?(low):((amt)>(high)?(high):(amt)))
                                               ^~~
src/drivers/fl_driver.cpp:66:61: error: 'struct MotorConfig' has no member named 'max_torque'; did you mean 'maxTorque'?
     target = constrain(target, -_config.max_torque, _config.max_torque);
                                                             ^~~~~~~~~~
/home/roko/.platformio/packages/framework-arduinoespressif32/cores/esp32/Arduino.h:76:60: note: in definition of macro 'constrain'
 #define constrain(amt,low,high) ((amt)<(low)?(low):((amt)>(high)?(high):(amt)))
                                                            ^~~~
src/drivers/fl_driver.cpp:66:61: error: 'struct MotorConfig' has no member named 'max_torque'; did you mean 'maxTorque'?
     target = constrain(target, -_config.max_torque, _config.max_torque);
                                                             ^~~~~~~~~~
/home/roko/.platformio/packages/framework-arduinoespressif32/cores/esp32/Arduino.h:76:67: note: in definition of macro 'constrain'
 #define constrain(amt,low,high) ((amt)<(low)?(low):((amt)>(high)?(high):(amt)))
                                                                   ^~~~
src/drivers/fl_driver.cpp: In member function 'virtual void FLDriver::enable()':
src/drivers/fl_driver.cpp:71:15: error: 'MOTOR_STATUS_ENABLED' was not declared in this scope
     _status = MOTOR_STATUS_ENABLED;
               ^~~~~~~~~~~~~~~~~~~~
In file included from src/drivers/motor_driver.h:3,
                 from src/drivers/rh_driver.h:3,
                 from src/drivers/rh_driver.cpp:1:
src/drivers/rh_driver.cpp: In member function 'virtual void RHDriver::setTorque(float)':
src/drivers/rh_driver.cpp:56:41: error: 'struct MotorConfig' has no member named 'max_torque'; did you mean 'maxTorque'?
     target = constrain(target, -_config.max_torque, _config.max_torque);
                                         ^~~~~~~~~~
/home/roko/.platformio/packages/framework-arduinoespressif32/cores/esp32/Arduino.h:76:41: note: in definition of macro 'constrain'
 #define constrain(amt,low,high) ((amt)<(low)?(low):((amt)>(high)?(high):(amt)))
                                         ^~~
src/drivers/rh_driver.cpp:56:41: error: 'struct MotorConfig' has no member named 'max_torque'; did you mean 'maxTorque'?
     target = constrain(target, -_config.max_torque, _config.max_torque);
                                         ^~~~~~~~~~
/home/roko/.platformio/packages/framework-arduinoespressif32/cores/esp32/Arduino.h:76:47: note: in definition of macro 'constrain'
 #define constrain(amt,low,high) ((amt)<(low)?(low):((amt)>(high)?(high):(amt)))
                                               ^~~
src/drivers/rh_driver.cpp:56:61: error: 'struct MotorConfig' has no member named 'max_torque'; did you mean 'maxTorque'?
     target = constrain(target, -_config.max_torque, _config.max_torque);
                                                             ^~~~~~~~~~
/home/roko/.platformio/packages/framework-arduinoespressif32/cores/esp32/Arduino.h:76:60: note: in definition of macro 'constrain'
 #define constrain(amt,low,high) ((amt)<(low)?(low):((amt)>(high)?(high):(amt)))
                                                            ^~~~
src/drivers/rh_driver.cpp:56:61: error: 'struct MotorConfig' has no member named 'max_torque'; did you mean 'maxTorque'?
     target = constrain(target, -_config.max_torque, _config.max_torque);
                                                             ^~~~~~~~~~
/home/roko/.platformio/packages/framework-arduinoespressif32/cores/esp32/Arduino.h:76:67: note: in definition of macro 'constrain'
 #define constrain(amt,low,high) ((amt)<(low)?(low):((amt)>(high)?(high):(amt)))
                                                                   ^~~~
src/drivers/rh_driver.cpp: In member function 'virtual void RHDriver::enable()':
src/drivers/rh_driver.cpp:60:37: error: 'MOTOR_STATUS_ENABLED' was not declared in this scope
 void RHDriver::enable() { _status = MOTOR_STATUS_ENABLED; }
                                     ^~~~~~~~~~~~~~~~~~~~
src/drivers/fl_driver.cpp:71:15: note: suggested alternative: 'MOTOR_STATUS_DISABLED'
     _status = MOTOR_STATUS_ENABLED;
               ^~~~~~~~~~~~~~~~~~~~
               MOTOR_STATUS_DISABLED
src/drivers/fl_driver.cpp: In member function 'virtual void FLDriver::setLimits(float, float)':
src/drivers/fl_driver.cpp:85:13: error: 'struct MotorConfig' has no member named 'max_velocity_limit'; did you mean 'maxVelocity'?
     _config.max_velocity_limit = maxVelocity;
             ^~~~~~~~~~~~~~~~~~
             maxVelocity
src/drivers/fl_driver.cpp:86:13: error: 'struct MotorConfig' has no member named 'max_torque_limit'; did you mean 'maxTorque'?
     _config.max_torque_limit = maxTorque;
             ^~~~~~~~~~~~~~~~
             maxTorque
Compiling .pio/build/esp32s3dev/FrameworkArduino/HardwareSerial.cpp.o
src/drivers/rh_driver.cpp:60:37: note: suggested alternative: 'MOTOR_STATUS_DISABLED'
 void RHDriver::enable() { _status = MOTOR_STATUS_ENABLED; }
                                     ^~~~~~~~~~~~~~~~~~~~
                                     MOTOR_STATUS_DISABLED
src/drivers/rh_driver.cpp: In member function 'virtual void RHDriver::setLimits(float, float)':
src/drivers/rh_driver.cpp:69:13: error: 'struct MotorConfig' has no member named 'max_velocity_limit'; did you mean 'maxVelocity'?
     _config.max_velocity_limit = maxVelocity;
             ^~~~~~~~~~~~~~~~~~
             maxVelocity
src/drivers/rh_driver.cpp:70:13: error: 'struct MotorConfig' has no member named 'max_torque_limit'; did you mean 'maxTorque'?
     _config.max_torque_limit = maxTorque;
             ^~~~~~~~~~~~~~~~
             maxTorque
In file included from src/drivers/motor_driver.h:3,
                 from src/drivers/rmd_h_driver.h:3,
                 from src/drivers/rmd_h_driver.cpp:1:
src/drivers/rmd_h_driver.cpp: In member function 'virtual void RMDHDriver::setTorque(float)':
src/drivers/rmd_h_driver.cpp:65:41: error: 'struct MotorConfig' has no member named 'max_torque'; did you mean 'maxTorque'?
     target = constrain(target, -_config.max_torque, _config.max_torque);
                                         ^~~~~~~~~~
/home/roko/.platformio/packages/framework-arduinoespressif32/cores/esp32/Arduino.h:76:41: note: in definition of macro 'constrain'
 #define constrain(amt,low,high) ((amt)<(low)?(low):((amt)>(high)?(high):(amt)))
                                         ^~~
src/drivers/rmd_h_driver.cpp:65:41: error: 'struct MotorConfig' has no member named 'max_torque'; did you mean 'maxTorque'?
     target = constrain(target, -_config.max_torque, _config.max_torque);
                                         ^~~~~~~~~~
/home/roko/.platformio/packages/framework-arduinoespressif32/cores/esp32/Arduino.h:76:47: note: in definition of macro 'constrain'
 #define constrain(amt,low,high) ((amt)<(low)?(low):((amt)>(high)?(high):(amt)))
                                               ^~~
src/drivers/rmd_h_driver.cpp:65:61: error: 'struct MotorConfig' has no member named 'max_torque'; did you mean 'maxTorque'?
     target = constrain(target, -_config.max_torque, _config.max_torque);
                                                             ^~~~~~~~~~
/home/roko/.platformio/packages/framework-arduinoespressif32/cores/esp32/Arduino.h:76:60: note: in definition of macro 'constrain'
 #define constrain(amt,low,high) ((amt)<(low)?(low):((amt)>(high)?(high):(amt)))
                                                            ^~~~
src/drivers/rmd_h_driver.cpp:65:61: error: 'struct MotorConfig' has no member named 'max_torque'; did you mean 'maxTorque'?
     target = constrain(target, -_config.max_torque, _config.max_torque);
                                                             ^~~~~~~~~~
/home/roko/.platformio/packages/framework-arduinoespressif32/cores/esp32/Arduino.h:76:67: note: in definition of macro 'constrain'
 #define constrain(amt,low,high) ((amt)<(low)?(low):((amt)>(high)?(high):(amt)))
                                                                   ^~~~
src/drivers/rmd_h_driver.cpp: In member function 'virtual void RMDHDriver::enable()':
src/drivers/rmd_h_driver.cpp:70:15: error: 'MOTOR_STATUS_ENABLED' was not declared in this scope
     _status = MOTOR_STATUS_ENABLED;
               ^~~~~~~~~~~~~~~~~~~~
Compiling .pio/build/esp32s3dev/FrameworkArduino/IPAddress.cpp.o
src/drivers/rmd_x_driver.cpp:6:47: error: 'MotorConfig' does not name a type; did you mean 'gpio_config'?
 RMDXDriver::RMDXDriver(uint8_t motorId, const MotorConfig& config)
                                               ^~~~~~~~~~~
                                               gpio_config
src/drivers/rmd_x_driver.cpp:6:1: error: no declaration matches 'RMDXDriver::RMDXDriver(uint8_t, const int&)'
 RMDXDriver::RMDXDriver(uint8_t motorId, const MotorConfig& config)
 ^~~~~~~~~~
In file included from src/drivers/rmd_x_driver.cpp:1:
src/drivers/rmd_x_driver.h:6:7: note: candidates are: 'constexpr RMDXDriver::RMDXDriver(RMDXDriver&&)'
 class RMDXDriver {
       ^~~~~~~~~~
src/drivers/rmd_x_driver.h:6:7: note:                 'constexpr RMDXDriver::RMDXDriver(const RMDXDriver&)'
src/drivers/rmd_x_driver.h:6:7: note:                 'constexpr RMDXDriver::RMDXDriver()'
src/drivers/rmd_x_driver.h:6:7: note: 'class RMDXDriver' defined here
src/drivers/rmd_x_driver.cpp:11:6: error: no declaration matches 'bool RMDXDriver::init()'
 bool RMDXDriver::init() {
      ^~~~~~~~~~
src/drivers/rmd_x_driver.cpp:11:6: note: no functions named 'bool RMDXDriver::init()'
In file included from src/drivers/rmd_x_driver.cpp:1:
src/drivers/rmd_x_driver.h:6:7: note: 'class RMDXDriver' defined here
 class RMDXDriver {
       ^~~~~~~~~~
src/drivers/rmd_x_driver.cpp:29:6: error: no declaration matches 'void RMDXDriver::deinit()'
 void RMDXDriver::deinit() {
      ^~~~~~~~~~
src/drivers/rmd_x_driver.cpp:29:6: note: no functions named 'void RMDXDriver::deinit()'
In file included from src/drivers/rmd_x_driver.cpp:1:
src/drivers/rmd_x_driver.h:6:7: note: 'class RMDXDriver' defined here
 class RMDXDriver {
       ^~~~~~~~~~
*** [.pio/build/esp32s3dev/src/drivers/cem_driver.cpp.o] Error 1
src/drivers/rmd_h_driver.cpp:70:15: note: suggested alternative: 'MOTOR_STATUS_DISABLED'
     _status = MOTOR_STATUS_ENABLED;
               ^~~~~~~~~~~~~~~~~~~~
               MOTOR_STATUS_DISABLED
src/drivers/rmd_h_driver.cpp: In member function 'virtual void RMDHDriver::setLimits(float, float)':
src/drivers/rmd_h_driver.cpp:84:13: error: 'struct MotorConfig' has no member named 'max_velocity_limit'; did you mean 'maxVelocity'?
     _config.max_velocity_limit = maxVelocity;
             ^~~~~~~~~~~~~~~~~~
             maxVelocity
src/drivers/rmd_h_driver.cpp:85:13: error: 'struct MotorConfig' has no member named 'max_torque_limit'; did you mean 'maxTorque'?
     _config.max_torque_limit = maxTorque;
             ^~~~~~~~~~~~~~~~
             maxTorque
src/drivers/rmd_x_driver.cpp:35:1: error: 'MotorStatus' does not name a type
 MotorStatus RMDXDriver::getStatus() {
 ^~~~~~~~~~~
src/drivers/rmd_x_driver.cpp:39:7: error: no declaration matches 'float RMDXDriver::getTemperature()'
 float RMDXDriver::getTemperature() {
       ^~~~~~~~~~
src/drivers/rmd_x_driver.cpp:39:7: note: no functions named 'float RMDXDriver::getTemperature()'
In file included from src/drivers/rmd_x_driver.cpp:1:
src/drivers/rmd_x_driver.h:6:7: note: 'class RMDXDriver' defined here
 class RMDXDriver {
       ^~~~~~~~~~
src/drivers/rmd_x_driver.cpp:47:9: error: no declaration matches 'int32_t RMDXDriver::getPosition()'
 int32_t RMDXDriver::getPosition() {
         ^~~~~~~~~~
src/drivers/rmd_x_driver.cpp:47:9: note: no functions named 'int32_t RMDXDriver::getPosition()'
In file included from src/drivers/rmd_x_driver.cpp:1:
src/drivers/rmd_x_driver.h:6:7: note: 'class RMDXDriver' defined here
 class RMDXDriver {
       ^~~~~~~~~~
src/drivers/rmd_x_driver.cpp:53:7: error: no declaration matches 'float RMDXDriver::getVelocity()'
 float RMDXDriver::getVelocity() {
       ^~~~~~~~~~
src/drivers/rmd_x_driver.cpp:53:7: note: no functions named 'float RMDXDriver::getVelocity()'
In file included from src/drivers/rmd_x_driver.cpp:1:
src/drivers/rmd_x_driver.h:6:7: note: 'class RMDXDriver' defined here
 class RMDXDriver {
       ^~~~~~~~~~
src/drivers/rmd_x_driver.cpp:59:7: error: no declaration matches 'float RMDXDriver::getCurrent()'
 float RMDXDriver::getCurrent() {
       ^~~~~~~~~~
src/drivers/rmd_x_driver.cpp:59:7: note: no functions named 'float RMDXDriver::getCurrent()'
In file included from src/drivers/rmd_x_driver.cpp:1:
src/drivers/rmd_x_driver.h:6:7: note: 'class RMDXDriver' defined here
 class RMDXDriver {
       ^~~~~~~~~~
src/drivers/rmd_x_driver.cpp:66:6: error: no declaration matches 'void RMDXDriver::setPosition(float)'
 void RMDXDriver::setPosition(float target) {
      ^~~~~~~~~~
src/drivers/rmd_x_driver.cpp:66:6: note: no functions named 'void RMDXDriver::setPosition(float)'
In file included from src/drivers/rmd_x_driver.cpp:1:
src/drivers/rmd_x_driver.h:6:7: note: 'class RMDXDriver' defined here
 class RMDXDriver {
       ^~~~~~~~~~
src/drivers/rmd_x_driver.cpp:73:6: error: no declaration matches 'void RMDXDriver::setVelocity(float)'
 void RMDXDriver::setVelocity(float target) {
      ^~~~~~~~~~
src/drivers/rmd_x_driver.cpp:73:6: note: no functions named 'void RMDXDriver::setVelocity(float)'
In file included from src/drivers/rmd_x_driver.cpp:1:
src/drivers/rmd_x_driver.h:6:7: note: 'class RMDXDriver' defined here
 class RMDXDriver {
       ^~~~~~~~~~
src/drivers/rmd_x_driver.cpp:79:6: error: no declaration matches 'void RMDXDriver::setTorque(float)'
 void RMDXDriver::setTorque(float target) {
      ^~~~~~~~~~
src/drivers/rmd_x_driver.cpp:79:6: note: no functions named 'void RMDXDriver::setTorque(float)'
In file included from src/drivers/rmd_x_driver.cpp:1:
src/drivers/rmd_x_driver.h:6:7: note: 'class RMDXDriver' defined here
 class RMDXDriver {
       ^~~~~~~~~~
src/drivers/rmd_x_driver.cpp:85:6: error: no declaration matches 'void RMDXDriver::enable()'
 void RMDXDriver::enable() {
      ^~~~~~~~~~
src/drivers/rmd_x_driver.cpp:85:6: note: no functions named 'void RMDXDriver::enable()'
In file included from src/drivers/rmd_x_driver.cpp:1:
src/drivers/rmd_x_driver.h:6:7: note: 'class RMDXDriver' defined here
 class RMDXDriver {
       ^~~~~~~~~~
src/drivers/rmd_x_driver.cpp:89:6: error: no declaration matches 'void RMDXDriver::disable()'
 void RMDXDriver::disable() {
      ^~~~~~~~~~
src/drivers/rmd_x_driver.cpp:89:6: note: no functions named 'void RMDXDriver::disable()'
In file included from src/drivers/rmd_x_driver.cpp:1:
src/drivers/rmd_x_driver.h:6:7: note: 'class RMDXDriver' defined here
 class RMDXDriver {
       ^~~~~~~~~~
src/drivers/rmd_x_driver.cpp:95:6: error: no declaration matches 'void RMDXDriver::faultReset()'
 void RMDXDriver::faultReset() {
      ^~~~~~~~~~
src/drivers/rmd_x_driver.cpp:95:6: note: no functions named 'void RMDXDriver::faultReset()'
In file included from src/drivers/rmd_x_driver.cpp:1:
src/drivers/rmd_x_driver.h:6:7: note: 'class RMDXDriver' defined here
 class RMDXDriver {
       ^~~~~~~~~~
src/drivers/rmd_x_driver.cpp:99:6: error: no declaration matches 'void RMDXDriver::setLimits(float, float)'
 void RMDXDriver::setLimits(float maxVelocity, float maxTorque) {
      ^~~~~~~~~~
src/drivers/rmd_x_driver.cpp:99:6: note: no functions named 'void RMDXDriver::setLimits(float, float)'
In file included from src/drivers/rmd_x_driver.cpp:1:
src/drivers/rmd_x_driver.h:6:7: note: 'class RMDXDriver' defined here
 class RMDXDriver {
       ^~~~~~~~~~
src/drivers/rmd_x_driver.cpp:104:6: error: no declaration matches 'void RMDXDriver::setGains(float, float, float)'
 void RMDXDriver::setGains(float kp, float ki, float kd) {
      ^~~~~~~~~~
src/drivers/rmd_x_driver.cpp:104:6: note: no functions named 'void RMDXDriver::setGains(float, float, float)'
In file included from src/drivers/rmd_x_driver.cpp:1:
src/drivers/rmd_x_driver.h:6:7: note: 'class RMDXDriver' defined here
 class RMDXDriver {
       ^~~~~~~~~~
src/drivers/rmd_x_driver.cpp:110:6: error: no declaration matches 'void RMDXDriver::setGearboxRatio(float)'
 void RMDXDriver::setGearboxRatio(float ratio) {
      ^~~~~~~~~~
src/drivers/rmd_x_driver.cpp:110:6: note: no functions named 'void RMDXDriver::setGearboxRatio(float)'
In file included from src/drivers/rmd_x_driver.cpp:1:
src/drivers/rmd_x_driver.h:6:7: note: 'class RMDXDriver' defined here
 class RMDXDriver {
       ^~~~~~~~~~
src/drivers/rmd_x_driver.cpp:114:6: error: no declaration matches 'void RMDXDriver::setBacklashCompensation(float)'
 void RMDXDriver::setBacklashCompensation(float compensation) {
      ^~~~~~~~~~
src/drivers/rmd_x_driver.cpp:114:6: note: no functions named 'void RMDXDriver::setBacklashCompensation(float)'
In file included from src/drivers/rmd_x_driver.cpp:1:
src/drivers/rmd_x_driver.h:6:7: note: 'class RMDXDriver' defined here
 class RMDXDriver {
       ^~~~~~~~~~
*** [.pio/build/esp32s3dev/src/drivers/fl_driver.cpp.o] Error 1
*** [.pio/build/esp32s3dev/src/drivers/rh_driver.cpp.o] Error 1
*** [.pio/build/esp32s3dev/src/drivers/rmd_h_driver.cpp.o] Error 1
*** [.pio/build/esp32s3dev/src/drivers/rmd_x_driver.cpp.o] Error 1
<command-line>: error: expected identifier before numeric constant
include/types.h:17:5: note: in expansion of macro 'PROTOCOL_CAN'
     PROTOCOL_CAN = 0,
     ^~~~~~~~~~~~
<command-line>: error: expected '}' before numeric constant
include/types.h:17:5: note: in expansion of macro 'PROTOCOL_CAN'
     PROTOCOL_CAN = 0,
     ^~~~~~~~~~~~
In file included from src/motor_controller.h:5,
                 from src/motor_controller.cpp:1:
include/types.h:16:14: note: to match this '{'
 typedef enum {
              ^
<command-line>: error: expected unqualified-id before numeric constant
include/types.h:17:5: note: in expansion of macro 'PROTOCOL_CAN'
     PROTOCOL_CAN = 0,
     ^~~~~~~~~~~~
In file included from src/motor_controller.h:5,
                 from src/motor_controller.cpp:1:
include/types.h:21:1: error: expected declaration before '}' token
 } ProtocolType;
 ^
*** [.pio/build/esp32s3dev/src/motor_controller.cpp.o] Error 1
src/main.cpp: In function 'void setup()':
<command-line>: error: 'RMD' was not declared in this scope
src/main.cpp:36:44: note: in expansion of macro 'MOTOR_SERIES_NAME'
     Logger::info("Motor Series: " + String(MOTOR_SERIES_NAME));
                                            ^~~~~~~~~~~~~~~~~
<command-line>: error: 'X' was not declared in this scope
src/main.cpp:36:44: note: in expansion of macro 'MOTOR_SERIES_NAME'
     Logger::info("Motor Series: " + String(MOTOR_SERIES_NAME));
                                            ^~~~~~~~~~~~~~~~~
<command-line>: note: suggested alternative: 'RX'
src/main.cpp:36:44: note: in expansion of macro 'MOTOR_SERIES_NAME'
     Logger::info("Motor Series: " + String(MOTOR_SERIES_NAME));
                                            ^~~~~~~~~~~~~~~~~
<command-line>: error: 'CAN' was not declared in this scope
src/main.cpp:37:40: note: in expansion of macro 'PROTOCOL_NAME'
     Logger::info("Protocol: " + String(PROTOCOL_NAME));
                                        ^~~~~~~~~~~~~
<command-line>: note: suggested alternative: 'NAN'
src/main.cpp:37:40: note: in expansion of macro 'PROTOCOL_NAME'
     Logger::info("Protocol: " + String(PROTOCOL_NAME));
                                        ^~~~~~~~~~~~~
<command-line>: error: 'RMD_X' was not declared in this scope
src/main.cpp:40:31: note: in expansion of macro 'MOTOR_SERIES'
     motorConfig.motorSeries = MOTOR_SERIES;
                               ^~~~~~~~~~~~
<command-line>: error: cannot convert 'int' to 'Protocol' in assignment
<command-line>: note: in expansion of macro 'PROTOCOL_CAN'
src/main.cpp:41:28: note: in expansion of macro 'PROTOCOL'
     motorConfig.protocol = PROTOCOL;
                            ^~~~~~~~
<command-line>: error: 'PLANETARY' was not declared in this scope
src/main.cpp:44:31: note: in expansion of macro 'GEARBOX_TYPE'
     motorConfig.gearboxType = GEARBOX_TYPE;
                               ^~~~~~~~~~~~
<command-line>: note: suggested alternative: 'LC_MONETARY'
src/main.cpp:44:31: note: in expansion of macro 'GEARBOX_TYPE'
     motorConfig.gearboxType = GEARBOX_TYPE;
                               ^~~~~~~~~~~~
<command-line>: error: 'STANDARD' was not declared in this scope
src/main.cpp:46:29: note: in expansion of macro 'DRIVE_TYPE'
     motorConfig.driveType = DRIVE_TYPE;
                             ^~~~~~~~~~
<command-line>: error: 'COMMUNICATION_CAN' was not declared in this scope
src/main.cpp:47:33: note: in expansion of macro 'COMMUNICATION'
     motorConfig.communication = COMMUNICATION;
                                 ^~~~~~~~~~~~~
src/protocols/pal.cpp: In member function 'void ProtocolAbstractionLayer::sendStatusReport()':
src/protocols/pal.cpp:171:31: error: cannot convert 'MotorSeries' to 'uint8_t' {aka 'unsigned char'} in assignment
     frame[length++] = _config.motorSeries;
                               ^~~~~~~~~~~
src/protocols/pal.cpp:189:64: error: no matching function for call to 'RS485::sendFrame(MotorSeries&, uint8_t [64], uint8_t&)'
             RS485::sendFrame(_config.motorSeries, frame, length);
                                                                ^
In file included from src/protocols/pal.cpp:9:
src/protocols/../drivers/rs485.h:16:17: note: candidate: 'static bool RS485::sendFrame(uint8_t, const uint8_t*, uint8_t)'
     static bool sendFrame(uint8_t address, const uint8_t* data, uint8_t length);
                 ^~~~~~~~~
src/protocols/../drivers/rs485.h:16:17: note:   no known conversion for argument 1 from 'MotorSeries' to 'uint8_t' {aka 'unsigned char'}
src/protocols/pal.cpp:192:67: error: no matching function for call to 'EtherCAT::sendFrame(MotorSeries&, uint8_t [64], uint8_t&)'
             EtherCAT::sendFrame(_config.motorSeries, frame, length);
                                                                   ^
In file included from src/protocols/pal.cpp:10:
src/protocols/../drivers/ethercat.h:16:17: note: candidate: 'static bool EtherCAT::sendFrame(uint8_t, const uint8_t*, uint8_t)'
     static bool sendFrame(uint8_t motorId, const uint8_t* data, uint8_t length);
                 ^~~~~~~~~
src/protocols/../drivers/ethercat.h:16:17: note:   no known conversion for argument 1 from 'MotorSeries' to 'uint8_t' {aka 'unsigned char'}
src/protocols/pal.cpp: In member function 'void ProtocolAbstractionLayer::sendHeartbeat()':
src/protocols/pal.cpp:200:24: error: cannot convert 'MotorSeries' to 'uint8_t' {aka 'unsigned char'} in assignment
     frame[1] = _config.motorSeries;
                        ^~~~~~~~~~~
src/protocols/pal.cpp:207:59: error: no matching function for call to 'RS485::sendFrame(MotorSeries&, uint8_t [2], int)'
             RS485::sendFrame(_config.motorSeries, frame, 2);
                                                           ^
In file included from src/protocols/pal.cpp:9:
src/protocols/../drivers/rs485.h:16:17: note: candidate: 'static bool RS485::sendFrame(uint8_t, const uint8_t*, uint8_t)'
     static bool sendFrame(uint8_t address, const uint8_t* data, uint8_t length);
                 ^~~~~~~~~
src/protocols/../drivers/rs485.h:16:17: note:   no known conversion for argument 1 from 'MotorSeries' to 'uint8_t' {aka 'unsigned char'}
src/protocols/pal.cpp:210:62: error: no matching function for call to 'EtherCAT::sendFrame(MotorSeries&, uint8_t [2], int)'
             EtherCAT::sendFrame(_config.motorSeries, frame, 2);
                                                              ^
In file included from src/protocols/pal.cpp:10:
src/protocols/../drivers/ethercat.h:16:17: note: candidate: 'static bool EtherCAT::sendFrame(uint8_t, const uint8_t*, uint8_t)'
     static bool sendFrame(uint8_t motorId, const uint8_t* data, uint8_t length);
                 ^~~~~~~~~
src/protocols/../drivers/ethercat.h:16:17: note:   no known conversion for argument 1 from 'MotorSeries' to 'uint8_t' {aka 'unsigned char'}
<command-line>: note: suggested alternative: 'COMMUNICATION'
src/main.cpp:47:33: note: in expansion of macro 'COMMUNICATION'
     motorConfig.communication = COMMUNICATION;
                                 ^~~~~~~~~~~~~
*** [.pio/build/esp32s3dev/src/protocols/pal.cpp.o] Error 1
*** [.pio/build/esp32s3dev/src/main.cpp.o] Error 1
========================== [FAILED] Took 7.69 seconds ==========================

Environment    Status    Duration
-------------  --------  ------------
esp32          FAILED    00:00:01.272
esp32s3        FAILED    00:00:01.254
esp32c3        FAILED    00:00:02.041
esp32s3dev     FAILED    00:00:07.694
==================== 4 failed, 0 succeeded in 00:00:12.261 ====================
