[master (root-commit) 8b427dd] Initial commit: ESP32 motor controller firmware with protocol contracts
 5618 files changed, 1484545 insertions(+)
 create mode 100644 .omnius/checkpoints/turn-0010.json
 create mode 100644 .omnius/checkpoints/turn-0020.json
 create mode 100644 .omnius/checkpoints/turn-0030.json
 create mode 100644 .omnius/checkpoints/turn-0040.json
 create mode 100644 .omnius/checkpoints/turn-0050.json
 create mode 100644 .omnius/completion-contracts/1783047475533-kdquqf.json
 create mode 100644 .omnius/completion-contracts/1783047664467-5c079k.json
 create mode 100644 .omnius/completion-contracts/1783047674415-7r8axr.json
 create mode 100644 .omnius/completion-contracts/1783047688422-8ulryd.json
 create mode 100644 .omnius/completion-contracts/1783047688664-7yqjqo.json
 create mode 100644 .omnius/completion-contracts/1783048896353-3kt1zu.json
 create mode 100644 .omnius/completion-contracts/1783051233686-twto82.json
 create mode 100644 .omnius/completion-contracts/1783052722873-j5j5xm.json
 create mode 100644 .omnius/completion-contracts/1783054636540-g0c2vs.json
 create mode 100644 .omnius/completion-contracts/1783056506452-5ra6kv.json
 create mode 100644 .omnius/completion-contracts/1783061014702-rgaw36.json
 create mode 100644 .omnius/completion-contracts/1783065197489-zzttvn.json
 create mode 100644 .omnius/completion-contracts/1783066818924-tz2rco.json
 create mode 100644 .omnius/completion-contracts/1783067649743-p1k5kq.json
 create mode 100644 .omnius/completion-contracts/1783095123826-r2p6do.json
 create mode 100644 .omnius/completion-contracts/1783097556372-khio3d.json
 create mode 100644 .omnius/completion-contracts/1783098484662-k0bt4g.json
 create mode 100644 .omnius/completion-contracts/1783100178105-dgntvm.json
 create mode 100644 .omnius/completion-contracts/1783100539534-ttnzaw.json
 create mode 100644 .omnius/completion-contracts/1783102391191-glhboy.json
 create mode 100644 .omnius/completion-contracts/1783103891764-v0fo65.json
 create mode 100644 .omnius/completion-contracts/1783128455765-azotnp.json
 create mode 100644 .omnius/completion-contracts/1783130427620-c07cg9.json
 create mode 100644 .omnius/completion-contracts/1783132565307-m0qc5a.json
 create mode 100644 .omnius/completion-contracts/1783134746466-mbosnh.json
 create mode 100644 .omnius/completion-contracts/1783235936402-neqrnd.json
 create mode 100644 .omnius/completion-ledgers/1783047475533-kdquqf.json
 create mode 100644 .omnius/completion-ledgers/1783048896353-3kt1zu.json
 create mode 100644 .omnius/completion-ledgers/1783051233686-twto82.json
 create mode 100644 .omnius/completion-ledgers/1783052722873-j5j5xm.json
 create mode 100644 .omnius/completion-ledgers/1783054636540-g0c2vs.json
 create mode 100644 .omnius/completion-ledgers/1783056506452-5ra6kv.json
 create mode 100644 .omnius/completion-ledgers/1783061014702-rgaw36.json
 create mode 100644 .omnius/completion-ledgers/1783065197489-zzttvn.json
 create mode 100644 .omnius/completion-ledgers/1783066818924-tz2rco.json
 create mode 100644 .omnius/completion-ledgers/1783067649743-p1k5kq.json
 create mode 100644 .omnius/completion-ledgers/1783095123826-r2p6do.json
 create mode 100644 .omnius/completion-ledgers/1783097556372-khio3d.json
 create mode 100644 .omnius/completion-ledgers/1783098484662-k0bt4g.json
 create mode 100644 .omnius/completion-ledgers/1783100539534-ttnzaw.json
 create mode 100644 .omnius/completion-ledgers/1783102391191-glhboy.json
 create mode 100644 .omnius/completion-ledgers/1783103891764-v0fo65.json
 create mode 100644 .omnius/completion-ledgers/1783128455765-azotnp.json
 create mode 100644 .omnius/completion-ledgers/1783130427620-c07cg9.json
 create mode 100644 .omnius/completion-ledgers/1783132565307-m0qc5a.json
 create mode 100644 .omnius/completion-ledgers/1783134746466-mbosnh.json
 create mode 100644 .omnius/completion-ledgers/1783235936402-neqrnd.json
 create mode 100644 .omnius/consolidations/1783048896353-3kt1zu.json
 create mode 100644 .omnius/consolidations/1783054636540-g0c2vs.json
 create mode 100644 .omnius/consolidations/1783056506452-5ra6kv.json
 create mode 100644 .omnius/consolidations/1783061014702-rgaw36.json
 create mode 100644 .omnius/consolidations/1783065197489-zzttvn.json
 create mode 100644 .omnius/consolidations/1783066818924-tz2rco.json
 create mode 100644 .omnius/consolidations/1783067649743-p1k5kq.json
 create mode 100644 .omnius/consolidations/1783103891764-v0fo65.json
 create mode 100644 .omnius/context-window-dumps/2026-07-05T05-33-41-497Z-internal-0920055e78.json
 create mode 100644 .omnius/context-window-dumps/2026-07-05T05-33-41-615Z-main-7015071e73.json
 create mode 100644 .omnius/context-window-dumps/2026-07-05T05-34-34-371Z-internal-21701ac80b.json
 create mode 100644 .omnius/context-window-dumps/2026-07-05T05-34-39-511Z-main-19e1e268fc.json
 create mode 100644 .omnius/context-window-dumps/2026-07-05T05-35-30-168Z-internal-298cf47188.json
 create mode 100644 .omnius/context-window-dumps/2026-07-05T05-35-33-120Z-main-ad5f9a1939.json
 create mode 100644 .omnius/context-window-dumps/2026-07-05T05-36-27-069Z-internal-532e638015.json
 create mode 100644 .omnius/context-window-dumps/2026-07-05T05-36-27-212Z-main-32fe10cce4.json
 create mode 100644 .omnius/context-window-dumps/2026-07-05T05-37-21-635Z-internal-b1ac46a812.json
 create mode 100644 .omnius/context-window-dumps/2026-07-05T05-37-21-777Z-main-2da5b4b680.json
 create mode 100644 .omnius/context-window-dumps/2026-07-05T05-38-20-723Z-internal-282bddbc8e.json
 create mode 100644 .omnius/context-window-dumps/2026-07-05T05-38-20-865Z-main-698248e48d.json
 create mode 100644 .omnius/context-window-dumps/2026-07-05T05-39-15-497Z-internal-074f0198cf.json
 create mode 100644 .omnius/context-window-dumps/2026-07-05T05-39-15-638Z-main-6ed78cedc5.json
 create mode 100644 .omnius/context-window-dumps/2026-07-05T05-40-09-627Z-internal-d762977b56.json
 create mode 100644 .omnius/context-window-dumps/2026-07-05T05-40-09-764Z-main-9657d42740.json
 create mode 100644 .omnius/context-window-dumps/2026-07-05T05-41-01-927Z-internal-e00b0bb062.json
 create mode 100644 .omnius/context-window-dumps/2026-07-05T05-41-02-063Z-main-fd321c1d32.json
 create mode 100644 .omnius/context-window-dumps/2026-07-05T05-42-00-926Z-internal-ac2c2c6d1f.json
 create mode 100644 .omnius/context-window-dumps/2026-07-05T05-42-01-073Z-main-51bc2b5f1b.json
 create mode 100644 .omnius/context-window-dumps/2026-07-05T05-43-04-490Z-internal-dc5ffd037b.json
 create mode 100644 .omnius/context-window-dumps/2026-07-05T05-43-04-648Z-main-1e18a046ed.json
 create mode 100644 .omnius/context-window-dumps/2026-07-05T05-43-57-095Z-internal-205f89c370.json
 create mode 100644 .omnius/context-window-dumps/2026-07-05T05-43-57-244Z-main-390b3a7e03.json
 create mode 100644 .omnius/context-window-dumps/2026-07-05T05-45-12-262Z-internal-c45ed7db1e.json
 create mode 100644 .omnius/context-window-dumps/2026-07-05T05-45-14-006Z-main-d7026a8ddc.json
 create mode 100644 .omnius/context-window-dumps/2026-07-05T05-46-15-088Z-internal-55e61e619a.json
 create mode 100644 .omnius/context-window-dumps/2026-07-05T05-46-15-239Z-main-b8005e3573.json
 create mode 100644 .omnius/context-window-dumps/2026-07-05T05-47-18-903Z-internal-0b91559a84.json
 create mode 100644 .omnius/context-window-dumps/2026-07-05T05-47-20-699Z-main-ad3b255ebc.json
 create mode 100644 .omnius/context-window-dumps/2026-07-05T05-48-19-343Z-internal-c0164663bc.json
 create mode 100644 .omnius/context-window-dumps/2026-07-05T05-50-19-898Z-internal-647f8ad72b.json
 create mode 100644 .omnius/context-window-dumps/2026-07-05T05-50-20-052Z-main-81a60c9dbb.json
 create mode 100644 .omnius/context-window-dumps/2026-07-05T05-51-18-369Z-internal-94128345d3.json
 create mode 100644 .omnius/context-window-dumps/2026-07-05T05-51-18-531Z-main-3ddb4925e2.json
 create mode 100644 .omnius/context-window-dumps/2026-07-05T05-52-17-414Z-internal-30231961c7.json
 create mode 100644 .omnius/context-window-dumps/2026-07-05T05-52-17-581Z-main-360f23b19b.json
 create mode 100644 .omnius/context-window-dumps/2026-07-05T05-53-13-089Z-internal-0e282bedaf.json
 create mode 100644 .omnius/context-window-dumps/2026-07-05T05-53-13-251Z-main-52fe1b19db.json
 create mode 100644 .omnius/context-window-dumps/2026-07-05T05-54-08-964Z-internal-143ba7d328.json
 create mode 100644 .omnius/context-window-dumps/2026-07-05T05-54-09-155Z-main-e4131480f4.json
 create mode 100644 .omnius/context-window-dumps/2026-07-05T05-55-06-996Z-internal-64f942bd2f.json
 create mode 100644 .omnius/context-window-dumps/2026-07-05T05-55-08-961Z-main-db1cb9cfaf.json
 create mode 100644 .omnius/context-window-dumps/2026-07-05T05-56-05-859Z-internal-b285f3a9b6.json
 create mode 100644 .omnius/context-window-dumps/2026-07-05T05-56-06-014Z-main-4b737f1c50.json
 create mode 100644 .omnius/context-window-dumps/2026-07-05T05-57-06-845Z-main-89aea455a5.json
 create mode 100644 .omnius/context-window-dumps/2026-07-05T05-57-18-050Z-main-6add4f78a5.json
 create mode 100644 .omnius/context-window-dumps/2026-07-05T05-58-18-844Z-main-8fd56a2772.json
 create mode 100644 .omnius/context-window-dumps/2026-07-05T06-00-32-910Z-internal-90fef03b60.json
 create mode 100644 .omnius/context-window-dumps/2026-07-05T06-00-33-097Z-main-59867715ae.json
 create mode 100644 .omnius/context-window-dumps/2026-07-05T06-01-34-727Z-internal-ff6ad81e55.json
 create mode 100644 .omnius/context-window-dumps/2026-07-05T06-01-34-902Z-main-29bdda2e28.json
 create mode 100644 .omnius/context-window-dumps/2026-07-05T06-02-34-616Z-internal-b94d0130b1.json
 create mode 100644 .omnius/context-window-dumps/2026-07-05T06-02-34-799Z-main-90152f1633.json
 create mode 100644 .omnius/context-window-dumps/2026-07-05T06-03-33-693Z-internal-6e56ffd942.json
 create mode 100644 .omnius/context-window-dumps/2026-07-05T06-03-33-895Z-main-a2981ccb64.json
 create mode 100644 .omnius/context-window-dumps/2026-07-05T06-04-32-232Z-internal-9fdd09fc81.json
 create mode 100644 .omnius/context-window-dumps/2026-07-05T06-04-32-493Z-main-c4304497ae.json
 create mode 100644 .omnius/context-window-dumps/2026-07-05T06-05-51-142Z-internal-c3c4410a3e.json
 create mode 100644 .omnius/context-window-dumps/2026-07-05T06-05-53-165Z-main-90c943a212.json
 create mode 100644 .omnius/context-window-dumps/2026-07-05T06-07-22-556Z-internal-2c2920e4c0.json
 create mode 100644 .omnius/context-window-dumps/2026-07-05T06-07-24-392Z-main-f13177b5bb.json
 create mode 100644 .omnius/context-window-dumps/2026-07-05T06-08-25-902Z-main-7027d69f6a.json
 create mode 100644 .omnius/context-window-dumps/2026-07-05T06-09-29-727Z-main-b3771f3dbb.json
 create mode 100644 .omnius/context-window-dumps/2026-07-05T06-10-29-625Z-main-b13433168c.json
 create mode 100644 .omnius/context-window-dumps/2026-07-05T06-11-37-603Z-internal-f24bf170e0.json
 create mode 100644 .omnius/context-window-dumps/2026-07-05T06-11-37-804Z-main-ee2f782b3b.json
 create mode 100644 .omnius/context-window-dumps/2026-07-05T06-12-39-053Z-internal-376206bab8.json
 create mode 100644 .omnius/context-window-dumps/2026-07-05T06-12-39-095Z-main-ea04a087c4.json
 create mode 100644 .omnius/context-window-dumps/2026-07-05T06-13-31-319Z-main-f7e6999797.json
 create mode 100644 .omnius/context-window-dumps/2026-07-05T06-13-59-523Z-internal-9236158031.json
 create mode 100644 .omnius/context-window-dumps/2026-07-05T06-13-59-662Z-main-2a8ccf0d80.json
 create mode 100644 .omnius/context-window-dumps/2026-07-05T06-14-30-967Z-internal-1488e7fe03.json
 create mode 100644 .omnius/context-window-dumps/2026-07-05T06-14-31-147Z-main-7a7598553d.json
 create mode 100644 .omnius/context-window-dumps/2026-07-05T06-15-03-041Z-internal-8cf0716304.json
 create mode 100644 .omnius/context-window-dumps/2026-07-05T06-15-03-132Z-main-42aaf597a2.json
 create mode 100644 .omnius/context-window-dumps/2026-07-05T06-15-30-349Z-internal-68c2ea638d.json
 create mode 100644 .omnius/context-window-dumps/2026-07-05T06-15-30-902Z-main-e17a8899e7.json
 create mode 100644 .omnius/context-window-dumps/2026-07-05T06-15-59-030Z-internal-4e9689a878.json
 create mode 100644 .omnius/context-window-dumps/2026-07-05T06-16-00-071Z-main-50d9172b30.json
 create mode 100644 .omnius/context-window-dumps/2026-07-05T06-16-34-884Z-internal-b290897d9a.json
 create mode 100644 .omnius/context-window-dumps/2026-07-05T06-16-37-089Z-main-2590196f50.json
 create mode 100644 .omnius/context-window-dumps/2026-07-05T06-17-06-988Z-internal-a1d37300ce.json
 create mode 100644 .omnius/context-window-dumps/2026-07-05T06-17-07-062Z-main-6fdb158f95.json
 create mode 100644 .omnius/context-window-dumps/2026-07-05T06-17-39-259Z-internal-a508290302.json
 create mode 100644 .omnius/context-window-dumps/2026-07-05T06-17-39-370Z-main-8154122799.json
 create mode 100644 .omnius/context-window-dumps/2026-07-05T06-18-10-532Z-internal-8efa2536c1.json
 create mode 100644 .omnius/context-window-dumps/2026-07-05T06-18-10-627Z-main-1ffadbe736.json
 create mode 100644 .omnius/context-window-dumps/2026-07-05T06-18-50-203Z-internal-9ae38e45e7.json
 create mode 100644 .omnius/context-window-dumps/2026-07-05T06-18-50-258Z-main-8f39b5090d.json
 create mode 100644 .omnius/context-window-dumps/2026-07-05T06-19-24-862Z-internal-03bb6e23e3.json
 create mode 100644 .omnius/context-window-dumps/2026-07-05T06-19-24-922Z-main-fc23b641b2.json
 create mode 100644 .omnius/context-window-dumps/2026-07-05T06-20-05-041Z-internal-ceb1fa2824.json
 create mode 100644 .omnius/context-window-dumps/2026-07-05T06-20-05-095Z-main-9d1924edf2.json
 create mode 100644 .omnius/context-window-dumps/2026-07-05T06-20-39-810Z-internal-66965330ed.json
 create mode 100644 .omnius/context-window-dumps/2026-07-05T06-20-39-871Z-main-95e4e40a60.json
 create mode 100644 .omnius/context-window-dumps/2026-07-05T06-21-10-276Z-internal-4b00c684fa.json
 create mode 100644 .omnius/context-window-dumps/2026-07-05T06-21-10-379Z-main-e2b854140d.json
 create mode 100644 .omnius/context-window-dumps/2026-07-05T06-21-48-588Z-internal-238045ae22.json
 create mode 100644 .omnius/context-window-dumps/2026-07-05T06-21-48-734Z-main-2f2a047c7b.json
 create mode 100644 .omnius/context-window-dumps/2026-07-05T06-22-21-469Z-internal-a114d73cfc.json
 create mode 100644 .omnius/context-window-dumps/2026-07-05T06-22-21-579Z-main-ea3ad9191b.json
 create mode 100644 .omnius/context-window-dumps/2026-07-05T06-22-58-177Z-main-fa26864449.json
 create mode 100644 .omnius/context-window-dumps/2026-07-05T06-23-27-442Z-internal-b72a610c69.json
 create mode 100644 .omnius/context-window-dumps/2026-07-05T06-23-27-539Z-main-5e3cabc42e.json
 create mode 100644 .omnius/context-window-dumps/2026-07-05T06-23-59-593Z-internal-9e15eddd85.json
 create mode 100644 .omnius/context-window-dumps/2026-07-05T06-23-59-655Z-main-89d24721fc.json
 create mode 100644 .omnius/context-window-dumps/2026-07-05T06-24-41-086Z-internal-f9ffe21acf.json
 create mode 100644 .omnius/context-window-dumps/2026-07-05T06-24-41-150Z-main-2f9a07212a.json
 create mode 100644 .omnius/context-window-dumps/2026-07-05T06-28-55-095Z-main-cabc09f04e.json
 create mode 100644 .omnius/context-window-dumps/2026-07-05T06-28-55-103Z-internal-1d09e366aa.json
 create mode 100644 .omnius/context-window-dumps/2026-07-05T06-29-37-105Z-internal-8c8dadf06a.json
 create mode 100644 .omnius/context-window-dumps/2026-07-05T06-29-37-168Z-main-999d81dff2.json
 create mode 100644 .omnius/context-window-dumps/2026-07-05T06-30-14-410Z-internal-ea1af61352.json
 create mode 100644 .omnius/context-window-dumps/2026-07-05T06-30-14-534Z-main-bffea718f2.json
 create mode 100644 .omnius/context-window-dumps/2026-07-05T06-30-58-873Z-internal-99fead0428.json
 create mode 100644 .omnius/context-window-dumps/2026-07-05T06-30-58-949Z-main-f5ea89d2db.json
 create mode 100644 .omnius/context-window-dumps/2026-07-05T06-31-36-657Z-internal-feaa5cfbe0.json
 create mode 100644 .omnius/context-window-dumps/2026-07-05T06-31-36-772Z-main-30a36388e8.json
 create mode 100644 .omnius/context-window-dumps/2026-07-05T06-32-24-748Z-internal-0935741b15.json
 create mode 100644 .omnius/context-window-dumps/2026-07-05T06-32-24-913Z-main-6c7122b44d.json
 create mode 100644 .omnius/context-window-dumps/2026-07-05T06-35-03-050Z-internal-1fb991759a.json
 create mode 100644 .omnius/context-window-dumps/2026-07-05T06-35-03-201Z-main-00677bfcde.json
 create mode 100644 .omnius/context-window-dumps/2026-07-05T06-35-45-879Z-internal-b9fe72f378.json
 create mode 100644 .omnius/context-window-dumps/2026-07-05T06-35-46-056Z-main-60637bb762.json
 create mode 100644 .omnius/context-window-dumps/2026-07-05T06-36-22-260Z-internal-f075923489.json
 create mode 100644 .omnius/context-window-dumps/2026-07-05T06-36-22-392Z-main-99b47f4a59.json
 create mode 100644 .omnius/context-window-dumps/2026-07-05T06-37-06-388Z-internal-7418a0e50b.json
 create mode 100644 .omnius/context-window-dumps/2026-07-05T06-37-06-524Z-main-662001a203.json
 create mode 100644 .omnius/context-window-dumps/2026-07-05T06-37-59-147Z-internal-643e375664.json
 create mode 100644 .omnius/context-window-dumps/2026-07-05T06-37-59-272Z-main-cc5715ab25.json
 create mode 100644 .omnius/context-window-dumps/2026-07-05T06-38-35-951Z-main-9b4cc6c0e0.json
 create mode 100644 .omnius/context-window-dumps/2026-07-05T06-39-05-374Z-main-3edaccaddb.json
 create mode 100644 .omnius/context-window-dumps/2026-07-05T06-39-46-272Z-main-398acd9b8f.json
 create mode 100644 .omnius/context-window-dumps/2026-07-05T06-40-17-543Z-main-65cd24131a.json
 create mode 100644 .omnius/context-window-dumps/2026-07-05T06-40-57-395Z-main-0d0c49316e.json
 create mode 100644 .omnius/context-window-dumps/2026-07-05T06-41-38-169Z-internal-f19ad1cca5.json
 create mode 100644 .omnius/context-window-dumps/2026-07-05T06-42-07-246Z-internal-b822db8e47.json
 create mode 100644 .omnius/context-window-dumps/2026-07-05T06-42-14-579Z-main-dfffe33c6b.json
 create mode 100644 .omnius/context-window-dumps/2026-07-05T06-42-53-669Z-main-20ee47e714.json
 create mode 100644 .omnius/context-window-dumps/2026-07-05T06-43-37-673Z-main-ea22abe1a1.json
 create mode 100644 .omnius/context-window-dumps/2026-07-05T06-44-23-196Z-main-5551bea3e6.json
 create mode 100644 .omnius/context-window-dumps/2026-07-05T06-45-30-638Z-main-a962393972.json
 create mode 100644 .omnius/context-window-dumps/2026-07-05T06-46-20-812Z-internal-33a3955b7d.json
 create mode 100644 .omnius/context-window-dumps/2026-07-05T06-46-20-892Z-main-1767a3acb3.json
 create mode 100644 .omnius/context-window-dumps/2026-07-05T06-47-01-766Z-internal-4b40bb6731.json
 create mode 100644 .omnius/context-window-dumps/2026-07-05T06-47-01-853Z-main-961459c370.json
 create mode 100644 .omnius/context-window-dumps/2026-07-05T06-47-48-460Z-internal-a848652750.json
 create mode 100644 .omnius/context-window-dumps/2026-07-05T06-47-48-597Z-main-bbebc695b6.json
 create mode 100644 .omnius/context-window-dumps/2026-07-05T06-48-40-661Z-internal-6a9ec437ce.json
 create mode 100644 .omnius/context-window-dumps/2026-07-05T06-48-40-735Z-main-562e0f593a.json
 create mode 100644 .omnius/context-window-dumps/2026-07-05T06-49-26-663Z-internal-60eb811ec0.json
 create mode 100644 .omnius/context-window-dumps/2026-07-05T06-49-26-756Z-main-218b8bfa06.json
 create mode 100644 .omnius/context-window-dumps/2026-07-05T06-53-55-446Z-main-03e56730ce.json
 create mode 100644 .omnius/context-window-dumps/2026-07-05T06-53-55-453Z-internal-a4a8de9aed.json
 create mode 100644 .omnius/context-window-dumps/2026-07-05T06-54-46-449Z-internal-b45bfe9fb7.json
 create mode 100644 .omnius/context-window-dumps/2026-07-05T06-54-46-528Z-main-fa9c057d2c.json
 create mode 100644 .omnius/context-window-dumps/2026-07-05T06-55-29-800Z-internal-abc9750460.json
 create mode 100644 .omnius/context-window-dumps/2026-07-05T06-55-29-935Z-main-65f75ae00e.json
 create mode 100644 .omnius/context-window-dumps/2026-07-05T06-56-13-881Z-internal-3197d0affc.json
 create mode 100644 .omnius/context-window-dumps/2026-07-05T06-56-15-851Z-main-317e815637.json
 create mode 100644 .omnius/context-window-dumps/2026-07-05T06-56-59-807Z-internal-5f9923a43e.json
 create mode 100644 .omnius/context-window-dumps/2026-07-05T06-56-59-900Z-main-f65dea3bbc.json
 create mode 100644 .omnius/context-window-dumps/2026-07-05T06-57-43-862Z-internal-4214cd2fd2.json
 create mode 100644 .omnius/context-window-dumps/2026-07-05T06-57-43-956Z-main-27c41a01b5.json
 create mode 100644 .omnius/context-window-dumps/2026-07-05T06-58-28-423Z-internal-044be2a96b.json
 create mode 100644 .omnius/context-window-dumps/2026-07-05T06-58-28-516Z-main-8249dcc5bc.json
 create mode 100644 .omnius/context-window-dumps/2026-07-05T06-59-13-227Z-internal-515c28cbe6.json
 create mode 100644 .omnius/context-window-dumps/2026-07-05T06-59-13-316Z-main-2686ce46a7.json
 create mode 100644 .omnius/context-window-dumps/2026-07-05T06-59-57-546Z-internal-f3c7a9e61d.json
 create mode 100644 .omnius/context-window-dumps/2026-07-05T06-59-57-636Z-main-8acc2df1c9.json
 create mode 100644 .omnius/context-window-dumps/2026-07-05T07-00-41-876Z-internal-3af46f8c5b.json
 create mode 100644 .omnius/context-window-dumps/2026-07-05T07-00-41-973Z-main-430246c1e3.json
 create mode 100644 .omnius/context-window-dumps/2026-07-05T07-01-26-537Z-internal-c0fadfbe43.json
 create mode 100644 .omnius/context-window-dumps/2026-07-05T07-01-26-625Z-main-a3e6760597.json
 create mode 100644 .omnius/context-window-dumps/2026-07-05T07-02-12-575Z-internal-893bde899b.json
 create mode 100644 .omnius/context-window-dumps/2026-07-05T07-02-12-665Z-main-468b50a728.json
 create mode 100644 .omnius/context-window-dumps/2026-07-05T07-02-59-500Z-internal-741b6dbd99.json
 create mode 100644 .omnius/context-window-dumps/2026-07-05T07-02-59-592Z-main-287a32a75c.json
 create mode 100644 .omnius/context-window-dumps/2026-07-05T07-03-47-193Z-internal-8725ffd283.json
 create mode 100644 .omnius/context-window-dumps/2026-07-05T07-03-47-286Z-main-8f82b71994.json
 create mode 100644 .omnius/context-window-dumps/2026-07-05T07-04-31-809Z-internal-9221ea7174.json
 create mode 100644 .omnius/context-window-dumps/2026-07-05T07-04-32-007Z-main-4becd792ab.json
 create mode 100644 .omnius/context-window-dumps/2026-07-05T07-05-20-288Z-internal-1a02024a47.json
 create mode 100644 .omnius/context-window-dumps/2026-07-05T07-05-21-391Z-internal-fdf7ed41e8.json
 create mode 100644 .omnius/context-window-dumps/2026-07-05T07-05-21-975Z-internal-ec72f89c31.json
 create mode 100644 .omnius/context-window-dumps/2026-07-05T07-06-12-512Z-internal-10dded90c5.json
 create mode 100644 .omnius/context-window-dumps/2026-07-05T07-07-20-845Z-internal-a78602309f.json
 create mode 100644 .omnius/context-window-dumps/2026-07-05T07-18-59-432Z-main-5c120f1402.json
 create mode 100644 .omnius/context-window-dumps/2026-07-05T07-18-59-445Z-internal-eb927ade91.json
 create mode 100644 .omnius/context-window-dumps/2026-07-05T07-20-08-703Z-internal-3136cd24eb.json
 create mode 100644 .omnius/context-window-dumps/2026-07-05T07-20-09-881Z-main-243ab748d9.json
 create mode 100644 .omnius/context-window-dumps/2026-07-05T07-21-29-785Z-internal-5af283fbe2.json
 create mode 100644 .omnius/context-window-dumps/2026-07-05T07-21-30-154Z-main-d9facfa581.json
 create mode 100644 .omnius/context-window-dumps/2026-07-05T07-22-51-033Z-internal-ea5c37d34b.json
 create mode 100644 .omnius/context-window-dumps/2026-07-05T07-22-51-071Z-internal-62bd6b44b9.json
 create mode 100644 .omnius/context-window-dumps/2026-07-05T07-22-52-238Z-internal-acc8f22c83.json
 create mode 100644 .omnius/context-window-dumps/2026-07-05T07-23-21-824Z-internal-377dbc88a3.json
 create mode 100644 .omnius/context-window-dumps/2026-07-05T07-23-22-352Z-internal-f810b1f463.json
 create mode 100644 .omnius/context-window-dumps/2026-07-05T07-23-51-979Z-internal-c4aa3a2dcd.json
 create mode 100644 .omnius/context-window-dumps/2026-07-05T07-23-52-432Z-main-4f4762965c.json
 create mode 100644 .omnius/context-window-dumps/index.jsonl
 create mode 100644 .omnius/context-window-dumps/latest-adversary.json
 create mode 100644 .omnius/context-window-dumps/latest-internal.json
 create mode 100644 .omnius/context-window-dumps/latest-main.json
 create mode 100644 .omnius/context-window-dumps/latest.json
 create mode 100644 .omnius/context/carousel-descriptors.json
 create mode 100644 .omnius/context/project-map.md
 create mode 100644 .omnius/context/session-context.events.jsonl
 create mode 100644 .omnius/context/session-context.json
 create mode 100644 .omnius/context/session-diary.md
 create mode 100644 .omnius/context/skills-compressed.json
 create mode 100644 .omnius/context/steering-ledger.jsonl
 create mode 100644 .omnius/context/task-handoff.json
 create mode 100644 .omnius/context/tool-profile.json
 create mode 100644 .omnius/convergence-ledger.json
 create mode 100644 .omnius/debug-library/CONTRACT.md
 create mode 100644 .omnius/debug-library/README.md
 create mode 100644 .omnius/debug-library/index.json
 create mode 100644 .omnius/debug-library/runs/1783048896353-3kt1zu/README.md
 create mode 100644 .omnius/debug-library/runs/1783048896353-3kt1zu/events.jsonl
 create mode 100644 .omnius/debug-library/runs/1783048896353-3kt1zu/events/turn-0000/2026-07-03T03-21-37-023Z-context-fd19cf596f.json
 create mode 100644 .omnius/debug-library/runs/1783048896353-3kt1zu/events/turn-0000/2026-07-03T03-22-06-466Z-context-598f4ec7e3.json
 create mode 100644 .omnius/debug-library/runs/1783048896353-3kt1zu/events/turn-0000/2026-07-03T03-22-19-482Z-shell-68153748ad.json
 create mode 100644 .omnius/debug-library/runs/1783048896353-3kt1zu/events/turn-0000/2026-07-03T03-22-36-185Z-context-7bd8e4a20a.json
 create mode 100644 .omnius/debug-library/runs/1783048896353-3kt1zu/events/turn-0000/2026-07-03T03-22-45-810Z-context-6caa7f01d8.json
 create mode 100644 .omnius/debug-library/runs/1783048896353-3kt1zu/events/turn-0000/2026-07-03T03-24-23-583Z-context-5ebce96b31.json
 create mode 100644 .omnius/debug-library/runs/1783048896353-3kt1zu/events/turn-0000/2026-07-03T03-25-04-500Z-context-bb87152ea5.json
 create mode 100644 .omnius/debug-library/runs/1783048896353-3kt1zu/events/turn-0000/2026-07-03T03-25-46-352Z-context-31e1b4a737.json
 create mode 100644 .omnius/debug-library/runs/1783048896353-3kt1zu/events/turn-0000/2026-07-03T03-26-17-579Z-context-273d6bf172.json
 create mode 100644 .omnius/debug-library/runs/1783048896353-3kt1zu/events/turn-0000/2026-07-03T03-26-59-241Z-context-e2612260e3.json
 create mode 100644 .omnius/debug-library/runs/1783048896353-3kt1zu/events/turn-0000/2026-07-03T03-27-40-996Z-context-0df7cabe99.json
 create mode 100644 .omnius/debug-library/runs/1783048896353-3kt1zu/events/turn-0000/2026-07-03T03-28-13-413Z-context-8cac041c99.json
 create mode 100644 .omnius/debug-library/runs/1783048896353-3kt1zu/events/turn-0000/2026-07-03T03-28-56-844Z-context-f5f90c63b7.json
 create mode 100644 .omnius/debug-library/runs/1783048896353-3kt1zu/events/turn-0000/2026-07-03T03-29-35-178Z-context-3c918a652c.json
 create mode 100644 .omnius/debug-library/runs/1783048896353-3kt1zu/events/turn-0000/2026-07-03T03-39-11-501Z-context-ba3afd9cdd.json
 create mode 100644 .omnius/debug-library/runs/1783048896353-3kt1zu/events/turn-0000/2026-07-03T03-39-52-489Z-context-a57708b759.json
 create mode 100644 .omnius/debug-library/runs/1783048896353-3kt1zu/events/turn-0000/2026-07-03T03-40-00-696Z-context-313429dd9d.json
 create mode 100644 .omnius/debug-library/runs/1783048896353-3kt1zu/events/turn-0000/2026-07-03T03-40-54-364Z-context-ba903804ce.json
 create mode 100644 .omnius/debug-library/runs/1783048896353-3kt1zu/events/turn-0000/2026-07-03T03-41-02-628Z-context-df9cd06680.json
 create mode 100644 .omnius/debug-library/runs/1783048896353-3kt1zu/events/turn-0000/2026-07-03T03-41-47-943Z-context-6b516fbf0e.json
 create mode 100644 .omnius/debug-library/runs/1783048896353-3kt1zu/events/turn-0000/2026-07-03T03-41-55-944Z-context-3919e900a6.json
 create mode 100644 .omnius/debug-library/runs/1783048896353-3kt1zu/events/turn-0000/2026-07-03T03-42-56-913Z-context-3c3dad4cca.json
 create mode 100644 .omnius/debug-library/runs/1783048896353-3kt1zu/events/turn-0000/2026-07-03T03-43-04-812Z-context-485b1f1933.json
 create mode 100644 .omnius/debug-library/runs/1783048896353-3kt1zu/events/turn-0000/2026-07-03T03-44-04-685Z-context-a0cba3cac8.json
 create mode 100644 .omnius/debug-library/runs/1783048896353-3kt1zu/events/turn-0000/2026-07-03T03-44-13-077Z-context-687eb5cf53.json
 create mode 100644 .omnius/debug-library/runs/1783048896353-3kt1zu/events/turn-0000/2026-07-03T03-45-15-657Z-context-94417ae7a9.json
 create mode 100644 .omnius/debug-library/runs/1783048896353-3kt1zu/events/turn-0000/2026-07-03T03-45-23-690Z-context-f1ddd28d4e.json
 create mode 100644 .omnius/debug-library/runs/1783048896353-3kt1zu/events/turn-0000/2026-07-03T03-46-15-783Z-context-a5d07a33ea.json
 create mode 100644 .omnius/debug-library/runs/1783048896353-3kt1zu/events/turn-0000/2026-07-03T03-46-23-785Z-context-6a6fa0c682.json
 create mode 100644 .omnius/debug-library/runs/1783048896353-3kt1zu/events/turn-0000/2026-07-03T03-47-17-946Z-context-65eff095a2.json
 create mode 100644 .omnius/debug-library/runs/1783048896353-3kt1zu/events/turn-0000/2026-07-03T03-47-25-822Z-context-4fe9957522.json
 create mode 100644 .omnius/debug-library/runs/1783048896353-3kt1zu/events/turn-0000/2026-07-03T03-48-21-628Z-context-cffd470d57.json
 create mode 100644 .omnius/debug-library/runs/1783048896353-3kt1zu/events/turn-0000/2026-07-03T03-48-29-579Z-context-4d61a3209a.json
 create mode 100644 .omnius/debug-library/runs/1783048896353-3kt1zu/events/turn-0000/2026-07-03T03-49-23-371Z-context-ddd4a3caf2.json
 create mode 100644 .omnius/debug-library/runs/1783048896353-3kt1zu/events/turn-0000/2026-07-03T03-49-31-260Z-context-075b85a1da.json
 create mode 100644 .omnius/debug-library/runs/1783048896353-3kt1zu/events/turn-0000/2026-07-03T03-50-29-604Z-context-598a0fb8a7.json
 create mode 100644 .omnius/debug-library/runs/1783048896353-3kt1zu/events/turn-0000/2026-07-03T03-50-37-519Z-context-71d2fd4d0d.json
 create mode 100644 .omnius/debug-library/runs/1783048896353-3kt1zu/events/turn-0000/2026-07-03T03-51-34-792Z-context-75ca5d6dbf.json
 create mode 100644 .omnius/debug-library/runs/1783048896353-3kt1zu/events/turn-0000/2026-07-03T03-51-42-732Z-context-feb151f3c4.json
 create mode 100644 .omnius/debug-library/runs/1783048896353-3kt1zu/events/turn-0000/2026-07-03T03-52-41-438Z-context-e9e1d330e0.json
 create mode 100644 .omnius/debug-library/runs/1783048896353-3kt1zu/events/turn-0000/2026-07-03T03-53-46-419Z-context-c218fedf7f.json
 create mode 100644 .omnius/debug-library/runs/1783048896353-3kt1zu/events/turn-0000/2026-07-03T03-53-46-634Z-context-ffb1f36cad.json
 create mode 100644 .omnius/debug-library/runs/1783048896353-3kt1zu/events/turn-0000/2026-07-03T03-53-46-703Z-context-31466589dd.json
 create mode 100644 .omnius/debug-library/runs/1783048896353-3kt1zu/events/turn-0000/2026-07-03T03-56-08-117Z-context-160fe8960d.json
 create mode 100644 .omnius/debug-library/runs/1783048896353-3kt1zu/events/turn-0000/2026-07-03T03-56-22-549Z-context-d5acbe7e2d.json
 create mode 100644 .omnius/debug-library/runs/1783048896353-3kt1zu/events/turn-0000/2026-07-04T07-18-56-596Z-context-8180357fd9.json
 create mode 100644 .omnius/debug-library/runs/1783048896353-3kt1zu/events/turn-0000/2026-07-04T07-19-29-071Z-context-5557678a35.json
 create mode 100644 .omnius/debug-library/runs/1783048896353-3kt1zu/events/turn-0000/2026-07-04T07-26-29-473Z-context-6afbfa7c21.json
 create mode 100644 .omnius/debug-library/runs/1783048896353-3kt1zu/events/turn-0000/2026-07-04T07-27-34-343Z-context-68b55a8f27.json
 create mode 100644 .omnius/debug-library/runs/1783048896353-3kt1zu/events/turn-0000/2026-07-04T07-28-43-398Z-context-6d19d38266.json
 create mode 100644 .omnius/debug-library/runs/1783048896353-3kt1zu/events/turn-0000/2026-07-04T07-29-39-940Z-context-ae4196d4bb.json
 create mode 100644 .omnius/debug-library/runs/1783048896353-3kt1zu/events/turn-0000/2026-07-04T07-30-45-340Z-context-a59b83b374.json
 create mode 100644 .omnius/debug-library/runs/1783048896353-3kt1zu/events/turn-0000/2026-07-04T07-31-45-381Z-context-cc78109de9.json
 create mode 100644 .omnius/debug-library/runs/1783048896353-3kt1zu/events/turn-0000/2026-07-04T07-32-22-702Z-context-dfa7bf0f6e.json
 create mode 100644 .omnius/debug-library/runs/1783048896353-3kt1zu/events/turn-0000/2026-07-04T07-33-12-107Z-context-ffba005eb5.json
 create mode 100644 .omnius/debug-library/runs/1783048896353-3kt1zu/events/turn-0000/2026-07-04T07-34-14-422Z-context-aac3b44749.json
 create mode 100644 .omnius/debug-library/runs/1783048896353-3kt1zu/events/turn-0000/2026-07-04T07-35-19-189Z-context-fb04e2d2bc.json
 create mode 100644 .omnius/debug-library/runs/1783048896353-3kt1zu/events/turn-0000/2026-07-04T07-36-28-287Z-context-a7a4e6a71b.json
 create mode 100644 .omnius/debug-library/runs/1783048896353-3kt1zu/events/turn-0000/2026-07-04T07-37-35-935Z-context-ed3d2a7951.json
 create mode 100644 .omnius/debug-library/runs/1783048896353-3kt1zu/events/turn-0000/2026-07-04T07-38-41-946Z-context-337ab5a2ba.json
 create mode 100644 .omnius/debug-library/runs/1783048896353-3kt1zu/events/turn-0000/2026-07-04T07-39-53-251Z-context-863b56ea90.json
 create mode 100644 .omnius/debug-library/runs/1783048896353-3kt1zu/events/turn-0000/2026-07-04T07-41-06-621Z-context-219a03dad3.json
 create mode 100644 .omnius/debug-library/runs/1783048896353-3kt1zu/events/turn-0000/2026-07-04T07-42-24-517Z-context-7e33d68c73.json
 create mode 100644 .omnius/debug-library/runs/1783048896353-3kt1zu/events/turn-0001/2026-07-03T03-22-06-277Z-context-bb17e8308e.json
 create mode 100644 .omnius/debug-library/runs/1783048896353-3kt1zu/events/turn-0001/2026-07-03T03-53-57-493Z-context-3933ae3895.json
 create mode 100644 .omnius/debug-library/runs/1783048896353-3kt1zu/events/turn-0001/2026-07-03T03-54-09-961Z-context-90fa88199e.json
 create mode 100644 .omnius/debug-library/runs/1783048896353-3kt1zu/events/turn-0001/2026-07-03T03-55-32-586Z-task_complete-c7eb0884ed.json
 create mode 100644 .omnius/debug-library/runs/1783048896353-3kt1zu/events/turn-0001/2026-07-03T03-55-58-889Z-task_complete-03c793d147.json
 create mode 100644 .omnius/debug-library/runs/1783048896353-3kt1zu/events/turn-0001/2026-07-04T07-19-29-015Z-context-00e2d0787e.json
 create mode 100644 .omnius/debug-library/runs/1783048896353-3kt1zu/events/turn-0002/2026-07-03T03-22-19-495Z-context-af344b8923.json
 create mode 100644 .omnius/debug-library/runs/1783048896353-3kt1zu/events/turn-0002/2026-07-03T03-23-08-963Z-shell-f167b2438f.json
 create mode 100644 .omnius/debug-library/runs/1783048896353-3kt1zu/events/turn-0002/2026-07-03T03-23-09-738Z-file_read-88615dad08.json
 create mode 100644 .omnius/debug-library/runs/1783048896353-3kt1zu/events/turn-0002/2026-07-03T03-54-08-158Z-context-25819ce0ff.json
 create mode 100644 .omnius/debug-library/runs/1783048896353-3kt1zu/events/turn-0002/2026-07-03T03-55-19-224Z-context-00a91cd36d.json
 create mode 100644 .omnius/debug-library/runs/1783048896353-3kt1zu/events/turn-0002/2026-07-04T07-20-24-668Z-context-f3b5465a57.json
 create mode 100644 .omnius/debug-library/runs/1783048896353-3kt1zu/events/turn-0003/2026-07-03T03-22-38-334Z-context-fe3dbbedd0.json
 create mode 100644 .omnius/debug-library/runs/1783048896353-3kt1zu/events/turn-0003/2026-07-03T03-55-04-287Z-context-77dd3584ed.json
 create mode 100644 .omnius/debug-library/runs/1783048896353-3kt1zu/events/turn-0003/2026-07-03T03-55-48-131Z-context-74ce52e886.json
 create mode 100644 .omnius/debug-library/runs/1783048896353-3kt1zu/events/turn-0003/2026-07-03T03-56-08-111Z-file_write-5c1e89de1b.json
 create mode 100644 .omnius/debug-library/runs/1783048896353-3kt1zu/events/turn-0003/2026-07-03T03-56-22-542Z-file_write-5e4b9e17a5.json
 create mode 100644 .omnius/debug-library/runs/1783048896353-3kt1zu/events/turn-0003/2026-07-04T07-22-25-799Z-context-31db7e3cc6.json
 create mode 100644 .omnius/debug-library/runs/1783048896353-3kt1zu/events/turn-0004/2026-07-03T03-23-09-750Z-context-1b7879e9f0.json
 create mode 100644 .omnius/debug-library/runs/1783048896353-3kt1zu/events/turn-0004/2026-07-03T03-24-23-318Z-shell-89c7fc91e8.json
 create mode 100644 .omnius/debug-library/runs/1783048896353-3kt1zu/events/turn-0004/2026-07-03T03-55-32-591Z-context-eb3bf936b3.json
 create mode 100644 .omnius/debug-library/runs/1783048896353-3kt1zu/events/turn-0004/2026-07-03T03-55-58-896Z-context-4745ea5e04.json
 create mode 100644 .omnius/debug-library/runs/1783048896353-3kt1zu/events/turn-0004/2026-07-03T03-56-32-952Z-task_complete-c7eb0884ed.json
 create mode 100644 .omnius/debug-library/runs/1783048896353-3kt1zu/events/turn-0004/2026-07-03T03-56-43-754Z-task_complete-8f64104c88.json
 create mode 100644 .omnius/debug-library/runs/1783048896353-3kt1zu/events/turn-0004/2026-07-04T07-24-21-315Z-context-2ddafe04fc.json
 create mode 100644 .omnius/debug-library/runs/1783048896353-3kt1zu/events/turn-0004/2026-07-04T07-26-29-246Z-file_edit-12cceb43bc.json
 create mode 100644 .omnius/debug-library/runs/1783048896353-3kt1zu/events/turn-0005/2026-07-03T03-23-47-482Z-context-d2e874cc15.json
 create mode 100644 .omnius/debug-library/runs/1783048896353-3kt1zu/events/turn-0005/2026-07-03T03-25-04-215Z-file_write-fb6ee4fb17.json
 create mode 100644 .omnius/debug-library/runs/1783048896353-3kt1zu/events/turn-0005/2026-07-03T03-25-21-366Z-file_write-f0d70233fc.json
 create mode 100644 .omnius/debug-library/runs/1783048896353-3kt1zu/events/turn-0005/2026-07-03T03-25-21-471Z-file_write-5ddf53d605.json
 create mode 100644 .omnius/debug-library/runs/1783048896353-3kt1zu/events/turn-0005/2026-07-04T07-25-20-954Z-context-bcca3891a3.json
 create mode 100644 .omnius/debug-library/runs/1783048896353-3kt1zu/events/turn-0005/2026-07-04T07-27-34-108Z-file_edit-28ce8a5071.json
 create mode 100644 .omnius/debug-library/runs/1783048896353-3kt1zu/events/turn-0006/2026-07-03T03-24-23-335Z-context-9c81a5c839.json
 create mode 100644 .omnius/debug-library/runs/1783048896353-3kt1zu/events/turn-0006/2026-07-03T03-25-46-088Z-shell-5b220e295b.json
 create mode 100644 .omnius/debug-library/runs/1783048896353-3kt1zu/events/turn-0006/2026-07-04T07-26-29-262Z-context-9a8ff2a806.json
 create mode 100644 .omnius/debug-library/runs/1783048896353-3kt1zu/events/turn-0006/2026-07-04T07-28-43-148Z-file_edit-28ce8a5071.json
 create mode 100644 .omnius/debug-library/runs/1783048896353-3kt1zu/events/turn-0007/2026-07-03T03-25-21-485Z-context-c1124fb0fa.json
 create mode 100644 .omnius/debug-library/runs/1783048896353-3kt1zu/events/turn-0007/2026-07-03T03-26-17-321Z-shell-5b220e295b.json
 create mode 100644 .omnius/debug-library/runs/1783048896353-3kt1zu/events/turn-0007/2026-07-04T07-27-34-122Z-context-e88e16e25e.json
 create mode 100644 .omnius/debug-library/runs/1783048896353-3kt1zu/events/turn-0008/2026-07-03T03-25-46-111Z-context-08bc2e8ea9.json
 create mode 100644 .omnius/debug-library/runs/1783048896353-3kt1zu/events/turn-0008/2026-07-03T03-26-58-928Z-shell-3362827642.json
 create mode 100644 .omnius/debug-library/runs/1783048896353-3kt1zu/events/turn-0008/2026-07-04T07-28-43-186Z-context-4f53fc6bdf.json
 create mode 100644 .omnius/debug-library/runs/1783048896353-3kt1zu/events/turn-0008/2026-07-04T07-30-45-112Z-file_edit-28ce8a5071.json
 create mode 100644 .omnius/debug-library/runs/1783048896353-3kt1zu/events/turn-0009/2026-07-03T03-26-17-341Z-context-51b9256c28.json
 create mode 100644 .omnius/debug-library/runs/1783048896353-3kt1zu/events/turn-0009/2026-07-03T03-28-13-158Z-shell-74b06a8934.json
 create mode 100644 .omnius/debug-library/runs/1783048896353-3kt1zu/events/turn-0009/2026-07-04T07-29-39-712Z-context-01142cbf92.json
 create mode 100644 .omnius/debug-library/runs/1783048896353-3kt1zu/events/turn-0009/2026-07-04T07-31-45-150Z-file_patch-39240ba3fe.json
 create mode 100644 .omnius/debug-library/runs/1783048896353-3kt1zu/events/turn-0010/2026-07-04T07-30-45-132Z-context-36c4d6f7d7.json
 create mode 100644 .omnius/debug-library/runs/1783048896353-3kt1zu/events/turn-0010/2026-07-04T07-32-22-449Z-file_patch-d88e38ab76.json
 create mode 100644 .omnius/debug-library/runs/1783048896353-3kt1zu/events/turn-0011/2026-07-03T03-27-40-768Z-context-423d306139.json
 create mode 100644 .omnius/debug-library/runs/1783048896353-3kt1zu/events/turn-0011/2026-07-03T03-28-56-605Z-file_write-fb6ee4fb17.json
 create mode 100644 .omnius/debug-library/runs/1783048896353-3kt1zu/events/turn-0011/2026-07-04T07-31-45-166Z-context-751d018fda.json
 create mode 100644 .omnius/debug-library/runs/1783048896353-3kt1zu/events/turn-0011/2026-07-04T07-33-11-947Z-file_patch-65c34a1d17.json
 create mode 100644 .omnius/debug-library/runs/1783048896353-3kt1zu/events/turn-0012/2026-07-03T03-28-13-177Z-context-95657df55a.json
 create mode 100644 .omnius/debug-library/runs/1783048896353-3kt1zu/events/turn-0012/2026-07-04T07-32-22-485Z-context-3d1ae20752.json
 create mode 100644 .omnius/debug-library/runs/1783048896353-3kt1zu/events/turn-0012/2026-07-04T07-34-14-153Z-file_patch-39240ba3fe.json
 create mode 100644 .omnius/debug-library/runs/1783048896353-3kt1zu/events/turn-0013/2026-07-03T03-28-56-623Z-context-599a01185b.json
 create mode 100644 .omnius/debug-library/runs/1783048896353-3kt1zu/events/turn-0013/2026-07-03T03-31-02-823Z-file_write-787516ad00.json
 create mode 100644 .omnius/debug-library/runs/1783048896353-3kt1zu/events/turn-0013/2026-07-03T03-31-05-650Z-file_write-a648c32ff9.json
 create mode 100644 .omnius/debug-library/runs/1783048896353-3kt1zu/events/turn-0013/2026-07-03T03-31-08-654Z-file_write-41e31ba57a.json
 create mode 100644 .omnius/debug-library/runs/1783048896353-3kt1zu/events/turn-0013/2026-07-03T03-31-11-565Z-file_write-414bb6a208.json
 create mode 100644 .omnius/debug-library/runs/1783048896353-3kt1zu/events/turn-0013/2026-07-03T03-31-14-883Z-file_write-5c5962ae8a.json
 create mode 100644 .omnius/debug-library/runs/1783048896353-3kt1zu/events/turn-0013/2026-07-03T03-31-14-989Z-file_write-0eebf6e7b9.json
 create mode 100644 .omnius/debug-library/runs/1783048896353-3kt1zu/events/turn-0013/2026-07-04T07-33-11-960Z-context-345da79fe9.json
 create mode 100644 .omnius/debug-library/runs/1783048896353-3kt1zu/events/turn-0013/2026-07-04T07-35-19-048Z-file_patch-65c34a1d17.json
 create mode 100644 .omnius/debug-library/runs/1783048896353-3kt1zu/events/turn-0014/2026-07-03T03-30-25-229Z-context-aaa0ac575c.json
 create mode 100644 .omnius/debug-library/runs/1783048896353-3kt1zu/events/turn-0014/2026-07-04T07-34-14-167Z-context-c55ccf073c.json
 create mode 100644 .omnius/debug-library/runs/1783048896353-3kt1zu/events/turn-0014/2026-07-04T07-36-28-158Z-file_patch-65c34a1d17.json
 create mode 100644 .omnius/debug-library/runs/1783048896353-3kt1zu/events/turn-0015/2026-07-03T03-31-15-007Z-context-573f0ede43.json
 create mode 100644 .omnius/debug-library/runs/1783048896353-3kt1zu/events/turn-0015/2026-07-03T03-32-40-701Z-file_write-9126c2b476.json
 create mode 100644 .omnius/debug-library/runs/1783048896353-3kt1zu/events/turn-0015/2026-07-03T03-32-44-317Z-file_write-cb855aadd8.json
 create mode 100644 .omnius/debug-library/runs/1783048896353-3kt1zu/events/turn-0015/2026-07-03T03-32-49-207Z-file_write-7480ee6b08.json
 create mode 100644 .omnius/debug-library/runs/1783048896353-3kt1zu/events/turn-0015/2026-07-03T03-32-51-455Z-file_write-073a531dfa.json
 create mode 100644 .omnius/debug-library/runs/1783048896353-3kt1zu/events/turn-0015/2026-07-03T03-32-55-106Z-file_write-d6edbb3228.json
 create mode 100644 .omnius/debug-library/runs/1783048896353-3kt1zu/events/turn-0015/2026-07-03T03-32-55-230Z-file_write-40a3aa52b4.json
 create mode 100644 .omnius/debug-library/runs/1783048896353-3kt1zu/events/turn-0015/2026-07-04T07-35-19-099Z-context-515f8301fc.json
 create mode 100644 .omnius/debug-library/runs/1783048896353-3kt1zu/events/turn-0015/2026-07-04T07-37-35-702Z-file_patch-39240ba3fe.json
 create mode 100644 .omnius/debug-library/runs/1783048896353-3kt1zu/events/turn-0016/2026-07-03T03-32-02-486Z-context-e373a65f50.json
 create mode 100644 .omnius/debug-library/runs/1783048896353-3kt1zu/events/turn-0016/2026-07-04T07-36-28-176Z-context-08cc54069e.json
 create mode 100644 .omnius/debug-library/runs/1783048896353-3kt1zu/events/turn-0016/2026-07-04T07-38-41-705Z-file_patch-39240ba3fe.json
 create mode 100644 .omnius/debug-library/runs/1783048896353-3kt1zu/events/turn-0017/2026-07-03T03-32-55-248Z-context-c5a96f3721.json
 create mode 100644 .omnius/debug-library/runs/1783048896353-3kt1zu/events/turn-0017/2026-07-03T03-35-01-654Z-file_write-bee02796ef.json
 create mode 100644 .omnius/debug-library/runs/1783048896353-3kt1zu/events/turn-0017/2026-07-04T07-37-35-717Z-context-445ca2793b.json
 create mode 100644 .omnius/debug-library/runs/1783048896353-3kt1zu/events/turn-0017/2026-07-04T07-39-53-111Z-file_patch-65c34a1d17.json
 create mode 100644 .omnius/debug-library/runs/1783048896353-3kt1zu/events/turn-0018/2026-07-03T03-33-59-157Z-context-b8121dfa46.json
 create mode 100644 .omnius/debug-library/runs/1783048896353-3kt1zu/events/turn-0018/2026-07-03T03-36-11-927Z-file_write-19fcc412b7.json
 create mode 100644 .omnius/debug-library/runs/1783048896353-3kt1zu/events/turn-0018/2026-07-04T07-38-41-722Z-context-13ebaba51b.json
 create mode 100644 .omnius/debug-library/runs/1783048896353-3kt1zu/events/turn-0018/2026-07-04T07-41-06-487Z-file_patch-65c34a1d17.json
 create mode 100644 .omnius/debug-library/runs/1783048896353-3kt1zu/events/turn-0019/2026-07-03T03-35-21-990Z-context-9e10d3beff.json
 create mode 100644 .omnius/debug-library/runs/1783048896353-3kt1zu/events/turn-0019/2026-07-03T03-37-13-755Z-shell-c70e78306b.json
 create mode 100644 .omnius/debug-library/runs/1783048896353-3kt1zu/events/turn-0019/2026-07-04T07-39-53-127Z-context-0252678bf1.json
 create mode 100644 .omnius/debug-library/runs/1783048896353-3kt1zu/events/turn-0019/2026-07-04T07-42-24-375Z-file_patch-65c34a1d17.json
 create mode 100644 .omnius/debug-library/runs/1783048896353-3kt1zu/events/turn-0020/2026-07-03T03-36-32-154Z-context-cd8c1da67f.json
 create mode 100644 .omnius/debug-library/runs/1783048896353-3kt1zu/events/turn-0020/2026-07-03T03-39-08-194Z-file_edit-33af80053a.json
 create mode 100644 .omnius/debug-library/runs/1783048896353-3kt1zu/events/turn-0020/2026-07-04T07-41-06-506Z-context-a8686045d7.json
 create mode 100644 .omnius/debug-library/runs/1783048896353-3kt1zu/events/turn-0021/2026-07-04T07-42-24-394Z-context-041dc78772.json
 create mode 100644 .omnius/debug-library/runs/1783048896353-3kt1zu/events/turn-0022/2026-07-03T03-38-17-250Z-context-af9a9974e6.json
 create mode 100644 .omnius/debug-library/runs/1783048896353-3kt1zu/events/turn-0022/2026-07-03T03-39-52-244Z-file_edit-33af80053a.json
 create mode 100644 .omnius/debug-library/runs/1783048896353-3kt1zu/events/turn-0023/2026-07-03T03-39-08-217Z-context-d49f2cc9fa.json
 create mode 100644 .omnius/debug-library/runs/1783048896353-3kt1zu/events/turn-0023/2026-07-03T03-40-54-120Z-file_edit-6e17213489.json
 create mode 100644 .omnius/debug-library/runs/1783048896353-3kt1zu/events/turn-0024/2026-07-03T03-39-52-267Z-context-28b263565b.json
 create mode 100644 .omnius/debug-library/runs/1783048896353-3kt1zu/events/turn-0025/2026-07-03T03-40-54-143Z-context-b2b7b7b80e.json
 create mode 100644 .omnius/debug-library/runs/1783048896353-3kt1zu/events/turn-0025/2026-07-03T03-42-56-666Z-file_write-44dfb869af.json
 create mode 100644 .omnius/debug-library/runs/1783048896353-3kt1zu/events/turn-0026/2026-07-03T03-41-47-724Z-context-b7ce2f06f4.json
 create mode 100644 .omnius/debug-library/runs/1783048896353-3kt1zu/events/turn-0026/2026-07-03T03-44-04-345Z-file_write-44dfb869af.json
 create mode 100644 .omnius/debug-library/runs/1783048896353-3kt1zu/events/turn-0027/2026-07-03T03-42-56-688Z-context-b603ea0da2.json
 create mode 100644 .omnius/debug-library/runs/1783048896353-3kt1zu/events/turn-0027/2026-07-03T03-45-15-406Z-file_write-815fc1a348.json
 create mode 100644 .omnius/debug-library/runs/1783048896353-3kt1zu/events/turn-0028/2026-07-03T03-44-04-367Z-context-965b298b5a.json
 create mode 100644 .omnius/debug-library/runs/1783048896353-3kt1zu/events/turn-0028/2026-07-03T03-46-15-532Z-file_edit-14f87e830a.json
 create mode 100644 .omnius/debug-library/runs/1783048896353-3kt1zu/events/turn-0029/2026-07-03T03-45-15-428Z-context-8197dc520c.json
 create mode 100644 .omnius/debug-library/runs/1783048896353-3kt1zu/events/turn-0029/2026-07-03T03-47-17-697Z-file_edit-14f87e830a.json
 create mode 100644 .omnius/debug-library/runs/1783048896353-3kt1zu/events/turn-0030/2026-07-03T03-46-15-556Z-context-e13ba236c0.json
 create mode 100644 .omnius/debug-library/runs/1783048896353-3kt1zu/events/turn-0030/2026-07-03T03-48-21-383Z-file_edit-6b9ef09e2a.json
 create mode 100644 .omnius/debug-library/runs/1783048896353-3kt1zu/events/turn-0031/2026-07-03T03-47-17-726Z-context-6841f81d59.json
 create mode 100644 .omnius/debug-library/runs/1783048896353-3kt1zu/events/turn-0032/2026-07-03T03-48-21-409Z-context-1caf7ad1b3.json
 create mode 100644 .omnius/debug-library/runs/1783048896353-3kt1zu/events/turn-0032/2026-07-03T03-50-29-354Z-file_patch-09cf4cb6f9.json
 create mode 100644 .omnius/debug-library/runs/1783048896353-3kt1zu/events/turn-0033/2026-07-03T03-49-23-160Z-context-43eb85ced4.json
 create mode 100644 .omnius/debug-library/runs/1783048896353-3kt1zu/events/turn-0033/2026-07-03T03-51-34-438Z-file_patch-09cf4cb6f9.json
 create mode 100644 .omnius/debug-library/runs/1783048896353-3kt1zu/events/turn-0034/2026-07-03T03-50-29-380Z-context-fe366685eb.json
 create mode 100644 .omnius/debug-library/runs/1783048896353-3kt1zu/events/turn-0034/2026-07-03T03-52-41-145Z-file_edit-b7ae34139f.json
 create mode 100644 .omnius/debug-library/runs/1783048896353-3kt1zu/events/turn-0035/2026-07-03T03-51-34-464Z-context-86031eb770.json
 create mode 100644 .omnius/debug-library/runs/1783048896353-3kt1zu/events/turn-0035/2026-07-03T03-53-46-222Z-file_edit-b7ae34139f.json
 create mode 100644 .omnius/debug-library/runs/1783048896353-3kt1zu/events/turn-0036/2026-07-03T03-52-41-212Z-context-2d7e1424e8.json
 create mode 100644 .omnius/debug-library/runs/1783048896353-3kt1zu/index.json
 create mode 100644 .omnius/debug-library/runs/1783051233686-twto82/README.md
 create mode 100644 .omnius/debug-library/runs/1783051233686-twto82/events.jsonl
 create mode 100644 .omnius/debug-library/runs/1783051233686-twto82/events/turn-0000/2026-07-03T04-00-36-700Z-context-da360358e5.json
 create mode 100644 .omnius/debug-library/runs/1783051233686-twto82/events/turn-0000/2026-07-03T04-01-06-963Z-context-0199577be5.json
 create mode 100644 .omnius/debug-library/runs/1783051233686-twto82/events/turn-0000/2026-07-03T04-01-22-355Z-list_directory-d872b6f39b.json
 create mode 100644 .omnius/debug-library/runs/1783051233686-twto82/events/turn-0000/2026-07-03T04-01-22-910Z-list_directory-d872b6f39b.json
 create mode 100644 .omnius/debug-library/runs/1783051233686-twto82/events/turn-0000/2026-07-03T04-01-23-578Z-list_directory-d872b6f39b.json
 create mode 100644 .omnius/debug-library/runs/1783051233686-twto82/events/turn-0000/2026-07-03T04-01-24-041Z-web_fetch-7cb64193ce.json
 create mode 100644 .omnius/debug-library/runs/1783051233686-twto82/events/turn-0000/2026-07-03T04-01-58-299Z-context-2ba1a745b8.json
 create mode 100644 .omnius/debug-library/runs/1783051233686-twto82/events/turn-0000/2026-07-03T04-02-29-752Z-context-63977e9f62.json
 create mode 100644 .omnius/debug-library/runs/1783051233686-twto82/events/turn-0000/2026-07-03T04-03-56-183Z-context-1e1a48dca7.json
 create mode 100644 .omnius/debug-library/runs/1783051233686-twto82/events/turn-0000/2026-07-03T04-04-04-031Z-context-3d9d42c8de.json
 create mode 100644 .omnius/debug-library/runs/1783051233686-twto82/events/turn-0000/2026-07-03T04-04-32-664Z-context-0161a3fc12.json
 create mode 100644 .omnius/debug-library/runs/1783051233686-twto82/events/turn-0000/2026-07-03T04-05-01-441Z-context-915dd436ce.json
 create mode 100644 .omnius/debug-library/runs/1783051233686-twto82/events/turn-0000/2026-07-03T04-05-27-109Z-context-cacca97112.json
 create mode 100644 .omnius/debug-library/runs/1783051233686-twto82/events/turn-0000/2026-07-03T04-06-29-203Z-context-95dfd7e69d.json
 create mode 100644 .omnius/debug-library/runs/1783051233686-twto82/events/turn-0000/2026-07-03T04-06-56-480Z-context-58f567cb62.json
 create mode 100644 .omnius/debug-library/runs/1783051233686-twto82/events/turn-0000/2026-07-03T04-08-46-214Z-context-0e6d618867.json
 create mode 100644 .omnius/debug-library/runs/1783051233686-twto82/events/turn-0000/2026-07-03T04-09-31-099Z-context-fc6dd7bab5.json
 create mode 100644 .omnius/debug-library/runs/1783051233686-twto82/events/turn-0000/2026-07-03T04-10-35-204Z-context-c9b9105813.json
 create mode 100644 .omnius/debug-library/runs/1783051233686-twto82/events/turn-0000/2026-07-03T04-10-43-248Z-context-2fc70e90ce.json
 create mode 100644 .omnius/debug-library/runs/1783051233686-twto82/events/turn-0000/2026-07-03T04-11-43-624Z-context-930f633ccc.json
 create mode 100644 .omnius/debug-library/runs/1783051233686-twto82/events/turn-0000/2026-07-03T04-12-09-941Z-context-e47b9efe7f.json
 create mode 100644 .omnius/debug-library/runs/1783051233686-twto82/events/turn-0000/2026-07-03T04-13-22-787Z-context-9fd6d5ca50.json
 create mode 100644 .omnius/debug-library/runs/1783051233686-twto82/events/turn-0000/2026-07-03T04-13-57-622Z-context-55d7033e5f.json
 create mode 100644 .omnius/debug-library/runs/1783051233686-twto82/events/turn-0000/2026-07-03T04-14-05-915Z-context-93a35d3254.json
 create mode 100644 .omnius/debug-library/runs/1783051233686-twto82/events/turn-0000/2026-07-03T04-15-07-571Z-context-092b10694a.json
 create mode 100644 .omnius/debug-library/runs/1783051233686-twto82/events/turn-0000/2026-07-03T04-16-26-212Z-context-ac0caa1f0f.json
 create mode 100644 .omnius/debug-library/runs/1783051233686-twto82/events/turn-0000/2026-07-03T04-17-48-847Z-context-d71b3125cf.json
 create mode 100644 .omnius/debug-library/runs/1783051233686-twto82/events/turn-0000/2026-07-03T04-18-24-204Z-context-6860027571.json
 create mode 100644 .omnius/debug-library/runs/1783051233686-twto82/events/turn-0000/2026-07-03T04-18-32-271Z-context-5a3651b33d.json
 create mode 100644 .omnius/debug-library/runs/1783051233686-twto82/events/turn-0000/2026-07-03T04-19-26-958Z-context-f402e99df7.json
 create mode 100644 .omnius/debug-library/runs/1783051233686-twto82/events/turn-0000/2026-07-03T04-19-35-020Z-context-b0fd3a83e3.json
 create mode 100644 .omnius/debug-library/runs/1783051233686-twto82/events/turn-0000/2026-07-03T04-20-34-758Z-context-aa36015b8d.json
 create mode 100644 .omnius/debug-library/runs/1783051233686-twto82/events/turn-0000/2026-07-03T04-22-03-926Z-context-c3a88a0193.json
 create mode 100644 .omnius/debug-library/runs/1783051233686-twto82/events/turn-0001/2026-07-03T04-01-06-813Z-context-68970943f8.json
 create mode 100644 .omnius/debug-library/runs/1783051233686-twto82/events/turn-0001/2026-07-03T04-01-57-367Z-list_directory-02207b0cbb.json
 create mode 100644 .omnius/debug-library/runs/1783051233686-twto82/events/turn-0001/2026-07-03T04-01-57-893Z-shell-ddac304f6f.json
 create mode 100644 .omnius/debug-library/runs/1783051233686-twto82/events/turn-0002/2026-07-03T04-01-24-050Z-context-cda77223a9.json
 create mode 100644 .omnius/debug-library/runs/1783051233686-twto82/events/turn-0003/2026-07-03T04-02-00-387Z-context-657d46babd.json
 create mode 100644 .omnius/debug-library/runs/1783051233686-twto82/events/turn-0003/2026-07-03T04-03-56-022Z-web_fetch-5b75b06b50.json
 create mode 100644 .omnius/debug-library/runs/1783051233686-twto82/events/turn-0003/2026-07-03T04-03-56-467Z-web_fetch-c06540d992.json
 create mode 100644 .omnius/debug-library/runs/1783051233686-twto82/events/turn-0003/2026-07-03T04-03-56-561Z-web_search-bf9085c497.json
 create mode 100644 .omnius/debug-library/runs/1783051233686-twto82/events/turn-0004/2026-07-03T04-03-27-830Z-context-8bb340093b.json
 create mode 100644 .omnius/debug-library/runs/1783051233686-twto82/events/turn-0004/2026-07-03T04-04-32-324Z-file_read-2b5f63fdb2.json
 create mode 100644 .omnius/debug-library/runs/1783051233686-twto82/events/turn-0004/2026-07-03T04-04-32-452Z-list_directory-02207b0cbb.json
 create mode 100644 .omnius/debug-library/runs/1783051233686-twto82/events/turn-0005/2026-07-03T04-03-56-570Z-context-d6716c211f.json
 create mode 100644 .omnius/debug-library/runs/1783051233686-twto82/events/turn-0006/2026-07-03T04-04-32-462Z-context-87a3fc4bac.json
 create mode 100644 .omnius/debug-library/runs/1783051233686-twto82/events/turn-0007/2026-07-03T04-05-01-238Z-context-fbdc6bbc65.json
 create mode 100644 .omnius/debug-library/runs/1783051233686-twto82/events/turn-0007/2026-07-03T04-06-28-969Z-file_write-d59b2153ba.json
 create mode 100644 .omnius/debug-library/runs/1783051233686-twto82/events/turn-0008/2026-07-03T04-05-26-893Z-context-f80379fabe.json
 create mode 100644 .omnius/debug-library/runs/1783051233686-twto82/events/turn-0009/2026-07-03T04-06-28-983Z-context-c9a8dc25a4.json
 create mode 100644 .omnius/debug-library/runs/1783051233686-twto82/events/turn-0009/2026-07-03T04-07-49-073Z-file_write-d282e6b647.json
 create mode 100644 .omnius/debug-library/runs/1783051233686-twto82/events/turn-0009/2026-07-03T04-07-52-616Z-file_write-6bffca9ca2.json
 create mode 100644 .omnius/debug-library/runs/1783051233686-twto82/events/turn-0010/2026-07-03T04-06-56-234Z-context-3c5f52db0a.json
 create mode 100644 .omnius/debug-library/runs/1783051233686-twto82/events/turn-0010/2026-07-03T04-07-52-691Z-file_write-ef4b82c01e.json
 create mode 100644 .omnius/debug-library/runs/1783051233686-twto82/events/turn-0011/2026-07-03T04-07-52-703Z-context-4398d2addb.json
 create mode 100644 .omnius/debug-library/runs/1783051233686-twto82/events/turn-0011/2026-07-03T04-09-30-330Z-list_directory-d872b6f39b.json
 create mode 100644 .omnius/debug-library/runs/1783051233686-twto82/events/turn-0011/2026-07-03T04-09-30-921Z-list_directory-02207b0cbb.json
 create mode 100644 .omnius/debug-library/runs/1783051233686-twto82/events/turn-0011/2026-07-03T04-09-31-035Z-list_directory-4ba41c3a7a.json
 create mode 100644 .omnius/debug-library/runs/1783051233686-twto82/events/turn-0012/2026-07-03T04-09-00-095Z-context-65bb4a206e.json
 create mode 100644 .omnius/debug-library/runs/1783051233686-twto82/events/turn-0012/2026-07-03T04-10-34-969Z-file_write-c87792afb8.json
 create mode 100644 .omnius/debug-library/runs/1783051233686-twto82/events/turn-0013/2026-07-03T04-09-31-052Z-context-48d605db0e.json
 create mode 100644 .omnius/debug-library/runs/1783051233686-twto82/events/turn-0014/2026-07-03T04-10-34-986Z-context-aeb1f1459c.json
 create mode 100644 .omnius/debug-library/runs/1783051233686-twto82/events/turn-0014/2026-07-03T04-13-22-128Z-file_write-965cb4721e.json
 create mode 100644 .omnius/debug-library/runs/1783051233686-twto82/events/turn-0015/2026-07-03T04-12-13-093Z-context-9578bc7604.json
 create mode 100644 .omnius/debug-library/runs/1783051233686-twto82/events/turn-0015/2026-07-03T04-15-06-906Z-file_write-d6e1cc5b35.json
 create mode 100644 .omnius/debug-library/runs/1783051233686-twto82/events/turn-0016/2026-07-03T04-13-57-404Z-context-9d46a0cb77.json
 create mode 100644 .omnius/debug-library/runs/1783051233686-twto82/events/turn-0016/2026-07-03T04-16-25-590Z-file_write-f478da19bf.json
 create mode 100644 .omnius/debug-library/runs/1783051233686-twto82/events/turn-0017/2026-07-03T04-15-23-946Z-context-db2871b5f9.json
 create mode 100644 .omnius/debug-library/runs/1783051233686-twto82/events/turn-0017/2026-07-03T04-17-48-236Z-file_write-ecd4687f9e.json
 create mode 100644 .omnius/debug-library/runs/1783051233686-twto82/events/turn-0018/2026-07-03T04-16-44-058Z-context-f0c11ba0e8.json
 create mode 100644 .omnius/debug-library/runs/1783051233686-twto82/events/turn-0018/2026-07-03T04-19-26-631Z-shell-75c3df812f.json
 create mode 100644 .omnius/debug-library/runs/1783051233686-twto82/events/turn-0019/2026-07-03T04-18-23-996Z-context-a8d5035f3e.json
 create mode 100644 .omnius/debug-library/runs/1783051233686-twto82/events/turn-0020/2026-07-03T04-19-26-669Z-context-72a38ee9c0.json
 create mode 100644 .omnius/debug-library/runs/1783051233686-twto82/events/turn-0020/2026-07-03T04-22-03-284Z-file_write-f5e094a798.json
 create mode 100644 .omnius/debug-library/runs/1783051233686-twto82/events/turn-0020/2026-07-03T04-22-08-542Z-file_write-574ace9db2.json
 create mode 100644 .omnius/debug-library/runs/1783051233686-twto82/events/turn-0020/2026-07-03T04-22-21-441Z-file_write-5fe8be44a8.json
 create mode 100644 .omnius/debug-library/runs/1783051233686-twto82/events/turn-0020/2026-07-03T04-22-26-293Z-file_write-c4262f4009.json
 create mode 100644 .omnius/debug-library/runs/1783051233686-twto82/events/turn-0020/2026-07-03T04-22-38-489Z-file_write-e978cae062.json
 create mode 100644 .omnius/debug-library/runs/1783051233686-twto82/events/turn-0020/2026-07-03T04-22-38-667Z-file_write-f1a6ad8c59.json
 create mode 100644 .omnius/debug-library/runs/1783051233686-twto82/events/turn-0021/2026-07-03T04-20-36-895Z-context-72c3d45293.json
 create mode 100644 .omnius/debug-library/runs/1783051233686-twto82/events/turn-0022/2026-07-03T04-22-38-682Z-context-b3106e2cd4.json
 create mode 100644 .omnius/debug-library/runs/1783051233686-twto82/events/turn-0023/2026-07-03T04-23-48-276Z-context-908272d7c5.json
 create mode 100644 .omnius/debug-library/runs/1783051233686-twto82/index.json
 create mode 100644 .omnius/debug-library/runs/1783052722873-j5j5xm/README.md
 create mode 100644 .omnius/debug-library/runs/1783052722873-j5j5xm/events.jsonl
 create mode 100644 .omnius/debug-library/runs/1783052722873-j5j5xm/events/turn-0000/2026-07-03T04-25-23-642Z-context-a60bbc7a10.json
 create mode 100644 .omnius/debug-library/runs/1783052722873-j5j5xm/events/turn-0000/2026-07-03T04-25-53-475Z-shell-b77e6a24e4.json
 create mode 100644 .omnius/debug-library/runs/1783052722873-j5j5xm/events/turn-0000/2026-07-03T04-25-53-669Z-context-b08b8deb35.json
 create mode 100644 .omnius/debug-library/runs/1783052722873-j5j5xm/events/turn-0000/2026-07-03T04-26-23-123Z-context-b38932cd60.json
 create mode 100644 .omnius/debug-library/runs/1783052722873-j5j5xm/events/turn-0000/2026-07-03T04-26-23-659Z-file_read-1fb2c3600c.json
 create mode 100644 .omnius/debug-library/runs/1783052722873-j5j5xm/events/turn-0000/2026-07-03T04-26-24-115Z-file_read-1fb2c3600c.json
 create mode 100644 .omnius/debug-library/runs/1783052722873-j5j5xm/events/turn-0000/2026-07-03T04-26-24-685Z-file_read-1fb2c3600c.json
 create mode 100644 .omnius/debug-library/runs/1783052722873-j5j5xm/events/turn-0000/2026-07-03T04-26-25-285Z-file_read-1fb2c3600c.json
 create mode 100644 .omnius/debug-library/runs/1783052722873-j5j5xm/events/turn-0000/2026-07-03T04-26-25-397Z-file_read-1fb2c3600c.json
 create mode 100644 .omnius/debug-library/runs/1783052722873-j5j5xm/events/turn-0000/2026-07-03T04-26-32-897Z-context-fe55b52455.json
 create mode 100644 .omnius/debug-library/runs/1783052722873-j5j5xm/events/turn-0000/2026-07-03T04-28-01-297Z-context-8079a1e92a.json
 create mode 100644 .omnius/debug-library/runs/1783052722873-j5j5xm/events/turn-0000/2026-07-03T04-28-30-360Z-context-ecb8898836.json
 create mode 100644 .omnius/debug-library/runs/1783052722873-j5j5xm/events/turn-0000/2026-07-03T04-29-31-177Z-context-932b542706.json
 create mode 100644 .omnius/debug-library/runs/1783052722873-j5j5xm/events/turn-0000/2026-07-03T04-30-22-420Z-context-1f46f513bc.json
 create mode 100644 .omnius/debug-library/runs/1783052722873-j5j5xm/events/turn-0000/2026-07-03T04-31-36-471Z-context-42ff1d1a50.json
 create mode 100644 .omnius/debug-library/runs/1783052722873-j5j5xm/events/turn-0000/2026-07-03T04-32-38-233Z-context-8be1d4a041.json
 create mode 100644 .omnius/debug-library/runs/1783052722873-j5j5xm/events/turn-0000/2026-07-03T04-35-52-813Z-context-2f9e61c9ce.json
 create mode 100644 .omnius/debug-library/runs/1783052722873-j5j5xm/events/turn-0000/2026-07-03T04-36-00-701Z-context-0b9e7f4a62.json
 create mode 100644 .omnius/debug-library/runs/1783052722873-j5j5xm/events/turn-0000/2026-07-03T04-36-36-332Z-context-823cabdbfe.json
 create mode 100644 .omnius/debug-library/runs/1783052722873-j5j5xm/events/turn-0000/2026-07-03T04-36-44-273Z-context-a2a53ade47.json
 create mode 100644 .omnius/debug-library/runs/1783052722873-j5j5xm/events/turn-0000/2026-07-03T04-38-02-873Z-context-658962113a.json
 create mode 100644 .omnius/debug-library/runs/1783052722873-j5j5xm/events/turn-0000/2026-07-03T04-38-10-920Z-context-9f1e721db1.json
 create mode 100644 .omnius/debug-library/runs/1783052722873-j5j5xm/events/turn-0000/2026-07-03T04-38-48-556Z-context-20703d67a0.json
 create mode 100644 .omnius/debug-library/runs/1783052722873-j5j5xm/events/turn-0000/2026-07-03T04-39-43-354Z-context-a2aefcf2d0.json
 create mode 100644 .omnius/debug-library/runs/1783052722873-j5j5xm/events/turn-0000/2026-07-03T04-39-51-302Z-context-5fab486008.json
 create mode 100644 .omnius/debug-library/runs/1783052722873-j5j5xm/events/turn-0000/2026-07-03T04-40-34-062Z-context-fc44ea9db4.json
 create mode 100644 .omnius/debug-library/runs/1783052722873-j5j5xm/events/turn-0000/2026-07-03T04-40-41-977Z-context-8d6d28e105.json
 create mode 100644 .omnius/debug-library/runs/1783052722873-j5j5xm/events/turn-0000/2026-07-03T04-41-24-075Z-context-2da23f2629.json
 create mode 100644 .omnius/debug-library/runs/1783052722873-j5j5xm/events/turn-0000/2026-07-03T04-41-31-971Z-context-f3a6b86e30.json
 create mode 100644 .omnius/debug-library/runs/1783052722873-j5j5xm/events/turn-0000/2026-07-03T04-42-14-203Z-context-ec052397a3.json
 create mode 100644 .omnius/debug-library/runs/1783052722873-j5j5xm/events/turn-0000/2026-07-03T04-42-22-174Z-context-398ca70f6e.json
 create mode 100644 .omnius/debug-library/runs/1783052722873-j5j5xm/events/turn-0000/2026-07-03T04-43-07-877Z-context-2c4f09e665.json
 create mode 100644 .omnius/debug-library/runs/1783052722873-j5j5xm/events/turn-0000/2026-07-03T04-43-15-814Z-context-0f410ff8cc.json
 create mode 100644 .omnius/debug-library/runs/1783052722873-j5j5xm/events/turn-0000/2026-07-03T04-44-26-816Z-context-e6c686056f.json
 create mode 100644 .omnius/debug-library/runs/1783052722873-j5j5xm/events/turn-0000/2026-07-03T04-44-35-778Z-context-c65630bdec.json
 create mode 100644 .omnius/debug-library/runs/1783052722873-j5j5xm/events/turn-0000/2026-07-03T04-45-21-288Z-context-0620549e1d.json
 create mode 100644 .omnius/debug-library/runs/1783052722873-j5j5xm/events/turn-0000/2026-07-03T04-45-29-262Z-context-56a9a9c578.json
 create mode 100644 .omnius/debug-library/runs/1783052722873-j5j5xm/events/turn-0000/2026-07-03T04-46-13-703Z-context-1164da4c32.json
 create mode 100644 .omnius/debug-library/runs/1783052722873-j5j5xm/events/turn-0000/2026-07-03T04-46-21-672Z-context-58c1004d76.json
 create mode 100644 .omnius/debug-library/runs/1783052722873-j5j5xm/events/turn-0000/2026-07-03T04-48-08-975Z-context-25f10a67d1.json
 create mode 100644 .omnius/debug-library/runs/1783052722873-j5j5xm/events/turn-0000/2026-07-03T04-48-16-914Z-context-afa448cf08.json
 create mode 100644 .omnius/debug-library/runs/1783052722873-j5j5xm/events/turn-0000/2026-07-03T04-49-02-605Z-context-b6db7e66fa.json
 create mode 100644 .omnius/debug-library/runs/1783052722873-j5j5xm/events/turn-0000/2026-07-03T04-49-10-540Z-context-753d007aaf.json
 create mode 100644 .omnius/debug-library/runs/1783052722873-j5j5xm/events/turn-0001/2026-07-03T04-25-53-620Z-context-0310244799.json
 create mode 100644 .omnius/debug-library/runs/1783052722873-j5j5xm/events/turn-0002/2026-07-03T04-26-25-409Z-context-3c9b9f9ad2.json
 create mode 100644 .omnius/debug-library/runs/1783052722873-j5j5xm/events/turn-0002/2026-07-03T04-28-01-076Z-web_fetch-1e50d76acc.json
 create mode 100644 .omnius/debug-library/runs/1783052722873-j5j5xm/events/turn-0003/2026-07-03T04-27-23-487Z-context-f826f2f4ea.json
 create mode 100644 .omnius/debug-library/runs/1783052722873-j5j5xm/events/turn-0004/2026-07-03T04-28-01-090Z-context-64f494468e.json
 create mode 100644 .omnius/debug-library/runs/1783052722873-j5j5xm/events/turn-0005/2026-07-03T04-29-30-978Z-context-aa57bf3230.json
 create mode 100644 .omnius/debug-library/runs/1783052722873-j5j5xm/events/turn-0005/2026-07-03T04-30-44-260Z-list_directory-d872b6f39b.json
 create mode 100644 .omnius/debug-library/runs/1783052722873-j5j5xm/events/turn-0005/2026-07-03T04-30-44-843Z-list_directory-d872b6f39b.json
 create mode 100644 .omnius/debug-library/runs/1783052722873-j5j5xm/events/turn-0005/2026-07-03T04-30-44-975Z-list_directory-d872b6f39b.json
 create mode 100644 .omnius/debug-library/runs/1783052722873-j5j5xm/events/turn-0006/2026-07-03T04-30-22-192Z-context-5dea3864a1.json
 create mode 100644 .omnius/debug-library/runs/1783052722873-j5j5xm/events/turn-0007/2026-07-03T04-30-44-988Z-context-715f34dc3a.json
 create mode 100644 .omnius/debug-library/runs/1783052722873-j5j5xm/events/turn-0007/2026-07-03T04-31-51-329Z-list_directory-02207b0cbb.json
 create mode 100644 .omnius/debug-library/runs/1783052722873-j5j5xm/events/turn-0007/2026-07-03T04-31-51-904Z-list_directory-503c865d36.json
 create mode 100644 .omnius/debug-library/runs/1783052722873-j5j5xm/events/turn-0007/2026-07-03T04-31-52-484Z-list_directory-99170eddf4.json
 create mode 100644 .omnius/debug-library/runs/1783052722873-j5j5xm/events/turn-0007/2026-07-03T04-31-52-590Z-list_directory-1c86af176e.json
 create mode 100644 .omnius/debug-library/runs/1783052722873-j5j5xm/events/turn-0008/2026-07-03T04-31-36-244Z-context-37b8b63fe5.json
 create mode 100644 .omnius/debug-library/runs/1783052722873-j5j5xm/events/turn-0008/2026-07-03T04-32-37-990Z-shell-61c9efa5d1.json
 create mode 100644 .omnius/debug-library/runs/1783052722873-j5j5xm/events/turn-0009/2026-07-03T04-31-52-599Z-context-01f3e64516.json
 create mode 100644 .omnius/debug-library/runs/1783052722873-j5j5xm/events/turn-0010/2026-07-03T04-32-38-004Z-context-2651fa123f.json
 create mode 100644 .omnius/debug-library/runs/1783052722873-j5j5xm/events/turn-0011/2026-07-03T04-33-02-746Z-context-456946abad.json
 create mode 100644 .omnius/debug-library/runs/1783052722873-j5j5xm/events/turn-0011/2026-07-03T04-34-07-115Z-file_read-1fb2c3600c.json
 create mode 100644 .omnius/debug-library/runs/1783052722873-j5j5xm/events/turn-0012/2026-07-03T04-33-33-381Z-context-ba3b107588.json
 create mode 100644 .omnius/debug-library/runs/1783052722873-j5j5xm/events/turn-0012/2026-07-03T04-34-49-992Z-file_read-1fb2c3600c.json
 create mode 100644 .omnius/debug-library/runs/1783052722873-j5j5xm/events/turn-0013/2026-07-03T04-34-07-126Z-context-0e7099f2bc.json
 create mode 100644 .omnius/debug-library/runs/1783052722873-j5j5xm/events/turn-0013/2026-07-03T04-35-52-531Z-shell-4c82b8e3e5.json
 create mode 100644 .omnius/debug-library/runs/1783052722873-j5j5xm/events/turn-0014/2026-07-03T04-34-50-002Z-context-6e726a1580.json
 create mode 100644 .omnius/debug-library/runs/1783052722873-j5j5xm/events/turn-0014/2026-07-03T04-36-35-901Z-shell-4c82b8e3e5.json
 create mode 100644 .omnius/debug-library/runs/1783052722873-j5j5xm/events/turn-0015/2026-07-03T04-35-52-543Z-context-e978c00572.json
 create mode 100644 .omnius/debug-library/runs/1783052722873-j5j5xm/events/turn-0015/2026-07-03T04-37-22-310Z-shell-1fc5fc7f42.json
 create mode 100644 .omnius/debug-library/runs/1783052722873-j5j5xm/events/turn-0016/2026-07-03T04-36-35-916Z-context-1c5f9a4edb.json
 create mode 100644 .omnius/debug-library/runs/1783052722873-j5j5xm/events/turn-0016/2026-07-03T04-38-02-621Z-shell-1c7120f1e6.json
 create mode 100644 .omnius/debug-library/runs/1783052722873-j5j5xm/events/turn-0017/2026-07-03T04-37-22-320Z-context-822ec44c64.json
 create mode 100644 .omnius/debug-library/runs/1783052722873-j5j5xm/events/turn-0017/2026-07-03T04-38-48-133Z-shell-1fc5fc7f42.json
 create mode 100644 .omnius/debug-library/runs/1783052722873-j5j5xm/events/turn-0018/2026-07-03T04-38-02-636Z-context-af6b7a5abe.json
 create mode 100644 .omnius/debug-library/runs/1783052722873-j5j5xm/events/turn-0018/2026-07-03T04-39-43-248Z-batch_edit-300624d2e3.json
 create mode 100644 .omnius/debug-library/runs/1783052722873-j5j5xm/events/turn-0019/2026-07-03T04-38-48-147Z-context-1f7fb798c0.json
 create mode 100644 .omnius/debug-library/runs/1783052722873-j5j5xm/events/turn-0019/2026-07-03T04-40-33-834Z-file_edit-cfe63f7f6d.json
 create mode 100644 .omnius/debug-library/runs/1783052722873-j5j5xm/events/turn-0020/2026-07-03T04-39-43-264Z-context-dc65277f3b.json
 create mode 100644 .omnius/debug-library/runs/1783052722873-j5j5xm/events/turn-0020/2026-07-03T04-41-23-845Z-file_edit-cfe63f7f6d.json
 create mode 100644 .omnius/debug-library/runs/1783052722873-j5j5xm/events/turn-0021/2026-07-03T04-40-33-848Z-context-068b3fdd96.json
 create mode 100644 .omnius/debug-library/runs/1783052722873-j5j5xm/events/turn-0021/2026-07-03T04-42-13-952Z-file_patch-85b850eca8.json
 create mode 100644 .omnius/debug-library/runs/1783052722873-j5j5xm/events/turn-0022/2026-07-03T04-41-23-859Z-context-070e291616.json
 create mode 100644 .omnius/debug-library/runs/1783052722873-j5j5xm/events/turn-0022/2026-07-03T04-43-07-653Z-file_edit-f14b14d534.json
 create mode 100644 .omnius/debug-library/runs/1783052722873-j5j5xm/events/turn-0023/2026-07-03T04-42-13-967Z-context-0dcbee6f0a.json
 create mode 100644 .omnius/debug-library/runs/1783052722873-j5j5xm/events/turn-0023/2026-07-03T04-44-26-554Z-shell-1c7120f1e6.json
 create mode 100644 .omnius/debug-library/runs/1783052722873-j5j5xm/events/turn-0024/2026-07-03T04-43-07-667Z-context-46bf210cd8.json
 create mode 100644 .omnius/debug-library/runs/1783052722873-j5j5xm/events/turn-0025/2026-07-03T04-44-26-568Z-context-ad9a7385ae.json
 create mode 100644 .omnius/debug-library/runs/1783052722873-j5j5xm/events/turn-0026/2026-07-03T04-45-21-776Z-context-20d351c270.json
 create mode 100644 .omnius/debug-library/runs/1783052722873-j5j5xm/events/turn-0026/2026-07-03T04-47-13-034Z-file_write-ff80dc4006.json
 create mode 100644 .omnius/debug-library/runs/1783052722873-j5j5xm/events/turn-0027/2026-07-03T04-46-14-280Z-context-669e027293.json
 create mode 100644 .omnius/debug-library/runs/1783052722873-j5j5xm/events/turn-0027/2026-07-03T04-48-08-689Z-shell-c2cc2c1d7f.json
 create mode 100644 .omnius/debug-library/runs/1783052722873-j5j5xm/events/turn-0028/2026-07-03T04-47-13-046Z-context-1c6878ac57.json
 create mode 100644 .omnius/debug-library/runs/1783052722873-j5j5xm/events/turn-0029/2026-07-03T04-48-08-705Z-context-15550dabaf.json
 create mode 100644 .omnius/debug-library/runs/1783052722873-j5j5xm/events/turn-0030/2026-07-03T04-49-02-286Z-context-272148b7f7.json
 create mode 100644 .omnius/debug-library/runs/1783052722873-j5j5xm/index.json
 create mode 100644 .omnius/debug-library/runs/1783054636540-g0c2vs/README.md
 create mode 100644 .omnius/debug-library/runs/1783054636540-g0c2vs/events.jsonl
 create mode 100644 .omnius/debug-library/runs/1783054636540-g0c2vs/events/turn-0000/2026-07-03T04-57-19-733Z-context-0db598ea14.json
 create mode 100644 .omnius/debug-library/runs/1783054636540-g0c2vs/events/turn-0000/2026-07-03T04-57-48-051Z-file_read-f54ffbe050.json
 create mode 100644 .omnius/debug-library/runs/1783054636540-g0c2vs/events/turn-0000/2026-07-03T04-57-48-199Z-shell-b77e6a24e4.json
 create mode 100644 .omnius/debug-library/runs/1783054636540-g0c2vs/events/turn-0000/2026-07-03T04-57-48-460Z-context-a63a026a88.json
 create mode 100644 .omnius/debug-library/runs/1783054636540-g0c2vs/events/turn-0000/2026-07-03T04-58-10-706Z-web_fetch-ab9d605fea.json
 create mode 100644 .omnius/debug-library/runs/1783054636540-g0c2vs/events/turn-0000/2026-07-03T04-58-11-141Z-file_read-1fb2c3600c.json
 create mode 100644 .omnius/debug-library/runs/1783054636540-g0c2vs/events/turn-0000/2026-07-03T04-58-11-698Z-file_read-1fb2c3600c.json
 create mode 100644 .omnius/debug-library/runs/1783054636540-g0c2vs/events/turn-0000/2026-07-03T04-58-12-319Z-file_read-1fb2c3600c.json
 create mode 100644 .omnius/debug-library/runs/1783054636540-g0c2vs/events/turn-0000/2026-07-03T04-58-12-831Z-file_read-1fb2c3600c.json
 create mode 100644 .omnius/debug-library/runs/1783054636540-g0c2vs/events/turn-0000/2026-07-03T04-58-12-933Z-file_read-1fb2c3600c.json
 create mode 100644 .omnius/debug-library/runs/1783054636540-g0c2vs/events/turn-0000/2026-07-03T04-58-48-463Z-context-9a29db6e6f.json
 create mode 100644 .omnius/debug-library/runs/1783054636540-g0c2vs/events/turn-0000/2026-07-03T05-01-12-817Z-context-6ca3972a0a.json
 create mode 100644 .omnius/debug-library/runs/1783054636540-g0c2vs/events/turn-0000/2026-07-03T05-01-20-680Z-context-15bd9fadd8.json
 create mode 100644 .omnius/debug-library/runs/1783054636540-g0c2vs/events/turn-0000/2026-07-03T05-01-56-796Z-context-dce8d57968.json
 create mode 100644 .omnius/debug-library/runs/1783054636540-g0c2vs/events/turn-0000/2026-07-03T05-02-28-672Z-context-fe0b9df0d3.json
 create mode 100644 .omnius/debug-library/runs/1783054636540-g0c2vs/events/turn-0000/2026-07-03T05-03-33-677Z-context-cca3d716ca.json
 create mode 100644 .omnius/debug-library/runs/1783054636540-g0c2vs/events/turn-0000/2026-07-03T05-03-41-658Z-context-38663afb50.json
 create mode 100644 .omnius/debug-library/runs/1783054636540-g0c2vs/events/turn-0000/2026-07-03T05-04-59-348Z-context-d5a611f838.json
 create mode 100644 .omnius/debug-library/runs/1783054636540-g0c2vs/events/turn-0000/2026-07-03T05-05-54-223Z-context-a781da7548.json
 create mode 100644 .omnius/debug-library/runs/1783054636540-g0c2vs/events/turn-0000/2026-07-03T05-06-02-133Z-context-d67d36699c.json
 create mode 100644 .omnius/debug-library/runs/1783054636540-g0c2vs/events/turn-0000/2026-07-03T05-06-10-419Z-context-6a6395eabb.json
 create mode 100644 .omnius/debug-library/runs/1783054636540-g0c2vs/events/turn-0000/2026-07-03T05-06-10-599Z-context-d70c4ad292.json
 create mode 100644 .omnius/debug-library/runs/1783054636540-g0c2vs/events/turn-0000/2026-07-03T05-07-40-665Z-context-39ce2a8d08.json
 create mode 100644 .omnius/debug-library/runs/1783054636540-g0c2vs/events/turn-0000/2026-07-03T05-08-36-996Z-context-99462282b2.json
 create mode 100644 .omnius/debug-library/runs/1783054636540-g0c2vs/events/turn-0000/2026-07-04T18-12-02-497Z-context-9c9ab4ba70.json
 create mode 100644 .omnius/debug-library/runs/1783054636540-g0c2vs/events/turn-0000/2026-07-04T18-12-42-075Z-context-12db91d535.json
 create mode 100644 .omnius/debug-library/runs/1783054636540-g0c2vs/events/turn-0000/2026-07-04T18-12-47-331Z-shell-dbb818a9ff.json
 create mode 100644 .omnius/debug-library/runs/1783054636540-g0c2vs/events/turn-0000/2026-07-04T18-12-47-410Z-file_read-42964356c5.json
 create mode 100644 .omnius/debug-library/runs/1783054636540-g0c2vs/events/turn-0000/2026-07-04T18-12-47-426Z-file_read-bbcbf017f9.json
 create mode 100644 .omnius/debug-library/runs/1783054636540-g0c2vs/events/turn-0000/2026-07-04T18-12-57-247Z-context-d42db785cb.json
 create mode 100644 .omnius/debug-library/runs/1783054636540-g0c2vs/events/turn-0000/2026-07-04T18-13-17-276Z-context-5f5aacf04f.json
 create mode 100644 .omnius/debug-library/runs/1783054636540-g0c2vs/events/turn-0000/2026-07-04T18-13-33-230Z-file_read-7336caff32.json
 create mode 100644 .omnius/debug-library/runs/1783054636540-g0c2vs/events/turn-0000/2026-07-04T18-13-33-697Z-file_read-88fceb6227.json
 create mode 100644 .omnius/debug-library/runs/1783054636540-g0c2vs/events/turn-0000/2026-07-04T18-13-34-141Z-file_read-153d50d885.json
 create mode 100644 .omnius/debug-library/runs/1783054636540-g0c2vs/events/turn-0000/2026-07-04T18-13-34-348Z-file_read-65da958617.json
 create mode 100644 .omnius/debug-library/runs/1783054636540-g0c2vs/events/turn-0000/2026-07-04T18-13-47-377Z-context-38a165e608.json
 create mode 100644 .omnius/debug-library/runs/1783054636540-g0c2vs/events/turn-0000/2026-07-04T18-14-37-471Z-context-5905bada9b.json
 create mode 100644 .omnius/debug-library/runs/1783054636540-g0c2vs/events/turn-0000/2026-07-04T18-15-47-569Z-context-10a96e5d27.json
 create mode 100644 .omnius/debug-library/runs/1783054636540-g0c2vs/events/turn-0000/2026-07-04T18-16-57-669Z-context-3005b42d6e.json
 create mode 100644 .omnius/debug-library/runs/1783054636540-g0c2vs/events/turn-0000/2026-07-04T18-18-07-772Z-context-6369efd170.json
 create mode 100644 .omnius/debug-library/runs/1783054636540-g0c2vs/events/turn-0000/2026-07-04T18-19-17-819Z-context-3432af54ea.json
 create mode 100644 .omnius/debug-library/runs/1783054636540-g0c2vs/events/turn-0000/2026-07-04T18-20-27-849Z-context-eb02d4c751.json
 create mode 100644 .omnius/debug-library/runs/1783054636540-g0c2vs/events/turn-0000/2026-07-04T18-21-37-947Z-context-3e79d48f86.json
 create mode 100644 .omnius/debug-library/runs/1783054636540-g0c2vs/events/turn-0000/2026-07-04T18-22-48-041Z-context-df21240b62.json
 create mode 100644 .omnius/debug-library/runs/1783054636540-g0c2vs/events/turn-0000/2026-07-04T18-23-58-137Z-context-b3c5622ac8.json
 create mode 100644 .omnius/debug-library/runs/1783054636540-g0c2vs/events/turn-0000/2026-07-04T18-25-08-359Z-context-8ef8cff1ff.json
 create mode 100644 .omnius/debug-library/runs/1783054636540-g0c2vs/events/turn-0000/2026-07-04T18-26-18-456Z-context-4fd842446d.json
 create mode 100644 .omnius/debug-library/runs/1783054636540-g0c2vs/events/turn-0000/2026-07-04T18-27-28-485Z-context-27f883dc2e.json
 create mode 100644 .omnius/debug-library/runs/1783054636540-g0c2vs/events/turn-0000/2026-07-04T18-28-38-514Z-context-7195314d09.json
 create mode 100644 .omnius/debug-library/runs/1783054636540-g0c2vs/events/turn-0000/2026-07-04T18-29-48-540Z-context-1523a91fdc.json
 create mode 100644 .omnius/debug-library/runs/1783054636540-g0c2vs/events/turn-0000/2026-07-04T18-30-58-571Z-context-561f66205f.json
 create mode 100644 .omnius/debug-library/runs/1783054636540-g0c2vs/events/turn-0000/2026-07-04T18-32-08-607Z-context-644d5072b3.json
 create mode 100644 .omnius/debug-library/runs/1783054636540-g0c2vs/events/turn-0000/2026-07-04T18-33-18-636Z-context-efa811b062.json
 create mode 100644 .omnius/debug-library/runs/1783054636540-g0c2vs/events/turn-0000/2026-07-04T18-34-28-663Z-context-8d0ac68c7a.json
 create mode 100644 .omnius/debug-library/runs/1783054636540-g0c2vs/events/turn-0000/2026-07-04T18-35-38-694Z-context-73000852ad.json
 create mode 100644 .omnius/debug-library/runs/1783054636540-g0c2vs/events/turn-0000/2026-07-04T18-36-48-724Z-context-5d510f2fb0.json
 create mode 100644 .omnius/debug-library/runs/1783054636540-g0c2vs/events/turn-0000/2026-07-04T18-37-58-754Z-context-818d4c6726.json
 create mode 100644 .omnius/debug-library/runs/1783054636540-g0c2vs/events/turn-0000/2026-07-04T18-39-08-815Z-context-c485f11329.json
 create mode 100644 .omnius/debug-library/runs/1783054636540-g0c2vs/events/turn-0000/2026-07-04T18-40-18-845Z-context-06cc77d4df.json
 create mode 100644 .omnius/debug-library/runs/1783054636540-g0c2vs/events/turn-0000/2026-07-04T18-41-28-938Z-context-9350e79082.json
 create mode 100644 .omnius/debug-library/runs/1783054636540-g0c2vs/events/turn-0000/2026-07-04T18-42-38-966Z-context-a4b52d6500.json
 create mode 100644 .omnius/debug-library/runs/1783054636540-g0c2vs/events/turn-0000/2026-07-04T18-43-48-991Z-context-7332d7dc63.json
 create mode 100644 .omnius/debug-library/runs/1783054636540-g0c2vs/events/turn-0000/2026-07-04T18-44-59-020Z-context-d2ba4a5587.json
 create mode 100644 .omnius/debug-library/runs/1783054636540-g0c2vs/events/turn-0000/2026-07-04T18-46-09-049Z-context-a88d862e8a.json
 create mode 100644 .omnius/debug-library/runs/1783054636540-g0c2vs/events/turn-0000/2026-07-04T18-47-19-075Z-context-8c5c847cb7.json
 create mode 100644 .omnius/debug-library/runs/1783054636540-g0c2vs/events/turn-0000/2026-07-04T18-48-29-162Z-context-55bd095fe0.json
 create mode 100644 .omnius/debug-library/runs/1783054636540-g0c2vs/events/turn-0000/2026-07-04T18-49-40-013Z-context-314083bd90.json
 create mode 100644 .omnius/debug-library/runs/1783054636540-g0c2vs/events/turn-0000/2026-07-04T18-50-50-860Z-context-c1ce2672b0.json
 create mode 100644 .omnius/debug-library/runs/1783054636540-g0c2vs/events/turn-0000/2026-07-04T18-51-00-128Z-context-47b9a90c8a.json
 create mode 100644 .omnius/debug-library/runs/1783054636540-g0c2vs/events/turn-0000/2026-07-04T18-51-15-175Z-context-9ca962a157.json
 create mode 100644 .omnius/debug-library/runs/1783054636540-g0c2vs/events/turn-0000/2026-07-04T18-51-35-289Z-context-f43f4a9a16.json
 create mode 100644 .omnius/debug-library/runs/1783054636540-g0c2vs/events/turn-0000/2026-07-04T18-52-05-318Z-context-d48aa9a5d9.json
 create mode 100644 .omnius/debug-library/runs/1783054636540-g0c2vs/events/turn-0000/2026-07-04T18-52-55-417Z-context-b2aa65d207.json
 create mode 100644 .omnius/debug-library/runs/1783054636540-g0c2vs/events/turn-0000/2026-07-04T18-54-05-524Z-context-998219328c.json
 create mode 100644 .omnius/debug-library/runs/1783054636540-g0c2vs/events/turn-0000/2026-07-04T18-55-15-622Z-context-bd8c9220f5.json
 create mode 100644 .omnius/debug-library/runs/1783054636540-g0c2vs/events/turn-0000/2026-07-04T18-56-25-657Z-context-79f4286aa0.json
 create mode 100644 .omnius/debug-library/runs/1783054636540-g0c2vs/events/turn-0000/2026-07-04T18-57-35-762Z-context-146400d7e6.json
 create mode 100644 .omnius/debug-library/runs/1783054636540-g0c2vs/events/turn-0000/2026-07-04T18-58-45-860Z-context-3d12672585.json
 create mode 100644 .omnius/debug-library/runs/1783054636540-g0c2vs/events/turn-0000/2026-07-04T18-59-55-956Z-context-cdd399dfa9.json
 create mode 100644 .omnius/debug-library/runs/1783054636540-g0c2vs/events/turn-0000/2026-07-04T19-01-05-989Z-context-a4675c34bb.json
 create mode 100644 .omnius/debug-library/runs/1783054636540-g0c2vs/events/turn-0000/2026-07-04T19-02-16-123Z-context-35556358b2.json
 create mode 100644 .omnius/debug-library/runs/1783054636540-g0c2vs/events/turn-0000/2026-07-04T19-03-26-222Z-context-74a7b0479e.json
 create mode 100644 .omnius/debug-library/runs/1783054636540-g0c2vs/events/turn-0000/2026-07-04T19-04-36-335Z-context-35229a5156.json
 create mode 100644 .omnius/debug-library/runs/1783054636540-g0c2vs/events/turn-0000/2026-07-04T19-05-46-429Z-context-530f077baa.json
 create mode 100644 .omnius/debug-library/runs/1783054636540-g0c2vs/events/turn-0000/2026-07-04T19-06-56-456Z-context-bb5e05cb32.json
 create mode 100644 .omnius/debug-library/runs/1783054636540-g0c2vs/events/turn-0000/2026-07-04T19-08-06-563Z-context-ee98922d18.json
 create mode 100644 .omnius/debug-library/runs/1783054636540-g0c2vs/events/turn-0000/2026-07-04T19-09-16-654Z-context-874deed497.json
 create mode 100644 .omnius/debug-library/runs/1783054636540-g0c2vs/events/turn-0000/2026-07-04T19-10-26-690Z-context-61b312c517.json
 create mode 100644 .omnius/debug-library/runs/1783054636540-g0c2vs/events/turn-0000/2026-07-04T19-11-36-726Z-context-00755ce127.json
 create mode 100644 .omnius/debug-library/runs/1783054636540-g0c2vs/events/turn-0000/2026-07-04T19-12-46-828Z-context-b1501f70e3.json
 create mode 100644 .omnius/debug-library/runs/1783054636540-g0c2vs/events/turn-0000/2026-07-04T19-13-56-858Z-context-53c73572f2.json
 create mode 100644 .omnius/debug-library/runs/1783054636540-g0c2vs/events/turn-0000/2026-07-04T19-15-06-990Z-context-14f759b7a1.json
 create mode 100644 .omnius/debug-library/runs/1783054636540-g0c2vs/events/turn-0000/2026-07-04T19-16-17-117Z-context-ded45588ad.json
 create mode 100644 .omnius/debug-library/runs/1783054636540-g0c2vs/events/turn-0000/2026-07-04T19-17-27-219Z-context-160c9ff3a7.json
 create mode 100644 .omnius/debug-library/runs/1783054636540-g0c2vs/events/turn-0000/2026-07-04T19-18-37-249Z-context-0c835f1a74.json
 create mode 100644 .omnius/debug-library/runs/1783054636540-g0c2vs/events/turn-0000/2026-07-04T19-19-47-283Z-context-7f1ab7a2d0.json
 create mode 100644 .omnius/debug-library/runs/1783054636540-g0c2vs/events/turn-0000/2026-07-04T19-20-57-396Z-context-7ffd668d1d.json
 create mode 100644 .omnius/debug-library/runs/1783054636540-g0c2vs/events/turn-0000/2026-07-04T19-22-07-495Z-context-921b1c9f6c.json
 create mode 100644 .omnius/debug-library/runs/1783054636540-g0c2vs/events/turn-0000/2026-07-04T19-23-17-592Z-context-7c17fa4618.json
 create mode 100644 .omnius/debug-library/runs/1783054636540-g0c2vs/events/turn-0000/2026-07-04T19-23-49-239Z-context-d6d6ab1983.json
 create mode 100644 .omnius/debug-library/runs/1783054636540-g0c2vs/events/turn-0000/2026-07-04T19-24-27-696Z-context-3eda4f75b0.json
 create mode 100644 .omnius/debug-library/runs/1783054636540-g0c2vs/events/turn-0000/2026-07-04T19-25-38-019Z-context-6756e7a9f0.json
 create mode 100644 .omnius/debug-library/runs/1783054636540-g0c2vs/events/turn-0000/2026-07-04T19-26-48-053Z-context-ebef664fb9.json
 create mode 100644 .omnius/debug-library/runs/1783054636540-g0c2vs/events/turn-0000/2026-07-04T19-27-58-087Z-context-e4849f1558.json
 create mode 100644 .omnius/debug-library/runs/1783054636540-g0c2vs/events/turn-0000/2026-07-04T19-29-08-255Z-context-690169a4eb.json
 create mode 100644 .omnius/debug-library/runs/1783054636540-g0c2vs/events/turn-0000/2026-07-04T19-30-18-288Z-context-6c6df65725.json
 create mode 100644 .omnius/debug-library/runs/1783054636540-g0c2vs/events/turn-0000/2026-07-04T19-31-28-324Z-context-f67fee52fd.json
 create mode 100644 .omnius/debug-library/runs/1783054636540-g0c2vs/events/turn-0000/2026-07-04T19-32-38-426Z-context-bd0a2aa542.json
 create mode 100644 .omnius/debug-library/runs/1783054636540-g0c2vs/events/turn-0000/2026-07-04T19-33-48-512Z-context-9aaad660da.json
 create mode 100644 .omnius/debug-library/runs/1783054636540-g0c2vs/events/turn-0000/2026-07-04T19-34-58-547Z-context-4ad6840833.json
 create mode 100644 .omnius/debug-library/runs/1783054636540-g0c2vs/events/turn-0000/2026-07-04T19-36-08-646Z-context-6e3289d629.json
 create mode 100644 .omnius/debug-library/runs/1783054636540-g0c2vs/events/turn-0000/2026-07-04T19-37-18-756Z-context-ef9ddd0255.json
 create mode 100644 .omnius/debug-library/runs/1783054636540-g0c2vs/events/turn-0000/2026-07-04T19-38-28-859Z-context-ddd67bbed1.json
 create mode 100644 .omnius/debug-library/runs/1783054636540-g0c2vs/events/turn-0000/2026-07-04T19-39-38-892Z-context-507ff147ab.json
 create mode 100644 .omnius/debug-library/runs/1783054636540-g0c2vs/events/turn-0000/2026-07-04T19-40-48-928Z-context-f721c7a586.json
 create mode 100644 .omnius/debug-library/runs/1783054636540-g0c2vs/events/turn-0000/2026-07-04T19-41-58-956Z-context-f27aba4190.json
 create mode 100644 .omnius/debug-library/runs/1783054636540-g0c2vs/events/turn-0000/2026-07-04T19-43-08-989Z-context-031f7bfbc1.json
 create mode 100644 .omnius/debug-library/runs/1783054636540-g0c2vs/events/turn-0000/2026-07-04T19-44-19-020Z-context-226ed679b0.json
 create mode 100644 .omnius/debug-library/runs/1783054636540-g0c2vs/events/turn-0000/2026-07-04T19-45-29-112Z-context-41fbcd45ad.json
 create mode 100644 .omnius/debug-library/runs/1783054636540-g0c2vs/events/turn-0000/2026-07-04T19-46-39-952Z-context-a310048cf7.json
 create mode 100644 .omnius/debug-library/runs/1783054636540-g0c2vs/events/turn-0000/2026-07-04T19-47-50-051Z-context-bdd379a2b7.json
 create mode 100644 .omnius/debug-library/runs/1783054636540-g0c2vs/events/turn-0000/2026-07-04T19-49-00-153Z-context-01b9889d83.json
 create mode 100644 .omnius/debug-library/runs/1783054636540-g0c2vs/events/turn-0000/2026-07-04T19-50-10-265Z-context-f1bd1e7286.json
 create mode 100644 .omnius/debug-library/runs/1783054636540-g0c2vs/events/turn-0000/2026-07-04T19-51-20-369Z-context-6458b8ef34.json
 create mode 100644 .omnius/debug-library/runs/1783054636540-g0c2vs/events/turn-0000/2026-07-04T19-52-30-573Z-context-52d3f304eb.json
 create mode 100644 .omnius/debug-library/runs/1783054636540-g0c2vs/events/turn-0000/2026-07-04T19-53-40-800Z-context-4026ceb3f8.json
 create mode 100644 .omnius/debug-library/runs/1783054636540-g0c2vs/events/turn-0000/2026-07-04T19-54-43-908Z-context-77ea2b86a7.json
 create mode 100644 .omnius/debug-library/runs/1783054636540-g0c2vs/events/turn-0000/2026-07-04T19-54-52-878Z-context-92f099caad.json
 create mode 100644 .omnius/debug-library/runs/1783054636540-g0c2vs/events/turn-0000/2026-07-04T19-55-08-011Z-context-a65716d762.json
 create mode 100644 .omnius/debug-library/runs/1783054636540-g0c2vs/events/turn-0000/2026-07-04T19-55-28-041Z-context-5397977c56.json
 create mode 100644 .omnius/debug-library/runs/1783054636540-g0c2vs/events/turn-0000/2026-07-04T19-55-58-141Z-context-e3becc3bc2.json
 create mode 100644 .omnius/debug-library/runs/1783054636540-g0c2vs/events/turn-0000/2026-07-04T19-56-48-232Z-context-a1ea3c6f25.json
 create mode 100644 .omnius/debug-library/runs/1783054636540-g0c2vs/events/turn-0000/2026-07-04T19-57-58-269Z-context-f1a5fcdd9f.json
 create mode 100644 .omnius/debug-library/runs/1783054636540-g0c2vs/events/turn-0000/2026-07-04T19-59-08-311Z-context-887fef250b.json
 create mode 100644 .omnius/debug-library/runs/1783054636540-g0c2vs/events/turn-0000/2026-07-04T20-00-18-341Z-context-431fdf4ead.json
 create mode 100644 .omnius/debug-library/runs/1783054636540-g0c2vs/events/turn-0000/2026-07-04T20-01-28-453Z-context-31d195c9ef.json
 create mode 100644 .omnius/debug-library/runs/1783054636540-g0c2vs/events/turn-0000/2026-07-04T20-02-38-670Z-context-b4d4e13c30.json
 create mode 100644 .omnius/debug-library/runs/1783054636540-g0c2vs/events/turn-0000/2026-07-04T20-02-45-466Z-context-025c496e44.json
 create mode 100644 .omnius/debug-library/runs/1783054636540-g0c2vs/events/turn-0000/2026-07-04T20-03-48-723Z-context-3d5ef86b67.json
 create mode 100644 .omnius/debug-library/runs/1783054636540-g0c2vs/events/turn-0000/2026-07-04T20-04-58-817Z-context-2c5c8f0148.json
 create mode 100644 .omnius/debug-library/runs/1783054636540-g0c2vs/events/turn-0000/2026-07-04T20-06-09-734Z-context-afd5a88878.json
 create mode 100644 .omnius/debug-library/runs/1783054636540-g0c2vs/events/turn-0000/2026-07-04T20-07-15-155Z-context-83af42bd88.json
 create mode 100644 .omnius/debug-library/runs/1783054636540-g0c2vs/events/turn-0000/2026-07-04T20-07-24-172Z-context-e2fb5c4655.json
 create mode 100644 .omnius/debug-library/runs/1783054636540-g0c2vs/events/turn-0000/2026-07-04T20-07-39-233Z-context-0d8ea1d9af.json
 create mode 100644 .omnius/debug-library/runs/1783054636540-g0c2vs/events/turn-0000/2026-07-04T20-07-59-285Z-context-90adc995f9.json
 create mode 100644 .omnius/debug-library/runs/1783054636540-g0c2vs/events/turn-0000/2026-07-04T20-08-29-423Z-context-c8d9e460f7.json
 create mode 100644 .omnius/debug-library/runs/1783054636540-g0c2vs/events/turn-0000/2026-07-04T20-09-19-519Z-context-4dfbb6666b.json
 create mode 100644 .omnius/debug-library/runs/1783054636540-g0c2vs/events/turn-0000/2026-07-04T20-10-29-554Z-context-9318a85fc6.json
 create mode 100644 .omnius/debug-library/runs/1783054636540-g0c2vs/events/turn-0000/2026-07-04T20-11-39-661Z-context-f880af9954.json
 create mode 100644 .omnius/debug-library/runs/1783054636540-g0c2vs/events/turn-0000/2026-07-04T20-12-49-714Z-context-8e87320b53.json
 create mode 100644 .omnius/debug-library/runs/1783054636540-g0c2vs/events/turn-0000/2026-07-04T20-13-59-804Z-context-9aed62e937.json
 create mode 100644 .omnius/debug-library/runs/1783054636540-g0c2vs/events/turn-0000/2026-07-04T20-15-15-246Z-context-cf22a9b4b7.json
 create mode 100644 .omnius/debug-library/runs/1783054636540-g0c2vs/events/turn-0000/2026-07-04T20-15-24-244Z-context-793f534223.json
 create mode 100644 .omnius/debug-library/runs/1783054636540-g0c2vs/events/turn-0000/2026-07-04T20-15-39-287Z-context-28e0633e26.json
 create mode 100644 .omnius/debug-library/runs/1783054636540-g0c2vs/events/turn-0000/2026-07-04T20-15-59-318Z-context-e0d877e963.json
 create mode 100644 .omnius/debug-library/runs/1783054636540-g0c2vs/events/turn-0000/2026-07-04T20-16-29-421Z-context-60c027117e.json
 create mode 100644 .omnius/debug-library/runs/1783054636540-g0c2vs/events/turn-0000/2026-07-04T20-17-46-038Z-context-a5417cc0bb.json
 create mode 100644 .omnius/debug-library/runs/1783054636540-g0c2vs/events/turn-0000/2026-07-04T20-17-55-160Z-context-a0d1496708.json
 create mode 100644 .omnius/debug-library/runs/1783054636540-g0c2vs/events/turn-0000/2026-07-04T20-18-10-243Z-context-8c2856fa8d.json
 create mode 100644 .omnius/debug-library/runs/1783054636540-g0c2vs/events/turn-0000/2026-07-04T20-18-30-275Z-context-a348e460cd.json
 create mode 100644 .omnius/debug-library/runs/1783054636540-g0c2vs/events/turn-0000/2026-07-04T20-19-00-373Z-context-4c48ebd284.json
 create mode 100644 .omnius/debug-library/runs/1783054636540-g0c2vs/events/turn-0000/2026-07-04T20-19-50-472Z-context-bd50920ed2.json
 create mode 100644 .omnius/debug-library/runs/1783054636540-g0c2vs/events/turn-0000/2026-07-04T20-21-00-611Z-context-1c9a173701.json
 create mode 100644 .omnius/debug-library/runs/1783054636540-g0c2vs/events/turn-0000/2026-07-04T20-22-10-719Z-context-8ede44fefc.json
 create mode 100644 .omnius/debug-library/runs/1783054636540-g0c2vs/events/turn-0000/2026-07-04T20-23-20-826Z-context-76d0324e00.json
 create mode 100644 .omnius/debug-library/runs/1783054636540-g0c2vs/events/turn-0000/2026-07-04T20-24-30-944Z-context-4210184d45.json
 create mode 100644 .omnius/debug-library/runs/1783054636540-g0c2vs/events/turn-0000/2026-07-04T20-25-41-049Z-context-6ffc15b22a.json
 create mode 100644 .omnius/debug-library/runs/1783054636540-g0c2vs/events/turn-0000/2026-07-04T20-26-52-006Z-context-b67820400a.json
 create mode 100644 .omnius/debug-library/runs/1783054636540-g0c2vs/events/turn-0000/2026-07-04T20-28-02-807Z-context-4c0fcef851.json
 create mode 100644 .omnius/debug-library/runs/1783054636540-g0c2vs/events/turn-0000/2026-07-04T20-29-12-837Z-context-37db836690.json
 create mode 100644 .omnius/debug-library/runs/1783054636540-g0c2vs/events/turn-0000/2026-07-04T20-30-22-935Z-context-26db40559f.json
 create mode 100644 .omnius/debug-library/runs/1783054636540-g0c2vs/events/turn-0000/2026-07-04T20-31-32-963Z-context-71d3f443aa.json
 create mode 100644 .omnius/debug-library/runs/1783054636540-g0c2vs/events/turn-0000/2026-07-04T20-32-43-061Z-context-eb75991c86.json
 create mode 100644 .omnius/debug-library/runs/1783054636540-g0c2vs/events/turn-0000/2026-07-04T20-33-53-176Z-context-36a1eaf378.json
 create mode 100644 .omnius/debug-library/runs/1783054636540-g0c2vs/events/turn-0000/2026-07-04T20-35-03-481Z-context-0cc7e2830f.json
 create mode 100644 .omnius/debug-library/runs/1783054636540-g0c2vs/events/turn-0000/2026-07-04T20-36-37-225Z-context-9d00ba0fdb.json
 create mode 100644 .omnius/debug-library/runs/1783054636540-g0c2vs/events/turn-0000/2026-07-04T20-36-52-260Z-context-76b2eb5ff3.json
 create mode 100644 .omnius/debug-library/runs/1783054636540-g0c2vs/events/turn-0000/2026-07-04T20-37-12-292Z-context-7038ad9142.json
 create mode 100644 .omnius/debug-library/runs/1783054636540-g0c2vs/events/turn-0000/2026-07-04T20-37-42-406Z-context-89a906627c.json
 create mode 100644 .omnius/debug-library/runs/1783054636540-g0c2vs/events/turn-0000/2026-07-04T20-38-32-509Z-context-f57c7fb7ca.json
 create mode 100644 .omnius/debug-library/runs/1783054636540-g0c2vs/events/turn-0000/2026-07-04T20-39-42-607Z-context-6d3360a7fc.json
 create mode 100644 .omnius/debug-library/runs/1783054636540-g0c2vs/events/turn-0000/2026-07-04T20-40-52-721Z-context-d8c6fd0195.json
 create mode 100644 .omnius/debug-library/runs/1783054636540-g0c2vs/events/turn-0000/2026-07-04T20-41-57-941Z-context-8c144ebf9b.json
 create mode 100644 .omnius/debug-library/runs/1783054636540-g0c2vs/events/turn-0000/2026-07-04T20-42-02-752Z-context-e8d0a5b380.json
 create mode 100644 .omnius/debug-library/runs/1783054636540-g0c2vs/events/turn-0000/2026-07-04T20-42-11-925Z-context-dcba986a25.json
 create mode 100644 .omnius/debug-library/runs/1783054636540-g0c2vs/events/turn-0000/2026-07-04T20-42-27-197Z-context-bebf8c4e53.json
 create mode 100644 .omnius/debug-library/runs/1783054636540-g0c2vs/events/turn-0000/2026-07-04T20-42-47-233Z-context-5cf0af265b.json
 create mode 100644 .omnius/debug-library/runs/1783054636540-g0c2vs/events/turn-0000/2026-07-04T20-43-17-343Z-context-54b50f113e.json
 create mode 100644 .omnius/debug-library/runs/1783054636540-g0c2vs/events/turn-0000/2026-07-04T20-44-07-451Z-context-92f6468d66.json
 create mode 100644 .omnius/debug-library/runs/1783054636540-g0c2vs/events/turn-0000/2026-07-04T20-45-17-560Z-context-7ea2901d04.json
 create mode 100644 .omnius/debug-library/runs/1783054636540-g0c2vs/events/turn-0000/2026-07-04T20-46-27-666Z-context-ad8158e76b.json
 create mode 100644 .omnius/debug-library/runs/1783054636540-g0c2vs/events/turn-0000/2026-07-04T20-48-10-121Z-context-ffa39f477f.json
 create mode 100644 .omnius/debug-library/runs/1783054636540-g0c2vs/events/turn-0000/2026-07-04T20-48-19-485Z-context-b8c78bd8fe.json
 create mode 100644 .omnius/debug-library/runs/1783054636540-g0c2vs/events/turn-0000/2026-07-04T20-48-34-576Z-context-bc9389dccd.json
 create mode 100644 .omnius/debug-library/runs/1783054636540-g0c2vs/events/turn-0000/2026-07-04T20-48-54-619Z-context-1eb5dc8265.json
 create mode 100644 .omnius/debug-library/runs/1783054636540-g0c2vs/events/turn-0000/2026-07-04T20-49-24-721Z-context-04f9c72d8e.json
 create mode 100644 .omnius/debug-library/runs/1783054636540-g0c2vs/events/turn-0000/2026-07-04T20-50-14-849Z-context-a634c304c2.json
 create mode 100644 .omnius/debug-library/runs/1783054636540-g0c2vs/events/turn-0000/2026-07-04T20-51-24-955Z-context-caa276183c.json
 create mode 100644 .omnius/debug-library/runs/1783054636540-g0c2vs/events/turn-0000/2026-07-04T20-52-35-075Z-context-8e4bd1f65a.json
 create mode 100644 .omnius/debug-library/runs/1783054636540-g0c2vs/events/turn-0000/2026-07-04T20-54-18-137Z-context-331013a0ad.json
 create mode 100644 .omnius/debug-library/runs/1783054636540-g0c2vs/events/turn-0000/2026-07-04T20-54-27-749Z-context-1fa1506e7f.json
 create mode 100644 .omnius/debug-library/runs/1783054636540-g0c2vs/events/turn-0000/2026-07-04T20-54-42-785Z-context-6f44cd72a5.json
 create mode 100644 .omnius/debug-library/runs/1783054636540-g0c2vs/events/turn-0000/2026-07-04T20-55-02-814Z-context-34176a8c46.json
 create mode 100644 .omnius/debug-library/runs/1783054636540-g0c2vs/events/turn-0000/2026-07-04T20-55-32-914Z-context-cd9b31d0b9.json
 create mode 100644 .omnius/debug-library/runs/1783054636540-g0c2vs/events/turn-0000/2026-07-04T20-56-23-023Z-context-259a11e17a.json
 create mode 100644 .omnius/debug-library/runs/1783054636540-g0c2vs/events/turn-0000/2026-07-04T20-57-33-158Z-context-3749c3e457.json
 create mode 100644 .omnius/debug-library/runs/1783054636540-g0c2vs/events/turn-0000/2026-07-04T20-58-43-286Z-context-a3c1072f78.json
 create mode 100644 .omnius/debug-library/runs/1783054636540-g0c2vs/events/turn-0000/2026-07-04T20-59-53-323Z-context-9d728a023c.json
 create mode 100644 .omnius/debug-library/runs/1783054636540-g0c2vs/events/turn-0000/2026-07-04T21-01-03-426Z-context-c45a9890f6.json
 create mode 100644 .omnius/debug-library/runs/1783054636540-g0c2vs/events/turn-0000/2026-07-04T21-02-13-457Z-context-faa98ca63b.json
 create mode 100644 .omnius/debug-library/runs/1783054636540-g0c2vs/events/turn-0000/2026-07-04T21-03-23-505Z-context-52a163dbe8.json
 create mode 100644 .omnius/debug-library/runs/1783054636540-g0c2vs/events/turn-0000/2026-07-04T21-04-33-543Z-context-9629360a7f.json
 create mode 100644 .omnius/debug-library/runs/1783054636540-g0c2vs/events/turn-0000/2026-07-04T21-05-43-605Z-context-04cc5df5b1.json
 create mode 100644 .omnius/debug-library/runs/1783054636540-g0c2vs/events/turn-0000/2026-07-04T21-06-53-640Z-context-f1f2e34814.json
 create mode 100644 .omnius/debug-library/runs/1783054636540-g0c2vs/events/turn-0000/2026-07-04T21-08-03-670Z-context-6d3659525a.json
 create mode 100644 .omnius/debug-library/runs/1783054636540-g0c2vs/events/turn-0000/2026-07-04T21-09-13-717Z-context-24a6dcf9ba.json
 create mode 100644 .omnius/debug-library/runs/1783054636540-g0c2vs/events/turn-0000/2026-07-04T21-10-23-757Z-context-d0427ad4cc.json
 create mode 100644 .omnius/debug-library/runs/1783054636540-g0c2vs/events/turn-0000/2026-07-04T21-11-33-844Z-context-0cf9640f96.json
 create mode 100644 .omnius/debug-library/runs/1783054636540-g0c2vs/events/turn-0000/2026-07-04T21-13-35-799Z-context-675eece9c9.json
 create mode 100644 .omnius/debug-library/runs/1783054636540-g0c2vs/events/turn-0000/2026-07-04T21-13-45-118Z-context-3da78f3bd8.json
 create mode 100644 .omnius/debug-library/runs/1783054636540-g0c2vs/events/turn-0000/2026-07-04T21-14-00-158Z-context-2ab175e78f.json
 create mode 100644 .omnius/debug-library/runs/1783054636540-g0c2vs/events/turn-0000/2026-07-04T21-14-20-192Z-context-241d8854b6.json
 create mode 100644 .omnius/debug-library/runs/1783054636540-g0c2vs/events/turn-0000/2026-07-04T21-14-50-299Z-context-883e43405a.json
 create mode 100644 .omnius/debug-library/runs/1783054636540-g0c2vs/events/turn-0000/2026-07-04T21-15-40-415Z-context-2459d2476e.json
 create mode 100644 .omnius/debug-library/runs/1783054636540-g0c2vs/events/turn-0000/2026-07-04T21-17-37-878Z-context-e355a699a0.json
 create mode 100644 .omnius/debug-library/runs/1783054636540-g0c2vs/events/turn-0000/2026-07-04T21-17-47-241Z-context-0f03be875a.json
 create mode 100644 .omnius/debug-library/runs/1783054636540-g0c2vs/events/turn-0000/2026-07-04T21-18-02-284Z-context-f68d2b3e01.json
 create mode 100644 .omnius/debug-library/runs/1783054636540-g0c2vs/events/turn-0000/2026-07-04T21-18-22-367Z-context-cbcb2ce470.json
 create mode 100644 .omnius/debug-library/runs/1783054636540-g0c2vs/events/turn-0000/2026-07-04T21-18-52-474Z-context-5eea9cfb2e.json
 create mode 100644 .omnius/debug-library/runs/1783054636540-g0c2vs/events/turn-0000/2026-07-04T21-19-42-600Z-context-5018fc988d.json
 create mode 100644 .omnius/debug-library/runs/1783054636540-g0c2vs/events/turn-0000/2026-07-04T21-20-52-771Z-context-005598a509.json
 create mode 100644 .omnius/debug-library/runs/1783054636540-g0c2vs/events/turn-0000/2026-07-04T21-22-02-819Z-context-a661772b82.json
 create mode 100644 .omnius/debug-library/runs/1783054636540-g0c2vs/events/turn-0000/2026-07-04T21-23-12-960Z-context-c39b6db8c4.json
 create mode 100644 .omnius/debug-library/runs/1783054636540-g0c2vs/events/turn-0000/2026-07-04T21-24-23-003Z-context-60ae2bd389.json
 create mode 100644 .omnius/debug-library/runs/1783054636540-g0c2vs/events/turn-0000/2026-07-04T21-25-33-033Z-context-bbb6aa6e18.json
 create mode 100644 .omnius/debug-library/runs/1783054636540-g0c2vs/events/turn-0000/2026-07-04T21-26-43-069Z-context-15bc47d23d.json
 create mode 100644 .omnius/debug-library/runs/1783054636540-g0c2vs/events/turn-0000/2026-07-04T21-27-53-191Z-context-a6edd72773.json
 create mode 100644 .omnius/debug-library/runs/1783054636540-g0c2vs/events/turn-0000/2026-07-04T21-29-03-228Z-context-240ac69d75.json
 create mode 100644 .omnius/debug-library/runs/1783054636540-g0c2vs/events/turn-0000/2026-07-04T21-30-13-339Z-context-3266fd03ef.json
 create mode 100644 .omnius/debug-library/runs/1783054636540-g0c2vs/events/turn-0000/2026-07-04T21-31-23-452Z-context-b5c1f53902.json
 create mode 100644 .omnius/debug-library/runs/1783054636540-g0c2vs/events/turn-0000/2026-07-04T21-32-33-582Z-context-1af81bc8ce.json
 create mode 100644 .omnius/debug-library/runs/1783054636540-g0c2vs/events/turn-0000/2026-07-04T21-33-43-693Z-context-db822cfd4a.json
 create mode 100644 .omnius/debug-library/runs/1783054636540-g0c2vs/events/turn-0000/2026-07-04T21-34-55-369Z-context-783462e98e.json
 create mode 100644 .omnius/debug-library/runs/1783054636540-g0c2vs/events/turn-0001/2026-07-03T04-57-48-320Z-context-76fc461ee7.json
 create mode 100644 .omnius/debug-library/runs/1783054636540-g0c2vs/events/turn-0001/2026-07-03T05-06-21-544Z-context-9a9ad0ebda.json
 create mode 100644 .omnius/debug-library/runs/1783054636540-g0c2vs/events/turn-0001/2026-07-03T05-06-27-182Z-context-759cd8c31b.json
 create mode 100644 .omnius/debug-library/runs/1783054636540-g0c2vs/events/turn-0001/2026-07-03T05-07-10-278Z-task_complete-cc6c6d3eea.json
 create mode 100644 .omnius/debug-library/runs/1783054636540-g0c2vs/events/turn-0001/2026-07-03T05-07-18-470Z-task_complete-93afca16bf.json
 create mode 100644 .omnius/debug-library/runs/1783054636540-g0c2vs/events/turn-0001/2026-07-03T05-08-50-493Z-context-426dba4a16.json
 create mode 100644 .omnius/debug-library/runs/1783054636540-g0c2vs/events/turn-0001/2026-07-03T05-08-57-836Z-context-80c631927d.json
 create mode 100644 .omnius/debug-library/runs/1783054636540-g0c2vs/events/turn-0001/2026-07-04T18-12-47-446Z-context-19e11e0f5c.json
 create mode 100644 .omnius/debug-library/runs/1783054636540-g0c2vs/events/turn-0001/2026-07-04T19-24-40-498Z-context-f1dbd215ca.json
 create mode 100644 .omnius/debug-library/runs/1783054636540-g0c2vs/events/turn-0001/2026-07-04T20-03-50-925Z-context-bdfb3198fa.json
 create mode 100644 .omnius/debug-library/runs/1783054636540-g0c2vs/events/turn-0001/2026-07-04T20-43-41-708Z-context-46a56a0b1d.json
 create mode 100644 .omnius/debug-library/runs/1783054636540-g0c2vs/events/turn-0002/2026-07-03T04-58-12-943Z-context-05ef349fe8.json
 create mode 100644 .omnius/debug-library/runs/1783054636540-g0c2vs/events/turn-0002/2026-07-03T05-06-42-245Z-context-b0de6d5a81.json
 create mode 100644 .omnius/debug-library/runs/1783054636540-g0c2vs/events/turn-0002/2026-07-03T05-06-54-746Z-context-c2f132389e.json
 create mode 100644 .omnius/debug-library/runs/1783054636540-g0c2vs/events/turn-0002/2026-07-03T05-07-25-001Z-todo_write-0a304fbfca.json
 create mode 100644 .omnius/debug-library/runs/1783054636540-g0c2vs/events/turn-0002/2026-07-03T05-07-30-289Z-todo_write-e7d22266ef.json
 create mode 100644 .omnius/debug-library/runs/1783054636540-g0c2vs/events/turn-0002/2026-07-03T05-09-55-368Z-context-8d94ecf9af.json
 create mode 100644 .omnius/debug-library/runs/1783054636540-g0c2vs/events/turn-0002/2026-07-04T18-13-34-369Z-context-e5ab9a383d.json
 create mode 100644 .omnius/debug-library/runs/1783054636540-g0c2vs/events/turn-0002/2026-07-04T19-25-34-188Z-context-06c2f10fa0.json
 create mode 100644 .omnius/debug-library/runs/1783054636540-g0c2vs/events/turn-0002/2026-07-04T20-04-53-384Z-context-423eae46d2.json
 create mode 100644 .omnius/debug-library/runs/1783054636540-g0c2vs/events/turn-0002/2026-07-04T20-44-14-905Z-context-45caa260bb.json
 create mode 100644 .omnius/debug-library/runs/1783054636540-g0c2vs/events/turn-0003/2026-07-03T04-59-50-466Z-context-745857b7d5.json
 create mode 100644 .omnius/debug-library/runs/1783054636540-g0c2vs/events/turn-0003/2026-07-03T05-00-33-132Z-list_directory-d872b6f39b.json
 create mode 100644 .omnius/debug-library/runs/1783054636540-g0c2vs/events/turn-0003/2026-07-03T05-00-33-722Z-list_directory-d872b6f39b.json
 create mode 100644 .omnius/debug-library/runs/1783054636540-g0c2vs/events/turn-0003/2026-07-03T05-00-33-833Z-list_directory-d872b6f39b.json
 create mode 100644 .omnius/debug-library/runs/1783054636540-g0c2vs/events/turn-0003/2026-07-03T05-07-10-284Z-context-73cb4c22ce.json
 create mode 100644 .omnius/debug-library/runs/1783054636540-g0c2vs/events/turn-0003/2026-07-03T05-07-18-475Z-context-ccddde3b0e.json
 create mode 100644 .omnius/debug-library/runs/1783054636540-g0c2vs/events/turn-0003/2026-07-03T05-07-40-593Z-file_read-92307bcd59.json
 create mode 100644 .omnius/debug-library/runs/1783054636540-g0c2vs/events/turn-0003/2026-07-03T05-07-40-658Z-list_directory-20bd8eec78.json
 create mode 100644 .omnius/debug-library/runs/1783054636540-g0c2vs/events/turn-0003/2026-07-03T05-08-57-832Z-task_complete-ad43c46a60.json
 create mode 100644 .omnius/debug-library/runs/1783054636540-g0c2vs/events/turn-0003/2026-07-03T05-10-20-138Z-task_complete-0e59971cb8.json
 create mode 100644 .omnius/debug-library/runs/1783054636540-g0c2vs/events/turn-0003/2026-07-04T18-18-03-439Z-context-3e5adff693.json
 create mode 100644 .omnius/debug-library/runs/1783054636540-g0c2vs/events/turn-0003/2026-07-04T19-26-24-126Z-context-f759c38f47.json
 create mode 100644 .omnius/debug-library/runs/1783054636540-g0c2vs/events/turn-0003/2026-07-04T20-05-06-850Z-context-ada5bfbc01.json
 create mode 100644 .omnius/debug-library/runs/1783054636540-g0c2vs/events/turn-0003/2026-07-04T20-45-51-410Z-context-170353c0d5.json
 create mode 100644 .omnius/debug-library/runs/1783054636540-g0c2vs/events/turn-0004/2026-07-03T05-00-13-685Z-context-a0186f333c.json
 create mode 100644 .omnius/debug-library/runs/1783054636540-g0c2vs/events/turn-0004/2026-07-03T05-01-11-911Z-list_directory-02207b0cbb.json
 create mode 100644 .omnius/debug-library/runs/1783054636540-g0c2vs/events/turn-0004/2026-07-03T05-01-12-489Z-list_directory-4ba41c3a7a.json
 create mode 100644 .omnius/debug-library/runs/1783054636540-g0c2vs/events/turn-0004/2026-07-03T05-01-12-572Z-list_directory-b1892a762e.json
 create mode 100644 .omnius/debug-library/runs/1783054636540-g0c2vs/events/turn-0004/2026-07-03T05-07-25-008Z-context-cb2f116986.json
 create mode 100644 .omnius/debug-library/runs/1783054636540-g0c2vs/events/turn-0004/2026-07-03T05-07-30-294Z-context-7bf5aa637f.json
 create mode 100644 .omnius/debug-library/runs/1783054636540-g0c2vs/events/turn-0004/2026-07-03T05-08-50-488Z-task_complete-20bb7981d3.json
 create mode 100644 .omnius/debug-library/runs/1783054636540-g0c2vs/events/turn-0004/2026-07-03T05-10-33-599Z-task_complete-fe2bb39e7d.json
 create mode 100644 .omnius/debug-library/runs/1783054636540-g0c2vs/events/turn-0004/2026-07-04T18-19-01-012Z-context-fa678f5756.json
 create mode 100644 .omnius/debug-library/runs/1783054636540-g0c2vs/events/turn-0004/2026-07-04T19-26-33-224Z-context-de911a04fc.json
 create mode 100644 .omnius/debug-library/runs/1783054636540-g0c2vs/events/turn-0004/2026-07-04T20-06-07-358Z-context-b2d101331b.json
 create mode 100644 .omnius/debug-library/runs/1783054636540-g0c2vs/events/turn-0004/2026-07-04T20-46-28-871Z-context-ad531ff15c.json
 create mode 100644 .omnius/debug-library/runs/1783054636540-g0c2vs/events/turn-0005/2026-07-03T05-00-33-842Z-context-c93aa41747.json
 create mode 100644 .omnius/debug-library/runs/1783054636540-g0c2vs/events/turn-0005/2026-07-03T05-01-32-052Z-file_edit-bffd122b9d.json
 create mode 100644 .omnius/debug-library/runs/1783054636540-g0c2vs/events/turn-0005/2026-07-04T18-19-56-382Z-context-9259f1d9be.json
 create mode 100644 .omnius/debug-library/runs/1783054636540-g0c2vs/events/turn-0005/2026-07-04T18-21-58-613Z-file_read-7336caff32.json
 create mode 100644 .omnius/debug-library/runs/1783054636540-g0c2vs/events/turn-0005/2026-07-04T19-27-20-946Z-context-ecf404277a.json
 create mode 100644 .omnius/debug-library/runs/1783054636540-g0c2vs/events/turn-0005/2026-07-04T20-07-14-982Z-context-f1b015d4d6.json
 create mode 100644 .omnius/debug-library/runs/1783054636540-g0c2vs/events/turn-0005/2026-07-04T20-48-09-254Z-context-8bc4eacb41.json
 create mode 100644 .omnius/debug-library/runs/1783054636540-g0c2vs/events/turn-0006/2026-07-03T05-01-12-587Z-context-7ba9db2f18.json
 create mode 100644 .omnius/debug-library/runs/1783054636540-g0c2vs/events/turn-0006/2026-07-03T05-01-56-402Z-file_read-1fb2c3600c.json
 create mode 100644 .omnius/debug-library/runs/1783054636540-g0c2vs/events/turn-0006/2026-07-04T18-20-56-511Z-context-8597a58f80.json
 create mode 100644 .omnius/debug-library/runs/1783054636540-g0c2vs/events/turn-0006/2026-07-04T18-22-59-853Z-file_read-bfe7d10cbe.json
 create mode 100644 .omnius/debug-library/runs/1783054636540-g0c2vs/events/turn-0006/2026-07-04T19-28-12-501Z-context-4542b38e64.json
 create mode 100644 .omnius/debug-library/runs/1783054636540-g0c2vs/events/turn-0006/2026-07-04T20-08-22-212Z-context-e514e0d072.json
 create mode 100644 .omnius/debug-library/runs/1783054636540-g0c2vs/events/turn-0006/2026-07-04T20-49-50-796Z-context-156903d011.json
 create mode 100644 .omnius/debug-library/runs/1783054636540-g0c2vs/events/turn-0007/2026-07-03T05-01-32-065Z-context-3fbf9511fd.json
 create mode 100644 .omnius/debug-library/runs/1783054636540-g0c2vs/events/turn-0007/2026-07-03T05-02-27-964Z-file_read-1fb2c3600c.json
 create mode 100644 .omnius/debug-library/runs/1783054636540-g0c2vs/events/turn-0007/2026-07-03T05-02-28-653Z-file_read-1fb2c3600c.json
 create mode 100644 .omnius/debug-library/runs/1783054636540-g0c2vs/events/turn-0007/2026-07-03T05-02-29-184Z-file_read-1fb2c3600c.json
 create mode 100644 .omnius/debug-library/runs/1783054636540-g0c2vs/events/turn-0007/2026-07-03T05-02-29-326Z-file_read-1fb2c3600c.json
 create mode 100644 .omnius/debug-library/runs/1783054636540-g0c2vs/events/turn-0007/2026-07-04T18-21-58-626Z-context-d4e06e3e93.json
 create mode 100644 .omnius/debug-library/runs/1783054636540-g0c2vs/events/turn-0007/2026-07-04T18-24-06-226Z-file_read-4987e3ba9b.json
 create mode 100644 .omnius/debug-library/runs/1783054636540-g0c2vs/events/turn-0007/2026-07-04T19-28-25-619Z-context-63b940fe17.json
 create mode 100644 .omnius/debug-library/runs/1783054636540-g0c2vs/events/turn-0007/2026-07-04T20-08-39-806Z-context-21984a1c6c.json
 create mode 100644 .omnius/debug-library/runs/1783054636540-g0c2vs/events/turn-0007/2026-07-04T20-50-21-638Z-context-e45c82f49b.json
 create mode 100644 .omnius/debug-library/runs/1783054636540-g0c2vs/events/turn-0008/2026-07-03T05-01-56-422Z-context-9938cf7da6.json
 create mode 100644 .omnius/debug-library/runs/1783054636540-g0c2vs/events/turn-0008/2026-07-03T05-03-33-472Z-file_write-4807c28d27.json
 create mode 100644 .omnius/debug-library/runs/1783054636540-g0c2vs/events/turn-0008/2026-07-03T05-03-33-604Z-file_write-ce9feaff58.json
 create mode 100644 .omnius/debug-library/runs/1783054636540-g0c2vs/events/turn-0008/2026-07-04T18-22-59-872Z-context-97ac4d0599.json
 create mode 100644 .omnius/debug-library/runs/1783054636540-g0c2vs/events/turn-0008/2026-07-04T18-25-09-130Z-file_read-98d32a043d.json
 create mode 100644 .omnius/debug-library/runs/1783054636540-g0c2vs/events/turn-0008/2026-07-04T19-28-38-419Z-context-33c119611c.json
 create mode 100644 .omnius/debug-library/runs/1783054636540-g0c2vs/events/turn-0008/2026-07-04T20-08-55-863Z-context-4baaf885dc.json
 create mode 100644 .omnius/debug-library/runs/1783054636540-g0c2vs/events/turn-0008/2026-07-04T20-52-03-335Z-context-24f9b3a9a9.json
 create mode 100644 .omnius/debug-library/runs/1783054636540-g0c2vs/events/turn-0009/2026-07-03T05-02-29-336Z-context-d5d2398c54.json
 create mode 100644 .omnius/debug-library/runs/1783054636540-g0c2vs/events/turn-0009/2026-07-03T05-04-17-185Z-file_edit-e060ddd3ee.json
 create mode 100644 .omnius/debug-library/runs/1783054636540-g0c2vs/events/turn-0009/2026-07-04T18-24-06-239Z-context-ad851e62e8.json
 create mode 100644 .omnius/debug-library/runs/1783054636540-g0c2vs/events/turn-0009/2026-07-04T18-26-17-702Z-file_read-7336caff32.json
 create mode 100644 .omnius/debug-library/runs/1783054636540-g0c2vs/events/turn-0009/2026-07-04T19-28-50-942Z-context-932e61f60c.json
 create mode 100644 .omnius/debug-library/runs/1783054636540-g0c2vs/events/turn-0009/2026-07-04T20-09-09-353Z-context-43d9f7873b.json
 create mode 100644 .omnius/debug-library/runs/1783054636540-g0c2vs/events/turn-0009/2026-07-04T20-52-32-057Z-context-349caec5b5.json
 create mode 100644 .omnius/debug-library/runs/1783054636540-g0c2vs/events/turn-0010/2026-07-03T05-03-33-622Z-context-417744a725.json
 create mode 100644 .omnius/debug-library/runs/1783054636540-g0c2vs/events/turn-0010/2026-07-03T05-04-56-848Z-file_write-028167799b.json
 create mode 100644 .omnius/debug-library/runs/1783054636540-g0c2vs/events/turn-0010/2026-07-03T05-04-58-677Z-file_write-8a58da0cb8.json
 create mode 100644 .omnius/debug-library/runs/1783054636540-g0c2vs/events/turn-0010/2026-07-03T05-05-01-160Z-file_write-d343d50021.json
 create mode 100644 .omnius/debug-library/runs/1783054636540-g0c2vs/events/turn-0010/2026-07-03T05-05-03-013Z-file_write-3d16bb659a.json
 create mode 100644 .omnius/debug-library/runs/1783054636540-g0c2vs/events/turn-0010/2026-07-03T05-05-05-596Z-file_write-7b46946d89.json
 create mode 100644 .omnius/debug-library/runs/1783054636540-g0c2vs/events/turn-0010/2026-07-03T05-05-05-625Z-file_write-89e190c953.json
 create mode 100644 .omnius/debug-library/runs/1783054636540-g0c2vs/events/turn-0010/2026-07-04T18-25-09-142Z-context-ddf4346716.json
 create mode 100644 .omnius/debug-library/runs/1783054636540-g0c2vs/events/turn-0010/2026-07-04T18-27-22-744Z-file_read-bfe7d10cbe.json
 create mode 100644 .omnius/debug-library/runs/1783054636540-g0c2vs/events/turn-0010/2026-07-04T19-29-03-634Z-context-d5ccbbdcfb.json
 create mode 100644 .omnius/debug-library/runs/1783054636540-g0c2vs/events/turn-0010/2026-07-04T20-09-26-557Z-context-b8c01fee28.json
 create mode 100644 .omnius/debug-library/runs/1783054636540-g0c2vs/events/turn-0010/2026-07-04T20-54-17-767Z-context-d459550f37.json
 create mode 100644 .omnius/debug-library/runs/1783054636540-g0c2vs/events/turn-0011/2026-07-03T05-04-17-205Z-context-da02c42a92.json
 create mode 100644 .omnius/debug-library/runs/1783054636540-g0c2vs/events/turn-0011/2026-07-03T05-05-54-062Z-file_write-8a58da0cb8.json
 create mode 100644 .omnius/debug-library/runs/1783054636540-g0c2vs/events/turn-0011/2026-07-03T05-05-56-468Z-file_write-d343d50021.json
 create mode 100644 .omnius/debug-library/runs/1783054636540-g0c2vs/events/turn-0011/2026-07-03T05-05-58-408Z-file_write-3d16bb659a.json
 create mode 100644 .omnius/debug-library/runs/1783054636540-g0c2vs/events/turn-0011/2026-07-03T05-06-01-166Z-file_write-028167799b.json
 create mode 100644 .omnius/debug-library/runs/1783054636540-g0c2vs/events/turn-0011/2026-07-03T05-06-03-101Z-file_write-028167799b.json
 create mode 100644 .omnius/debug-library/runs/1783054636540-g0c2vs/events/turn-0011/2026-07-03T05-06-05-878Z-file_write-028167799b.json
 create mode 100644 .omnius/debug-library/runs/1783054636540-g0c2vs/events/turn-0011/2026-07-03T05-06-07-662Z-file_write-028167799b.json
 create mode 100644 .omnius/debug-library/runs/1783054636540-g0c2vs/events/turn-0011/2026-07-03T05-06-10-084Z-file_write-028167799b.json
 create mode 100644 .omnius/debug-library/runs/1783054636540-g0c2vs/events/turn-0011/2026-07-03T05-06-10-189Z-file_write-028167799b.json
 create mode 100644 .omnius/debug-library/runs/1783054636540-g0c2vs/events/turn-0011/2026-07-04T18-26-17-712Z-context-b1165a6d9a.json
 create mode 100644 .omnius/debug-library/runs/1783054636540-g0c2vs/events/turn-0011/2026-07-04T18-28-31-882Z-file_read-7336caff32.json
 create mode 100644 .omnius/debug-library/runs/1783054636540-g0c2vs/events/turn-0011/2026-07-04T19-30-01-085Z-context-8ec536c2be.json
 create mode 100644 .omnius/debug-library/runs/1783054636540-g0c2vs/events/turn-0011/2026-07-04T20-10-40-005Z-context-8fd874ac2e.json
 create mode 100644 .omnius/debug-library/runs/1783054636540-g0c2vs/events/turn-0011/2026-07-04T20-56-01-555Z-context-2aa07752e2.json
 create mode 100644 .omnius/debug-library/runs/1783054636540-g0c2vs/events/turn-0012/2026-07-03T05-05-05-665Z-context-350ddb7f6d.json
 create mode 100644 .omnius/debug-library/runs/1783054636540-g0c2vs/events/turn-0012/2026-07-04T18-27-22-754Z-context-769567d6f9.json
 create mode 100644 .omnius/debug-library/runs/1783054636540-g0c2vs/events/turn-0012/2026-07-04T18-29-36-741Z-file_read-5653645bca.json
 create mode 100644 .omnius/debug-library/runs/1783054636540-g0c2vs/events/turn-0012/2026-07-04T19-30-15-900Z-context-d8f40b1312.json
 create mode 100644 .omnius/debug-library/runs/1783054636540-g0c2vs/events/turn-0012/2026-07-04T20-10-57-488Z-context-bc3a6984a7.json
 create mode 100644 .omnius/debug-library/runs/1783054636540-g0c2vs/events/turn-0012/2026-07-04T20-56-31-181Z-context-eeadd06bbd.json
 create mode 100644 .omnius/debug-library/runs/1783054636540-g0c2vs/events/turn-0013/2026-07-04T18-28-31-896Z-context-fc0f37f878.json
 create mode 100644 .omnius/debug-library/runs/1783054636540-g0c2vs/events/turn-0013/2026-07-04T19-30-37-302Z-context-d8f81f1ec3.json
 create mode 100644 .omnius/debug-library/runs/1783054636540-g0c2vs/events/turn-0013/2026-07-04T20-11-13-360Z-context-c77c70d895.json
 create mode 100644 .omnius/debug-library/runs/1783054636540-g0c2vs/events/turn-0013/2026-07-04T20-58-16-733Z-context-ae65457883.json
 create mode 100644 .omnius/debug-library/runs/1783054636540-g0c2vs/events/turn-0014/2026-07-04T18-29-36-753Z-context-ed7fe5b042.json
 create mode 100644 .omnius/debug-library/runs/1783054636540-g0c2vs/events/turn-0014/2026-07-04T18-31-54-546Z-file_read-bfe7d10cbe.json
 create mode 100644 .omnius/debug-library/runs/1783054636540-g0c2vs/events/turn-0014/2026-07-04T19-30-48-757Z-context-f3d52612fd.json
 create mode 100644 .omnius/debug-library/runs/1783054636540-g0c2vs/events/turn-0014/2026-07-04T20-11-33-948Z-context-0dead901f1.json
 create mode 100644 .omnius/debug-library/runs/1783054636540-g0c2vs/events/turn-0014/2026-07-04T20-58-48-574Z-context-a43dd01e0b.json
 create mode 100644 .omnius/debug-library/runs/1783054636540-g0c2vs/events/turn-0015/2026-07-04T18-30-44-856Z-context-5d2bb6eae8.json
 create mode 100644 .omnius/debug-library/runs/1783054636540-g0c2vs/events/turn-0015/2026-07-04T18-33-02-764Z-file_read-7336caff32.json
 create mode 100644 .omnius/debug-library/runs/1783054636540-g0c2vs/events/turn-0015/2026-07-04T19-31-41-143Z-context-81d712e0db.json
 create mode 100644 .omnius/debug-library/runs/1783054636540-g0c2vs/events/turn-0015/2026-07-04T20-11-50-157Z-context-9707d2af44.json
 create mode 100644 .omnius/debug-library/runs/1783054636540-g0c2vs/events/turn-0015/2026-07-04T21-00-38-254Z-context-33b0747f4d.json
 create mode 100644 .omnius/debug-library/runs/1783054636540-g0c2vs/events/turn-0016/2026-07-04T18-31-54-560Z-context-b11f791751.json
 create mode 100644 .omnius/debug-library/runs/1783054636540-g0c2vs/events/turn-0016/2026-07-04T18-34-06-220Z-file_read-e53dc85686.json
 create mode 100644 .omnius/debug-library/runs/1783054636540-g0c2vs/events/turn-0016/2026-07-04T19-31-56-274Z-context-e8b6c95ecc.json
 create mode 100644 .omnius/debug-library/runs/1783054636540-g0c2vs/events/turn-0016/2026-07-04T20-12-07-278Z-context-deb2c04728.json
 create mode 100644 .omnius/debug-library/runs/1783054636540-g0c2vs/events/turn-0016/2026-07-04T21-01-17-645Z-context-ab2741f7a0.json
 create mode 100644 .omnius/debug-library/runs/1783054636540-g0c2vs/events/turn-0017/2026-07-04T18-33-02-776Z-context-bef1616b1e.json
 create mode 100644 .omnius/debug-library/runs/1783054636540-g0c2vs/events/turn-0017/2026-07-04T18-35-13-673Z-file_read-940dc3979e.json
 create mode 100644 .omnius/debug-library/runs/1783054636540-g0c2vs/events/turn-0017/2026-07-04T19-32-15-229Z-context-d9afae4533.json
 create mode 100644 .omnius/debug-library/runs/1783054636540-g0c2vs/events/turn-0017/2026-07-04T20-12-26-144Z-context-2589ae8f17.json
 create mode 100644 .omnius/debug-library/runs/1783054636540-g0c2vs/events/turn-0017/2026-07-04T21-01-55-432Z-context-49cb3d4dee.json
 create mode 100644 .omnius/debug-library/runs/1783054636540-g0c2vs/events/turn-0018/2026-07-04T18-34-06-233Z-context-15ba8ad5b9.json
 create mode 100644 .omnius/debug-library/runs/1783054636540-g0c2vs/events/turn-0018/2026-07-04T18-36-25-261Z-shell-877b5e79d5.json
 create mode 100644 .omnius/debug-library/runs/1783054636540-g0c2vs/events/turn-0018/2026-07-04T19-32-47-290Z-context-68b5c5545d.json
 create mode 100644 .omnius/debug-library/runs/1783054636540-g0c2vs/events/turn-0018/2026-07-04T20-12-43-672Z-context-6216c489db.json
 create mode 100644 .omnius/debug-library/runs/1783054636540-g0c2vs/events/turn-0018/2026-07-04T21-02-27-501Z-context-b47f248630.json
 create mode 100644 .omnius/debug-library/runs/1783054636540-g0c2vs/events/turn-0019/2026-07-04T18-35-13-684Z-context-0c984fa04c.json
 create mode 100644 .omnius/debug-library/runs/1783054636540-g0c2vs/events/turn-0019/2026-07-04T18-37-29-657Z-shell-07248f4dae.json
 create mode 100644 .omnius/debug-library/runs/1783054636540-g0c2vs/events/turn-0019/2026-07-04T19-33-41-980Z-context-df73e66b3b.json
 create mode 100644 .omnius/debug-library/runs/1783054636540-g0c2vs/events/turn-0019/2026-07-04T20-13-03-584Z-context-7017d34c65.json
 create mode 100644 .omnius/debug-library/runs/1783054636540-g0c2vs/events/turn-0019/2026-07-04T21-03-07-762Z-context-c0a2bffc68.json
 create mode 100644 .omnius/debug-library/runs/1783054636540-g0c2vs/events/turn-0020/2026-07-04T18-36-25-279Z-context-4565806832.json
 create mode 100644 .omnius/debug-library/runs/1783054636540-g0c2vs/events/turn-0020/2026-07-04T18-38-43-472Z-file_edit-502cd0fc15.json
 create mode 100644 .omnius/debug-library/runs/1783054636540-g0c2vs/events/turn-0020/2026-07-04T19-34-13-892Z-context-a66ddf28a7.json
 create mode 100644 .omnius/debug-library/runs/1783054636540-g0c2vs/events/turn-0020/2026-07-04T20-13-22-016Z-context-1485569a1f.json
 create mode 100644 .omnius/debug-library/runs/1783054636540-g0c2vs/events/turn-0020/2026-07-04T21-03-50-211Z-context-35ced1af34.json
 create mode 100644 .omnius/debug-library/runs/1783054636540-g0c2vs/events/turn-0021/2026-07-04T18-37-29-674Z-context-459e50f182.json
 create mode 100644 .omnius/debug-library/runs/1783054636540-g0c2vs/events/turn-0021/2026-07-04T18-39-08-435Z-file_patch-6af8da299c.json
 create mode 100644 .omnius/debug-library/runs/1783054636540-g0c2vs/events/turn-0021/2026-07-04T19-34-27-468Z-context-dfa906e925.json
 create mode 100644 .omnius/debug-library/runs/1783054636540-g0c2vs/events/turn-0021/2026-07-04T20-13-41-323Z-context-efaab6552e.json
 create mode 100644 .omnius/debug-library/runs/1783054636540-g0c2vs/events/turn-0021/2026-07-04T21-04-21-884Z-context-ed7b2f8235.json
 create mode 100644 .omnius/debug-library/runs/1783054636540-g0c2vs/events/turn-0022/2026-07-04T18-38-43-489Z-context-d52c82a438.json
 create mode 100644 .omnius/debug-library/runs/1783054636540-g0c2vs/events/turn-0022/2026-07-04T19-35-22-918Z-context-985b30db4a.json
 create mode 100644 .omnius/debug-library/runs/1783054636540-g0c2vs/events/turn-0022/2026-07-04T20-13-59-670Z-context-fa35f9e70e.json
 create mode 100644 .omnius/debug-library/runs/1783054636540-g0c2vs/events/turn-0022/2026-07-04T21-04-53-281Z-context-a099f93b2b.json
 create mode 100644 .omnius/debug-library/runs/1783054636540-g0c2vs/events/turn-0023/2026-07-04T18-39-08-454Z-context-4fccc0732d.json
 create mode 100644 .omnius/debug-library/runs/1783054636540-g0c2vs/events/turn-0023/2026-07-04T19-35-33-144Z-context-75f8ebcb58.json
 create mode 100644 .omnius/debug-library/runs/1783054636540-g0c2vs/events/turn-0023/2026-07-04T20-15-14-919Z-context-56d8fb3658.json
 create mode 100644 .omnius/debug-library/runs/1783054636540-g0c2vs/events/turn-0023/2026-07-04T21-05-25-345Z-context-1922ffc758.json
 create mode 100644 .omnius/debug-library/runs/1783054636540-g0c2vs/events/turn-0024/2026-07-04T18-39-40-230Z-context-bad7f0525b.json
 create mode 100644 .omnius/debug-library/runs/1783054636540-g0c2vs/events/turn-0024/2026-07-04T19-35-49-240Z-context-f6369c24bd.json
 create mode 100644 .omnius/debug-library/runs/1783054636540-g0c2vs/events/turn-0024/2026-07-04T20-16-30-251Z-context-dd5ec2c6f7.json
 create mode 100644 .omnius/debug-library/runs/1783054636540-g0c2vs/events/turn-0024/2026-07-04T21-05-57-894Z-context-6bbe9f5249.json
 create mode 100644 .omnius/debug-library/runs/1783054636540-g0c2vs/events/turn-0025/2026-07-04T18-40-04-451Z-context-d16ad7a731.json
 create mode 100644 .omnius/debug-library/runs/1783054636540-g0c2vs/events/turn-0025/2026-07-04T18-41-16-496Z-batch_edit-6e317f0e58.json
 create mode 100644 .omnius/debug-library/runs/1783054636540-g0c2vs/events/turn-0025/2026-07-04T19-36-22-593Z-context-5411759b18.json
 create mode 100644 .omnius/debug-library/runs/1783054636540-g0c2vs/events/turn-0025/2026-07-04T20-17-45-624Z-context-1f0152c4d2.json
 create mode 100644 .omnius/debug-library/runs/1783054636540-g0c2vs/events/turn-0025/2026-07-04T21-06-30-384Z-context-95dccdb60a.json
 create mode 100644 .omnius/debug-library/runs/1783054636540-g0c2vs/events/turn-0026/2026-07-04T18-40-39-162Z-context-8e5ea745fc.json
 create mode 100644 .omnius/debug-library/runs/1783054636540-g0c2vs/events/turn-0026/2026-07-04T18-41-56-532Z-batch_edit-c0f08303e8.json
 create mode 100644 .omnius/debug-library/runs/1783054636540-g0c2vs/events/turn-0026/2026-07-04T19-37-21-760Z-context-24fe3c0427.json
 create mode 100644 .omnius/debug-library/runs/1783054636540-g0c2vs/events/turn-0026/2026-07-04T20-19-04-601Z-context-d1e35dcf32.json
 create mode 100644 .omnius/debug-library/runs/1783054636540-g0c2vs/events/turn-0026/2026-07-04T21-07-05-608Z-context-4e5132f9e9.json
 create mode 100644 .omnius/debug-library/runs/1783054636540-g0c2vs/events/turn-0027/2026-07-04T18-41-16-511Z-context-258c75bcb5.json
 create mode 100644 .omnius/debug-library/runs/1783054636540-g0c2vs/events/turn-0027/2026-07-04T18-42-35-679Z-file_read-038d61ccf6.json
 create mode 100644 .omnius/debug-library/runs/1783054636540-g0c2vs/events/turn-0027/2026-07-04T19-38-19-175Z-context-f0f886405e.json
 create mode 100644 .omnius/debug-library/runs/1783054636540-g0c2vs/events/turn-0027/2026-07-04T20-20-21-664Z-context-8ba033a9d2.json
 create mode 100644 .omnius/debug-library/runs/1783054636540-g0c2vs/events/turn-0027/2026-07-04T21-07-40-133Z-context-daf3b8cfdf.json
 create mode 100644 .omnius/debug-library/runs/1783054636540-g0c2vs/events/turn-0028/2026-07-04T18-41-56-549Z-context-4f4e5df04a.json
 create mode 100644 .omnius/debug-library/runs/1783054636540-g0c2vs/events/turn-0028/2026-07-04T18-43-05-738Z-file_patch-bd9a47377f.json
 create mode 100644 .omnius/debug-library/runs/1783054636540-g0c2vs/events/turn-0028/2026-07-04T19-38-32-901Z-context-a5c19a985f.json
 create mode 100644 .omnius/debug-library/runs/1783054636540-g0c2vs/events/turn-0028/2026-07-04T20-20-44-893Z-context-6b2e7fa78f.json
 create mode 100644 .omnius/debug-library/runs/1783054636540-g0c2vs/events/turn-0028/2026-07-04T21-08-17-525Z-context-cc89951794.json
 create mode 100644 .omnius/debug-library/runs/1783054636540-g0c2vs/events/turn-0029/2026-07-04T18-42-35-699Z-context-2c5899cba3.json
 create mode 100644 .omnius/debug-library/runs/1783054636540-g0c2vs/events/turn-0029/2026-07-04T19-39-33-389Z-context-9a1ff60278.json
 create mode 100644 .omnius/debug-library/runs/1783054636540-g0c2vs/events/turn-0029/2026-07-04T20-21-09-132Z-context-a1a5758290.json
 create mode 100644 .omnius/debug-library/runs/1783054636540-g0c2vs/events/turn-0029/2026-07-04T21-08-49-659Z-context-a589b1b580.json
 create mode 100644 .omnius/debug-library/runs/1783054636540-g0c2vs/events/turn-0030/2026-07-04T18-43-05-760Z-context-c955195d77.json
 create mode 100644 .omnius/debug-library/runs/1783054636540-g0c2vs/events/turn-0030/2026-07-04T18-44-25-909Z-file_edit-6d24c525a7.json
 create mode 100644 .omnius/debug-library/runs/1783054636540-g0c2vs/events/turn-0030/2026-07-04T18-44-29-063Z-file_edit-39b91f3dff.json
 create mode 100644 .omnius/debug-library/runs/1783054636540-g0c2vs/events/turn-0030/2026-07-04T18-44-29-273Z-file_edit-8ce67e4a21.json
 create mode 100644 .omnius/debug-library/runs/1783054636540-g0c2vs/events/turn-0030/2026-07-04T19-39-46-823Z-context-414d12b8e1.json
 create mode 100644 .omnius/debug-library/runs/1783054636540-g0c2vs/events/turn-0030/2026-07-04T20-22-22-765Z-context-7ad19593d0.json
 create mode 100644 .omnius/debug-library/runs/1783054636540-g0c2vs/events/turn-0030/2026-07-04T21-09-37-552Z-context-d0938672d2.json
 create mode 100644 .omnius/debug-library/runs/1783054636540-g0c2vs/events/turn-0031/2026-07-04T18-43-40-889Z-context-92a30cabe5.json
 create mode 100644 .omnius/debug-library/runs/1783054636540-g0c2vs/events/turn-0031/2026-07-04T19-40-41-314Z-context-cd7634a82f.json
 create mode 100644 .omnius/debug-library/runs/1783054636540-g0c2vs/events/turn-0031/2026-07-04T20-22-45-049Z-context-b21578d215.json
 create mode 100644 .omnius/debug-library/runs/1783054636540-g0c2vs/events/turn-0031/2026-07-04T21-10-15-268Z-context-e23b27f4ee.json
 create mode 100644 .omnius/debug-library/runs/1783054636540-g0c2vs/events/turn-0032/2026-07-04T18-44-29-303Z-context-c307b56822.json
 create mode 100644 .omnius/debug-library/runs/1783054636540-g0c2vs/events/turn-0032/2026-07-04T18-45-47-534Z-shell-877b5e79d5.json
 create mode 100644 .omnius/debug-library/runs/1783054636540-g0c2vs/events/turn-0032/2026-07-04T19-41-36-613Z-context-0375f3d710.json
 create mode 100644 .omnius/debug-library/runs/1783054636540-g0c2vs/events/turn-0032/2026-07-04T20-23-05-109Z-context-2bc9487790.json
 create mode 100644 .omnius/debug-library/runs/1783054636540-g0c2vs/events/turn-0032/2026-07-04T21-10-49-646Z-context-b1f0a83fde.json
 create mode 100644 .omnius/debug-library/runs/1783054636540-g0c2vs/events/turn-0033/2026-07-04T18-45-11-279Z-context-b17f593a88.json
 create mode 100644 .omnius/debug-library/runs/1783054636540-g0c2vs/events/turn-0033/2026-07-04T18-46-25-890Z-shell-68307bff47.json
 create mode 100644 .omnius/debug-library/runs/1783054636540-g0c2vs/events/turn-0033/2026-07-04T19-42-10-717Z-context-23344129d2.json
 create mode 100644 .omnius/debug-library/runs/1783054636540-g0c2vs/events/turn-0033/2026-07-04T20-23-26-071Z-context-dd6fbd6e84.json
 create mode 100644 .omnius/debug-library/runs/1783054636540-g0c2vs/events/turn-0033/2026-07-04T21-11-26-440Z-context-cb5c878158.json
 create mode 100644 .omnius/debug-library/runs/1783054636540-g0c2vs/events/turn-0034/2026-07-04T18-45-47-554Z-context-7a25ea3e8f.json
 create mode 100644 .omnius/debug-library/runs/1783054636540-g0c2vs/events/turn-0034/2026-07-04T18-50-51-756Z-file_edit-65473f30ff.json
 create mode 100644 .omnius/debug-library/runs/1783054636540-g0c2vs/events/turn-0034/2026-07-04T19-43-02-670Z-context-b605944673.json
 create mode 100644 .omnius/debug-library/runs/1783054636540-g0c2vs/events/turn-0034/2026-07-04T20-24-44-384Z-context-0a34329bee.json
 create mode 100644 .omnius/debug-library/runs/1783054636540-g0c2vs/events/turn-0034/2026-07-04T21-13-35-442Z-context-ec0b1e23ba.json
 create mode 100644 .omnius/debug-library/runs/1783054636540-g0c2vs/events/turn-0035/2026-07-04T18-46-25-912Z-context-13e5daa74a.json
 create mode 100644 .omnius/debug-library/runs/1783054636540-g0c2vs/events/turn-0035/2026-07-04T19-43-40-992Z-context-86dd6ab3c9.json
 create mode 100644 .omnius/debug-library/runs/1783054636540-g0c2vs/events/turn-0035/2026-07-04T20-25-04-522Z-context-9f4d014449.json
 create mode 100644 .omnius/debug-library/runs/1783054636540-g0c2vs/events/turn-0035/2026-07-04T21-15-36-534Z-context-1f7ccd148c.json
 create mode 100644 .omnius/debug-library/runs/1783054636540-g0c2vs/events/turn-0036/2026-07-04T18-50-40-337Z-context-6f8f0675ab.json
 create mode 100644 .omnius/debug-library/runs/1783054636540-g0c2vs/events/turn-0036/2026-07-04T18-51-43-776Z-shell-877b5e79d5.json
 create mode 100644 .omnius/debug-library/runs/1783054636540-g0c2vs/events/turn-0036/2026-07-04T19-44-34-438Z-context-e49705d5d3.json
 create mode 100644 .omnius/debug-library/runs/1783054636540-g0c2vs/events/turn-0036/2026-07-04T20-25-25-551Z-context-81eb0d9777.json
 create mode 100644 .omnius/debug-library/runs/1783054636540-g0c2vs/events/turn-0036/2026-07-04T21-17-37-662Z-context-f3dcb4720e.json
 create mode 100644 .omnius/debug-library/runs/1783054636540-g0c2vs/events/turn-0037/2026-07-04T18-50-51-781Z-context-fea9b3e4b9.json
 create mode 100644 .omnius/debug-library/runs/1783054636540-g0c2vs/events/turn-0037/2026-07-04T18-52-28-086Z-file_read-038d61ccf6.json
 create mode 100644 .omnius/debug-library/runs/1783054636540-g0c2vs/events/turn-0037/2026-07-04T18-52-28-923Z-file_read-837fe48336.json
 create mode 100644 .omnius/debug-library/runs/1783054636540-g0c2vs/events/turn-0037/2026-07-04T18-52-29-781Z-file_read-0d5572dbc6.json
 create mode 100644 .omnius/debug-library/runs/1783054636540-g0c2vs/events/turn-0037/2026-07-04T18-52-29-941Z-file_read-d572bf7fdc.json
 create mode 100644 .omnius/debug-library/runs/1783054636540-g0c2vs/events/turn-0037/2026-07-04T19-44-49-953Z-context-02e23c9cbc.json
 create mode 100644 .omnius/debug-library/runs/1783054636540-g0c2vs/events/turn-0037/2026-07-04T20-25-47-552Z-context-fc441a73f8.json
 create mode 100644 .omnius/debug-library/runs/1783054636540-g0c2vs/events/turn-0037/2026-07-04T21-19-54-333Z-context-b1d80235a7.json
 create mode 100644 .omnius/debug-library/runs/1783054636540-g0c2vs/events/turn-0038/2026-07-04T18-51-43-797Z-context-a30912fb2c.json
 create mode 100644 .omnius/debug-library/runs/1783054636540-g0c2vs/events/turn-0038/2026-07-04T18-53-24-346Z-file_patch-a255ac3fe5.json
 create mode 100644 .omnius/debug-library/runs/1783054636540-g0c2vs/events/turn-0038/2026-07-04T19-45-43-000Z-context-d5de408dd0.json
 create mode 100644 .omnius/debug-library/runs/1783054636540-g0c2vs/events/turn-0038/2026-07-04T20-27-05-285Z-context-0bcce1387f.json
 create mode 100644 .omnius/debug-library/runs/1783054636540-g0c2vs/events/turn-0038/2026-07-04T21-20-34-424Z-context-d8f39e413f.json
 create mode 100644 .omnius/debug-library/runs/1783054636540-g0c2vs/events/turn-0039/2026-07-04T18-52-29-963Z-context-3900626136.json
 create mode 100644 .omnius/debug-library/runs/1783054636540-g0c2vs/events/turn-0039/2026-07-04T18-53-24-464Z-file_patch-0033ba1c53.json
 create mode 100644 .omnius/debug-library/runs/1783054636540-g0c2vs/events/turn-0039/2026-07-04T19-45-57-814Z-context-2c97a6cc73.json
 create mode 100644 .omnius/debug-library/runs/1783054636540-g0c2vs/events/turn-0039/2026-07-04T20-27-38-783Z-context-7a00e133e1.json
 create mode 100644 .omnius/debug-library/runs/1783054636540-g0c2vs/events/turn-0039/2026-07-04T21-21-12-235Z-context-77078c8b20.json
 create mode 100644 .omnius/debug-library/runs/1783054636540-g0c2vs/events/turn-0040/2026-07-04T18-53-24-493Z-context-6e907ef528.json
 create mode 100644 .omnius/debug-library/runs/1783054636540-g0c2vs/events/turn-0040/2026-07-04T19-46-51-345Z-context-d5946dca14.json
 create mode 100644 .omnius/debug-library/runs/1783054636540-g0c2vs/events/turn-0040/2026-07-04T20-28-09-373Z-context-da5eb71e7d.json
 create mode 100644 .omnius/debug-library/runs/1783054636540-g0c2vs/events/turn-0040/2026-07-04T21-21-51-704Z-context-510617b77c.json
 create mode 100644 .omnius/debug-library/runs/1783054636540-g0c2vs/events/turn-0041/2026-07-04T18-54-11-973Z-context-9754b0eec7.json
 create mode 100644 .omnius/debug-library/runs/1783054636540-g0c2vs/events/turn-0041/2026-07-04T19-03-59-645Z-file_edit-4439657bfb.json
 create mode 100644 .omnius/debug-library/runs/1783054636540-g0c2vs/events/turn-0041/2026-07-04T19-47-06-014Z-context-8ae132039a.json
 create mode 100644 .omnius/debug-library/runs/1783054636540-g0c2vs/events/turn-0041/2026-07-04T20-29-29-737Z-context-7886eada22.json
 create mode 100644 .omnius/debug-library/runs/1783054636540-g0c2vs/events/turn-0041/2026-07-04T21-22-29-364Z-context-71128abd26.json
 create mode 100644 .omnius/debug-library/runs/1783054636540-g0c2vs/events/turn-0042/2026-07-04T18-55-12-905Z-context-fb36f4edd8.json
 create mode 100644 .omnius/debug-library/runs/1783054636540-g0c2vs/events/turn-0042/2026-07-04T19-48-01-887Z-context-b521683759.json
 create mode 100644 .omnius/debug-library/runs/1783054636540-g0c2vs/events/turn-0042/2026-07-04T20-30-03-194Z-context-8d8cf6f355.json
 create mode 100644 .omnius/debug-library/runs/1783054636540-g0c2vs/events/turn-0042/2026-07-04T21-23-06-800Z-context-dc673ecfa9.json
 create mode 100644 .omnius/debug-library/runs/1783054636540-g0c2vs/events/turn-0043/2026-07-04T18-59-46-196Z-context-53d61d9f38.json
 create mode 100644 .omnius/debug-library/runs/1783054636540-g0c2vs/events/turn-0043/2026-07-04T19-48-17-754Z-context-b4736ff3e1.json
 create mode 100644 .omnius/debug-library/runs/1783054636540-g0c2vs/events/turn-0043/2026-07-04T20-30-26-195Z-context-49fdeef4b7.json
 create mode 100644 .omnius/debug-library/runs/1783054636540-g0c2vs/events/turn-0043/2026-07-04T21-25-20-917Z-context-0c162ec403.json
 create mode 100644 .omnius/debug-library/runs/1783054636540-g0c2vs/events/turn-0044/2026-07-04T19-03-44-926Z-context-d6e9b32115.json
 create mode 100644 .omnius/debug-library/runs/1783054636540-g0c2vs/events/turn-0044/2026-07-04T19-04-48-679Z-file_edit-eb4ce054ef.json
 create mode 100644 .omnius/debug-library/runs/1783054636540-g0c2vs/events/turn-0044/2026-07-04T19-49-11-825Z-context-b585731601.json
 create mode 100644 .omnius/debug-library/runs/1783054636540-g0c2vs/events/turn-0044/2026-07-04T20-31-48-482Z-context-f31a91c762.json
 create mode 100644 .omnius/debug-library/runs/1783054636540-g0c2vs/events/turn-0044/2026-07-04T21-27-28-650Z-context-c0ddf41de7.json
 create mode 100644 .omnius/debug-library/runs/1783054636540-g0c2vs/events/turn-0045/2026-07-04T19-03-59-677Z-context-bc1bd4a575.json
 create mode 100644 .omnius/debug-library/runs/1783054636540-g0c2vs/events/turn-0045/2026-07-04T19-05-31-692Z-list_directory-a8aa18902c.json
 create mode 100644 .omnius/debug-library/runs/1783054636540-g0c2vs/events/turn-0045/2026-07-04T19-49-35-599Z-context-0ffbe5fe26.json
 create mode 100644 .omnius/debug-library/runs/1783054636540-g0c2vs/events/turn-0045/2026-07-04T20-32-10-667Z-context-c0031abc0e.json
 create mode 100644 .omnius/debug-library/runs/1783054636540-g0c2vs/events/turn-0045/2026-07-04T21-29-39-301Z-context-e42f1c54a4.json
 create mode 100644 .omnius/debug-library/runs/1783054636540-g0c2vs/events/turn-0046/2026-07-04T19-04-48-700Z-context-d49982e904.json
 create mode 100644 .omnius/debug-library/runs/1783054636540-g0c2vs/events/turn-0046/2026-07-04T19-50-31-221Z-context-d32dc7b165.json
 create mode 100644 .omnius/debug-library/runs/1783054636540-g0c2vs/events/turn-0046/2026-07-04T20-32-34-270Z-context-7530e9bde1.json
 create mode 100644 .omnius/debug-library/runs/1783054636540-g0c2vs/events/turn-0046/2026-07-04T21-31-50-935Z-context-d606e30497.json
 create mode 100644 .omnius/debug-library/runs/1783054636540-g0c2vs/events/turn-0047/2026-07-04T19-05-31-740Z-context-505d3b749d.json
 create mode 100644 .omnius/debug-library/runs/1783054636540-g0c2vs/events/turn-0047/2026-07-04T19-07-17-425Z-file_edit-330c15586c.json
 create mode 100644 .omnius/debug-library/runs/1783054636540-g0c2vs/events/turn-0047/2026-07-04T19-07-20-707Z-file_edit-871098bc28.json
 create mode 100644 .omnius/debug-library/runs/1783054636540-g0c2vs/events/turn-0047/2026-07-04T19-07-21-029Z-file_edit-5de8891e0d.json
 create mode 100644 .omnius/debug-library/runs/1783054636540-g0c2vs/events/turn-0047/2026-07-04T19-50-43-455Z-context-dcfb3159f5.json
 create mode 100644 .omnius/debug-library/runs/1783054636540-g0c2vs/events/turn-0047/2026-07-04T20-32-58-590Z-context-0ec99440a0.json
 create mode 100644 .omnius/debug-library/runs/1783054636540-g0c2vs/events/turn-0047/2026-07-04T21-34-02-473Z-context-e62ebadf5e.json
 create mode 100644 .omnius/debug-library/runs/1783054636540-g0c2vs/events/turn-0048/2026-07-04T19-06-21-023Z-context-e1a965c0d2.json
 create mode 100644 .omnius/debug-library/runs/1783054636540-g0c2vs/events/turn-0048/2026-07-04T19-51-39-147Z-context-bf3b5cf931.json
 create mode 100644 .omnius/debug-library/runs/1783054636540-g0c2vs/events/turn-0048/2026-07-04T20-33-22-249Z-context-fe8a9f9004.json
 create mode 100644 .omnius/debug-library/runs/1783054636540-g0c2vs/events/turn-0049/2026-07-04T19-07-21-071Z-context-cc79ea93d7.json
 create mode 100644 .omnius/debug-library/runs/1783054636540-g0c2vs/events/turn-0049/2026-07-04T19-09-13-580Z-file_edit-40cf49239a.json
 create mode 100644 .omnius/debug-library/runs/1783054636540-g0c2vs/events/turn-0049/2026-07-04T19-52-40-767Z-context-24fd65e552.json
 create mode 100644 .omnius/debug-library/runs/1783054636540-g0c2vs/events/turn-0049/2026-07-04T20-33-46-792Z-context-6905737748.json
 create mode 100644 .omnius/debug-library/runs/1783054636540-g0c2vs/events/turn-0050/2026-07-04T19-08-16-030Z-context-deb13263eb.json
 create mode 100644 .omnius/debug-library/runs/1783054636540-g0c2vs/events/turn-0050/2026-07-04T19-10-07-219Z-shell-877b5e79d5.json
 create mode 100644 .omnius/debug-library/runs/1783054636540-g0c2vs/events/turn-0050/2026-07-04T19-53-38-907Z-context-e3b029d379.json
 create mode 100644 .omnius/debug-library/runs/1783054636540-g0c2vs/events/turn-0050/2026-07-04T20-34-10-248Z-context-58215f295f.json
 create mode 100644 .omnius/debug-library/runs/1783054636540-g0c2vs/events/turn-0051/2026-07-04T19-09-13-608Z-context-b63ee44331.json
 create mode 100644 .omnius/debug-library/runs/1783054636540-g0c2vs/events/turn-0051/2026-07-04T19-10-57-321Z-file_read-7336caff32.json
 create mode 100644 .omnius/debug-library/runs/1783054636540-g0c2vs/events/turn-0051/2026-07-04T19-54-43-576Z-context-3eac5ff515.json
 create mode 100644 .omnius/debug-library/runs/1783054636540-g0c2vs/events/turn-0051/2026-07-04T20-34-35-843Z-context-59960c5b3b.json
 create mode 100644 .omnius/debug-library/runs/1783054636540-g0c2vs/events/turn-0052/2026-07-04T19-10-07-246Z-context-1090c1c8f8.json
 create mode 100644 .omnius/debug-library/runs/1783054636540-g0c2vs/events/turn-0052/2026-07-04T19-55-45-866Z-context-c81799ff42.json
 create mode 100644 .omnius/debug-library/runs/1783054636540-g0c2vs/events/turn-0052/2026-07-04T20-35-03-455Z-context-0d0168dfea.json
 create mode 100644 .omnius/debug-library/runs/1783054636540-g0c2vs/events/turn-0053/2026-07-04T19-10-57-348Z-context-c8c6b23c5c.json
 create mode 100644 .omnius/debug-library/runs/1783054636540-g0c2vs/events/turn-0053/2026-07-04T19-12-18-843Z-file_patch-3ba96ad8cc.json
 create mode 100644 .omnius/debug-library/runs/1783054636540-g0c2vs/events/turn-0053/2026-07-04T19-56-43-875Z-context-e98a1c744a.json
 create mode 100644 .omnius/debug-library/runs/1783054636540-g0c2vs/events/turn-0053/2026-07-04T20-36-36-890Z-context-0da11f9867.json
 create mode 100644 .omnius/debug-library/runs/1783054636540-g0c2vs/events/turn-0054/2026-07-04T19-11-26-462Z-context-8bd7f22a91.json
 create mode 100644 .omnius/debug-library/runs/1783054636540-g0c2vs/events/turn-0054/2026-07-04T19-57-40-843Z-context-12d0262e09.json
 create mode 100644 .omnius/debug-library/runs/1783054636540-g0c2vs/events/turn-0054/2026-07-04T20-38-12-297Z-context-3cdf7fbd2c.json
 create mode 100644 .omnius/debug-library/runs/1783054636540-g0c2vs/events/turn-0055/2026-07-04T19-12-18-879Z-context-fc4eb7b4f6.json
 create mode 100644 .omnius/debug-library/runs/1783054636540-g0c2vs/events/turn-0055/2026-07-04T19-58-38-749Z-context-0cda8b6b7f.json
 create mode 100644 .omnius/debug-library/runs/1783054636540-g0c2vs/events/turn-0055/2026-07-04T20-38-37-433Z-context-fd9efcd496.json
 create mode 100644 .omnius/debug-library/runs/1783054636540-g0c2vs/events/turn-0056/2026-07-04T19-17-01-142Z-context-ebc53833f9.json
 create mode 100644 .omnius/debug-library/runs/1783054636540-g0c2vs/events/turn-0056/2026-07-04T19-59-36-230Z-context-7eae930a10.json
 create mode 100644 .omnius/debug-library/runs/1783054636540-g0c2vs/events/turn-0056/2026-07-04T20-40-07-790Z-context-736820dabd.json
 create mode 100644 .omnius/debug-library/runs/1783054636540-g0c2vs/events/turn-0057/2026-07-04T19-17-25-535Z-context-4aa32dbb5f.json
 create mode 100644 .omnius/debug-library/runs/1783054636540-g0c2vs/events/turn-0057/2026-07-04T20-00-33-853Z-context-7e9cf7b27f.json
 create mode 100644 .omnius/debug-library/runs/1783054636540-g0c2vs/events/turn-0057/2026-07-04T20-40-38-227Z-context-6bd5750664.json
 create mode 100644 .omnius/debug-library/runs/1783054636540-g0c2vs/events/turn-0058/2026-07-04T19-18-17-003Z-context-28bae225ba.json
 create mode 100644 .omnius/debug-library/runs/1783054636540-g0c2vs/events/turn-0058/2026-07-04T19-24-36-764Z-file_patch-3d7b358fc6.json
 create mode 100644 .omnius/debug-library/runs/1783054636540-g0c2vs/events/turn-0058/2026-07-04T19-24-40-612Z-file_patch-00097cabf5.json
 create mode 100644 .omnius/debug-library/runs/1783054636540-g0c2vs/events/turn-0058/2026-07-04T19-30-02-549Z-shell-877b5e79d5.json
 create mode 100644 .omnius/debug-library/runs/1783054636540-g0c2vs/events/turn-0058/2026-07-04T19-32-14-947Z-file_patch-92e363f111.json
 create mode 100644 .omnius/debug-library/runs/1783054636540-g0c2vs/events/turn-0058/2026-07-04T19-32-15-435Z-file_patch-c529b65b14.json
 create mode 100644 .omnius/debug-library/runs/1783054636540-g0c2vs/events/turn-0058/2026-07-04T19-34-27-703Z-file_patch-f6840ffd8e.json
 create mode 100644 .omnius/debug-library/runs/1783054636540-g0c2vs/events/turn-0058/2026-07-04T19-38-33-097Z-file_patch-4feb8688be.json
 create mode 100644 .omnius/debug-library/runs/1783054636540-g0c2vs/events/turn-0058/2026-07-04T19-43-41-221Z-file_patch-84607adc43.json
 create mode 100644 .omnius/debug-library/runs/1783054636540-g0c2vs/events/turn-0058/2026-07-04T19-44-50-190Z-file_patch-5069673e46.json
 create mode 100644 .omnius/debug-library/runs/1783054636540-g0c2vs/events/turn-0058/2026-07-04T19-48-17-625Z-batch_edit-7a9bad989a.json
 create mode 100644 .omnius/debug-library/runs/1783054636540-g0c2vs/events/turn-0058/2026-07-04T19-49-35-214Z-file_patch-3f660cd7e0.json
 create mode 100644 .omnius/debug-library/runs/1783054636540-g0c2vs/events/turn-0058/2026-07-04T19-49-35-832Z-file_patch-4c65d8ea50.json
 create mode 100644 .omnius/debug-library/runs/1783054636540-g0c2vs/events/turn-0058/2026-07-04T20-01-33-518Z-context-c2d07a7e7c.json
 create mode 100644 .omnius/debug-library/runs/1783054636540-g0c2vs/events/turn-0058/2026-07-04T20-01-33-736Z-file_patch-b4d516d562.json
 create mode 100644 .omnius/debug-library/runs/1783054636540-g0c2vs/events/turn-0058/2026-07-04T20-03-51-152Z-file_patch-514379f9c0.json
 create mode 100644 .omnius/debug-library/runs/1783054636540-g0c2vs/events/turn-0058/2026-07-04T20-08-39-961Z-file_patch-83e9cce11b.json
 create mode 100644 .omnius/debug-library/runs/1783054636540-g0c2vs/events/turn-0058/2026-07-04T20-08-56-104Z-file_patch-ca31cf3b5d.json
 create mode 100644 .omnius/debug-library/runs/1783054636540-g0c2vs/events/turn-0058/2026-07-04T20-09-26-955Z-file_patch-11b85753c1.json
 create mode 100644 .omnius/debug-library/runs/1783054636540-g0c2vs/events/turn-0058/2026-07-04T20-10-40-133Z-file_patch-e6832f58ed.json
 create mode 100644 .omnius/debug-library/runs/1783054636540-g0c2vs/events/turn-0058/2026-07-04T20-41-04-615Z-context-1f20d29f98.json
 create mode 100644 .omnius/debug-library/runs/1783054636540-g0c2vs/events/turn-0058/2026-07-04T21-09-37-714Z-file_edit-e149d46ffd.json
 create mode 100644 .omnius/debug-library/runs/1783054636540-g0c2vs/events/turn-0058/2026-07-04T21-11-26-597Z-file_edit-8b13782e65.json
 create mode 100644 .omnius/debug-library/runs/1783054636540-g0c2vs/events/turn-0058/2026-07-04T21-15-36-694Z-file_edit-bb2729fdc9.json
 create mode 100644 .omnius/debug-library/runs/1783054636540-g0c2vs/events/turn-0058/2026-07-04T21-19-54-005Z-file_edit-8b092c1852.json
 create mode 100644 .omnius/debug-library/runs/1783054636540-g0c2vs/events/turn-0058/2026-07-04T21-20-34-881Z-shell-4344d55887.json
 create mode 100644 .omnius/debug-library/runs/1783054636540-g0c2vs/events/turn-0058/2026-07-04T21-21-12-420Z-file_read-3c75c7fa81.json
 create mode 100644 .omnius/debug-library/runs/1783054636540-g0c2vs/events/turn-0058/2026-07-04T21-21-52-001Z-file_patch-b6f45fb457.json
 create mode 100644 .omnius/debug-library/runs/1783054636540-g0c2vs/events/turn-0058/2026-07-04T21-22-29-822Z-file_patch-545a36a08d.json
 create mode 100644 .omnius/debug-library/runs/1783054636540-g0c2vs/events/turn-0058/2026-07-04T21-23-06-970Z-file_edit-5b9bc0b094.json
 create mode 100644 .omnius/debug-library/runs/1783054636540-g0c2vs/events/turn-0059/2026-07-04T19-19-09-045Z-context-4ae3c64692.json
 create mode 100644 .omnius/debug-library/runs/1783054636540-g0c2vs/events/turn-0059/2026-07-04T20-02-33-146Z-context-9ed0b1d266.json
 create mode 100644 .omnius/debug-library/runs/1783054636540-g0c2vs/events/turn-0059/2026-07-04T20-41-31-000Z-context-a18f5197e0.json
 create mode 100644 .omnius/debug-library/runs/1783054636540-g0c2vs/index.json
 create mode 100644 .omnius/debug-library/runs/1783056506452-5ra6kv/README.md
 create mode 100644 .omnius/debug-library/runs/1783056506452-5ra6kv/events.jsonl
 create mode 100644 .omnius/debug-library/runs/1783056506452-5ra6kv/events/turn-0000/2026-07-03T05-28-29-428Z-context-4dd9086ee9.json
 create mode 100644 .omnius/debug-library/runs/1783056506452-5ra6kv/events/turn-0000/2026-07-03T05-28-57-286Z-context-4477f555a3.json
 create mode 100644 .omnius/debug-library/runs/1783056506452-5ra6kv/events/turn-0000/2026-07-03T05-29-09-499Z-shell-95742de5c0.json
 create mode 100644 .omnius/debug-library/runs/1783056506452-5ra6kv/events/turn-0000/2026-07-03T05-29-31-727Z-context-b2711159e4.json
 create mode 100644 .omnius/debug-library/runs/1783056506452-5ra6kv/events/turn-0000/2026-07-03T05-32-24-012Z-context-85f4e485f0.json
 create mode 100644 .omnius/debug-library/runs/1783056506452-5ra6kv/events/turn-0000/2026-07-03T05-32-53-820Z-context-80a0d277a7.json
 create mode 100644 .omnius/debug-library/runs/1783056506452-5ra6kv/events/turn-0000/2026-07-03T05-33-41-798Z-context-4d5d418197.json
 create mode 100644 .omnius/debug-library/runs/1783056506452-5ra6kv/events/turn-0000/2026-07-03T05-34-32-108Z-context-55f7a86582.json
 create mode 100644 .omnius/debug-library/runs/1783056506452-5ra6kv/events/turn-0000/2026-07-03T05-34-40-181Z-context-8d11bce78f.json
 create mode 100644 .omnius/debug-library/runs/1783056506452-5ra6kv/events/turn-0000/2026-07-03T05-35-21-978Z-context-4312baac4e.json
 create mode 100644 .omnius/debug-library/runs/1783056506452-5ra6kv/events/turn-0000/2026-07-03T05-35-30-007Z-context-b602cab35f.json
 create mode 100644 .omnius/debug-library/runs/1783056506452-5ra6kv/events/turn-0000/2026-07-03T05-36-05-913Z-context-9ef9e631ea.json
 create mode 100644 .omnius/debug-library/runs/1783056506452-5ra6kv/events/turn-0000/2026-07-03T05-36-14-848Z-context-a8e244b1a0.json
 create mode 100644 .omnius/debug-library/runs/1783056506452-5ra6kv/events/turn-0000/2026-07-03T05-37-56-843Z-context-861b839d63.json
 create mode 100644 .omnius/debug-library/runs/1783056506452-5ra6kv/events/turn-0000/2026-07-03T05-38-44-889Z-context-083595160a.json
 create mode 100644 .omnius/debug-library/runs/1783056506452-5ra6kv/events/turn-0000/2026-07-03T05-39-39-365Z-context-a75175c0cc.json
 create mode 100644 .omnius/debug-library/runs/1783056506452-5ra6kv/events/turn-0000/2026-07-03T05-40-20-410Z-context-64fef2ad4d.json
 create mode 100644 .omnius/debug-library/runs/1783056506452-5ra6kv/events/turn-0000/2026-07-03T05-41-10-837Z-context-1bcb156072.json
 create mode 100644 .omnius/debug-library/runs/1783056506452-5ra6kv/events/turn-0000/2026-07-03T05-42-08-388Z-context-ea55893446.json
 create mode 100644 .omnius/debug-library/runs/1783056506452-5ra6kv/events/turn-0000/2026-07-03T05-43-04-147Z-context-e8f36a945f.json
 create mode 100644 .omnius/debug-library/runs/1783056506452-5ra6kv/events/turn-0000/2026-07-03T05-43-12-454Z-context-3e2a3cd735.json
 create mode 100644 .omnius/debug-library/runs/1783056506452-5ra6kv/events/turn-0000/2026-07-03T05-43-58-793Z-context-d79d1c7ab2.json
 create mode 100644 .omnius/debug-library/runs/1783056506452-5ra6kv/events/turn-0000/2026-07-03T05-44-07-029Z-context-eaa51bcd51.json
 create mode 100644 .omnius/debug-library/runs/1783056506452-5ra6kv/events/turn-0000/2026-07-03T05-44-57-747Z-context-6e1e8d4bd4.json
 create mode 100644 .omnius/debug-library/runs/1783056506452-5ra6kv/events/turn-0000/2026-07-03T05-45-06-110Z-context-bf18b453f8.json
 create mode 100644 .omnius/debug-library/runs/1783056506452-5ra6kv/events/turn-0000/2026-07-03T05-46-01-745Z-context-3be8dc3c69.json
 create mode 100644 .omnius/debug-library/runs/1783056506452-5ra6kv/events/turn-0000/2026-07-03T05-46-10-033Z-context-ba98c99995.json
 create mode 100644 .omnius/debug-library/runs/1783056506452-5ra6kv/events/turn-0000/2026-07-03T05-46-55-043Z-context-2d3a39f44f.json
 create mode 100644 .omnius/debug-library/runs/1783056506452-5ra6kv/events/turn-0000/2026-07-03T05-47-03-196Z-context-02d9ba0e90.json
 create mode 100644 .omnius/debug-library/runs/1783056506452-5ra6kv/events/turn-0000/2026-07-03T05-47-55-092Z-context-6d68e0571b.json
 create mode 100644 .omnius/debug-library/runs/1783056506452-5ra6kv/events/turn-0000/2026-07-03T05-48-03-268Z-context-9121293c42.json
 create mode 100644 .omnius/debug-library/runs/1783056506452-5ra6kv/events/turn-0000/2026-07-03T05-48-59-027Z-context-2090567777.json
 create mode 100644 .omnius/debug-library/runs/1783056506452-5ra6kv/events/turn-0000/2026-07-03T05-49-07-226Z-context-205428eb95.json
 create mode 100644 .omnius/debug-library/runs/1783056506452-5ra6kv/events/turn-0000/2026-07-03T05-49-56-550Z-context-3520297d09.json
 create mode 100644 .omnius/debug-library/runs/1783056506452-5ra6kv/events/turn-0000/2026-07-03T05-50-04-741Z-context-680d617663.json
 create mode 100644 .omnius/debug-library/runs/1783056506452-5ra6kv/events/turn-0000/2026-07-03T05-50-53-042Z-context-6a562f5607.json
 create mode 100644 .omnius/debug-library/runs/1783056506452-5ra6kv/events/turn-0000/2026-07-03T05-51-01-289Z-context-155b7a31e3.json
 create mode 100644 .omnius/debug-library/runs/1783056506452-5ra6kv/events/turn-0000/2026-07-03T05-51-48-466Z-context-858bbd83ee.json
 create mode 100644 .omnius/debug-library/runs/1783056506452-5ra6kv/events/turn-0000/2026-07-03T05-51-56-731Z-context-b81698f0c6.json
 create mode 100644 .omnius/debug-library/runs/1783056506452-5ra6kv/events/turn-0000/2026-07-03T05-52-53-300Z-context-06a554dd14.json
 create mode 100644 .omnius/debug-library/runs/1783056506452-5ra6kv/events/turn-0000/2026-07-03T05-53-01-667Z-context-95d8d83875.json
 create mode 100644 .omnius/debug-library/runs/1783056506452-5ra6kv/events/turn-0000/2026-07-03T05-53-57-429Z-context-e9285e38ae.json
 create mode 100644 .omnius/debug-library/runs/1783056506452-5ra6kv/events/turn-0000/2026-07-03T05-54-05-781Z-context-1c48b002ba.json
 create mode 100644 .omnius/debug-library/runs/1783056506452-5ra6kv/events/turn-0000/2026-07-03T05-55-04-573Z-context-5f5801d599.json
 create mode 100644 .omnius/debug-library/runs/1783056506452-5ra6kv/events/turn-0000/2026-07-03T05-56-10-470Z-context-c9bc91ccb1.json
 create mode 100644 .omnius/debug-library/runs/1783056506452-5ra6kv/events/turn-0000/2026-07-03T05-56-18-699Z-context-69a029a8ae.json
 create mode 100644 .omnius/debug-library/runs/1783056506452-5ra6kv/events/turn-0000/2026-07-03T05-57-15-098Z-context-8fc158e6ae.json
 create mode 100644 .omnius/debug-library/runs/1783056506452-5ra6kv/events/turn-0000/2026-07-03T05-57-23-553Z-context-2807986fa8.json
 create mode 100644 .omnius/debug-library/runs/1783056506452-5ra6kv/events/turn-0000/2026-07-03T05-58-20-380Z-context-1aab71bb49.json
 create mode 100644 .omnius/debug-library/runs/1783056506452-5ra6kv/events/turn-0000/2026-07-03T05-58-28-617Z-context-4b4c57c25c.json
 create mode 100644 .omnius/debug-library/runs/1783056506452-5ra6kv/events/turn-0000/2026-07-03T05-59-31-837Z-context-2745feb795.json
 create mode 100644 .omnius/debug-library/runs/1783056506452-5ra6kv/events/turn-0000/2026-07-03T05-59-40-108Z-context-2a15db2fe8.json
 create mode 100644 .omnius/debug-library/runs/1783056506452-5ra6kv/events/turn-0000/2026-07-03T06-00-37-913Z-context-f56c946dd1.json
 create mode 100644 .omnius/debug-library/runs/1783056506452-5ra6kv/events/turn-0000/2026-07-03T06-00-46-352Z-context-6f897989b8.json
 create mode 100644 .omnius/debug-library/runs/1783056506452-5ra6kv/events/turn-0000/2026-07-03T06-01-53-530Z-context-f3c54a5a57.json
 create mode 100644 .omnius/debug-library/runs/1783056506452-5ra6kv/events/turn-0000/2026-07-03T06-02-01-889Z-context-3c0becbe51.json
 create mode 100644 .omnius/debug-library/runs/1783056506452-5ra6kv/events/turn-0000/2026-07-03T06-03-03-040Z-context-3698535878.json
 create mode 100644 .omnius/debug-library/runs/1783056506452-5ra6kv/events/turn-0000/2026-07-03T06-03-11-268Z-context-ea1308e119.json
 create mode 100644 .omnius/debug-library/runs/1783056506452-5ra6kv/events/turn-0000/2026-07-03T06-04-12-466Z-context-df71ce7fff.json
 create mode 100644 .omnius/debug-library/runs/1783056506452-5ra6kv/events/turn-0000/2026-07-03T06-04-20-761Z-context-6148faa5c7.json
 create mode 100644 .omnius/debug-library/runs/1783056506452-5ra6kv/events/turn-0000/2026-07-03T06-05-22-244Z-context-a001952db4.json
 create mode 100644 .omnius/debug-library/runs/1783056506452-5ra6kv/events/turn-0000/2026-07-03T06-05-47-985Z-context-46b740d17c.json
 create mode 100644 .omnius/debug-library/runs/1783056506452-5ra6kv/events/turn-0000/2026-07-03T06-05-56-505Z-context-1a0c7fd217.json
 create mode 100644 .omnius/debug-library/runs/1783056506452-5ra6kv/events/turn-0000/2026-07-03T06-06-59-288Z-context-e7b9f1359a.json
 create mode 100644 .omnius/debug-library/runs/1783056506452-5ra6kv/events/turn-0000/2026-07-03T06-07-07-992Z-context-88c7734f31.json
 create mode 100644 .omnius/debug-library/runs/1783056506452-5ra6kv/events/turn-0000/2026-07-03T06-08-12-889Z-context-5c781fec4a.json
 create mode 100644 .omnius/debug-library/runs/1783056506452-5ra6kv/events/turn-0000/2026-07-03T06-08-21-237Z-context-fbc4db2d8f.json
 create mode 100644 .omnius/debug-library/runs/1783056506452-5ra6kv/events/turn-0000/2026-07-03T06-09-25-381Z-context-a4427b042f.json
 create mode 100644 .omnius/debug-library/runs/1783056506452-5ra6kv/events/turn-0000/2026-07-03T06-09-33-713Z-context-7f7c03bd6e.json
 create mode 100644 .omnius/debug-library/runs/1783056506452-5ra6kv/events/turn-0000/2026-07-03T06-10-38-864Z-context-6fd7b30e81.json
 create mode 100644 .omnius/debug-library/runs/1783056506452-5ra6kv/events/turn-0000/2026-07-03T06-10-47-135Z-context-2d63551810.json
 create mode 100644 .omnius/debug-library/runs/1783056506452-5ra6kv/events/turn-0000/2026-07-03T06-11-56-381Z-context-d2d24e0a68.json
 create mode 100644 .omnius/debug-library/runs/1783056506452-5ra6kv/events/turn-0000/2026-07-03T06-12-04-806Z-context-a16fddca48.json
 create mode 100644 .omnius/debug-library/runs/1783056506452-5ra6kv/events/turn-0000/2026-07-03T06-13-25-531Z-context-84cb6894c9.json
 create mode 100644 .omnius/debug-library/runs/1783056506452-5ra6kv/events/turn-0000/2026-07-03T06-13-34-007Z-context-b54eb60384.json
 create mode 100644 .omnius/debug-library/runs/1783056506452-5ra6kv/events/turn-0000/2026-07-03T06-15-02-251Z-context-5031d04017.json
 create mode 100644 .omnius/debug-library/runs/1783056506452-5ra6kv/events/turn-0000/2026-07-03T06-15-10-675Z-context-e86a248ef4.json
 create mode 100644 .omnius/debug-library/runs/1783056506452-5ra6kv/events/turn-0000/2026-07-03T06-16-39-051Z-context-f53d954e6f.json
 create mode 100644 .omnius/debug-library/runs/1783056506452-5ra6kv/events/turn-0000/2026-07-03T06-16-47-488Z-context-0ef28c0785.json
 create mode 100644 .omnius/debug-library/runs/1783056506452-5ra6kv/events/turn-0000/2026-07-03T06-18-01-690Z-context-1369fe5fe7.json
 create mode 100644 .omnius/debug-library/runs/1783056506452-5ra6kv/events/turn-0000/2026-07-03T06-18-09-813Z-context-06ce8fdec2.json
 create mode 100644 .omnius/debug-library/runs/1783056506452-5ra6kv/events/turn-0000/2026-07-03T06-19-37-490Z-context-b901f1867a.json
 create mode 100644 .omnius/debug-library/runs/1783056506452-5ra6kv/events/turn-0000/2026-07-03T06-19-45-598Z-context-128785c2be.json
 create mode 100644 .omnius/debug-library/runs/1783056506452-5ra6kv/events/turn-0000/2026-07-03T06-21-08-440Z-context-5470a91228.json
 create mode 100644 .omnius/debug-library/runs/1783056506452-5ra6kv/events/turn-0000/2026-07-03T06-21-16-593Z-context-e3bb957cad.json
 create mode 100644 .omnius/debug-library/runs/1783056506452-5ra6kv/events/turn-0000/2026-07-03T06-22-44-042Z-context-47bc111335.json
 create mode 100644 .omnius/debug-library/runs/1783056506452-5ra6kv/events/turn-0000/2026-07-03T06-22-52-148Z-context-ac6b1fb66b.json
 create mode 100644 .omnius/debug-library/runs/1783056506452-5ra6kv/events/turn-0000/2026-07-03T06-24-14-301Z-context-532f0cddcb.json
 create mode 100644 .omnius/debug-library/runs/1783056506452-5ra6kv/events/turn-0000/2026-07-03T06-24-22-466Z-context-77bcf3fb18.json
 create mode 100644 .omnius/debug-library/runs/1783056506452-5ra6kv/events/turn-0000/2026-07-03T06-25-42-564Z-context-5063e6a3ad.json
 create mode 100644 .omnius/debug-library/runs/1783056506452-5ra6kv/events/turn-0000/2026-07-03T06-25-50-777Z-context-5069cbb79a.json
 create mode 100644 .omnius/debug-library/runs/1783056506452-5ra6kv/events/turn-0000/2026-07-03T06-27-09-670Z-context-f291a0ff87.json
 create mode 100644 .omnius/debug-library/runs/1783056506452-5ra6kv/events/turn-0000/2026-07-03T06-27-17-775Z-context-f7a7f32798.json
 create mode 100644 .omnius/debug-library/runs/1783056506452-5ra6kv/events/turn-0000/2026-07-03T06-28-27-720Z-context-455a0bc754.json
 create mode 100644 .omnius/debug-library/runs/1783056506452-5ra6kv/events/turn-0000/2026-07-03T06-28-28-409Z-context-9126a66301.json
 create mode 100644 .omnius/debug-library/runs/1783056506452-5ra6kv/events/turn-0000/2026-07-03T06-28-28-969Z-context-c808b4c820.json
 create mode 100644 .omnius/debug-library/runs/1783056506452-5ra6kv/events/turn-0000/2026-07-03T06-28-51-804Z-memory_read-5df2244ada.json
 create mode 100644 .omnius/debug-library/runs/1783056506452-5ra6kv/events/turn-0000/2026-07-03T06-28-56-856Z-memory_read-5df2244ada.json
 create mode 100644 .omnius/debug-library/runs/1783056506452-5ra6kv/events/turn-0000/2026-07-03T06-31-28-778Z-context-becf36f000.json
 create mode 100644 .omnius/debug-library/runs/1783056506452-5ra6kv/events/turn-0000/2026-07-03T06-31-46-279Z-context-787e96eb00.json
 create mode 100644 .omnius/debug-library/runs/1783056506452-5ra6kv/events/turn-0000/2026-07-05T00-31-33-964Z-context-216cf9cdfe.json
 create mode 100644 .omnius/debug-library/runs/1783056506452-5ra6kv/events/turn-0000/2026-07-05T01-26-07-052Z-context-ac85b3bf78.json
 create mode 100644 .omnius/debug-library/runs/1783056506452-5ra6kv/events/turn-0000/2026-07-05T01-49-37-564Z-context-5611dced0e.json
 create mode 100644 .omnius/debug-library/runs/1783056506452-5ra6kv/events/turn-0000/2026-07-05T02-32-34-980Z-context-7542fddfac.json
 create mode 100644 .omnius/debug-library/runs/1783056506452-5ra6kv/events/turn-0000/2026-07-05T03-39-09-619Z-context-4ac0b5213b.json
 create mode 100644 .omnius/debug-library/runs/1783056506452-5ra6kv/events/turn-0000/2026-07-05T03-40-01-955Z-shell-dbb818a9ff.json
 create mode 100644 .omnius/debug-library/runs/1783056506452-5ra6kv/events/turn-0000/2026-07-05T04-21-49-340Z-context-aa8d04d741.json
 create mode 100644 .omnius/debug-library/runs/1783056506452-5ra6kv/events/turn-0000/2026-07-05T04-22-38-979Z-shell-a3849232a4.json
 create mode 100644 .omnius/debug-library/runs/1783056506452-5ra6kv/events/turn-0000/2026-07-05T05-12-35-069Z-context-b22e3c02f8.json
 create mode 100644 .omnius/debug-library/runs/1783056506452-5ra6kv/events/turn-0000/2026-07-05T06-01-34-906Z-context-b05472e7ce.json
 create mode 100644 .omnius/debug-library/runs/1783056506452-5ra6kv/events/turn-0000/2026-07-05T06-13-31-323Z-context-6b6d8dcd8b.json
 create mode 100644 .omnius/debug-library/runs/1783056506452-5ra6kv/events/turn-0000/2026-07-05T07-03-47-291Z-context-757025edb8.json
 create mode 100644 .omnius/debug-library/runs/1783056506452-5ra6kv/events/turn-0000/2026-07-05T07-05-21-392Z-context-a45c486281.json
 create mode 100644 .omnius/debug-library/runs/1783056506452-5ra6kv/events/turn-0000/2026-07-05T07-05-21-975Z-context-22e90c942e.json
 create mode 100644 .omnius/debug-library/runs/1783056506452-5ra6kv/events/turn-0000/2026-07-05T07-06-12-279Z-memory_read-5df2244ada.json
 create mode 100644 .omnius/debug-library/runs/1783056506452-5ra6kv/events/turn-0001/2026-07-03T05-28-57-087Z-context-f689e8a795.json
 create mode 100644 .omnius/debug-library/runs/1783056506452-5ra6kv/events/turn-0001/2026-07-03T06-28-51-827Z-context-64c04ab5f9.json
 create mode 100644 .omnius/debug-library/runs/1783056506452-5ra6kv/events/turn-0001/2026-07-03T06-28-56-869Z-context-9bc3ae53b6.json
 create mode 100644 .omnius/debug-library/runs/1783056506452-5ra6kv/events/turn-0001/2026-07-03T06-29-43-028Z-todo_write-31ef0328a8.json
 create mode 100644 .omnius/debug-library/runs/1783056506452-5ra6kv/events/turn-0001/2026-07-03T06-29-47-793Z-list_directory-9eee5e709a.json
 create mode 100644 .omnius/debug-library/runs/1783056506452-5ra6kv/events/turn-0001/2026-07-03T06-31-54-611Z-context-3f76d46152.json
 create mode 100644 .omnius/debug-library/runs/1783056506452-5ra6kv/events/turn-0001/2026-07-03T06-32-05-169Z-context-4e65737f93.json
 create mode 100644 .omnius/debug-library/runs/1783056506452-5ra6kv/events/turn-0001/2026-07-05T00-32-27-945Z-context-2bb1a2da6c.json
 create mode 100644 .omnius/debug-library/runs/1783056506452-5ra6kv/events/turn-0001/2026-07-05T01-26-56-562Z-context-9bf5d128a4.json
 create mode 100644 .omnius/debug-library/runs/1783056506452-5ra6kv/events/turn-0001/2026-07-05T01-49-54-772Z-context-7421405ba8.json
 create mode 100644 .omnius/debug-library/runs/1783056506452-5ra6kv/events/turn-0001/2026-07-05T02-33-54-017Z-context-26acd7bdb9.json
 create mode 100644 .omnius/debug-library/runs/1783056506452-5ra6kv/events/turn-0001/2026-07-05T03-39-32-984Z-context-45965c7789.json
 create mode 100644 .omnius/debug-library/runs/1783056506452-5ra6kv/events/turn-0001/2026-07-05T03-40-29-940Z-file_read-7336caff32.json
 create mode 100644 .omnius/debug-library/runs/1783056506452-5ra6kv/events/turn-0001/2026-07-05T03-40-30-382Z-file_read-5dcb4baf28.json
 create mode 100644 .omnius/debug-library/runs/1783056506452-5ra6kv/events/turn-0001/2026-07-05T03-40-38-272Z-file_read-e106d733cf.json
 create mode 100644 .omnius/debug-library/runs/1783056506452-5ra6kv/events/turn-0001/2026-07-05T04-22-10-935Z-context-18f981d02c.json
 create mode 100644 .omnius/debug-library/runs/1783056506452-5ra6kv/events/turn-0001/2026-07-05T04-23-05-897Z-file_read-7336caff32.json
 create mode 100644 .omnius/debug-library/runs/1783056506452-5ra6kv/events/turn-0001/2026-07-05T05-13-17-426Z-context-91d4f63037.json
 create mode 100644 .omnius/debug-library/runs/1783056506452-5ra6kv/events/turn-0001/2026-07-05T06-02-34-804Z-context-360c398eb3.json
 create mode 100644 .omnius/debug-library/runs/1783056506452-5ra6kv/events/turn-0001/2026-07-05T06-13-59-665Z-context-881fdd5193.json
 create mode 100644 .omnius/debug-library/runs/1783056506452-5ra6kv/events/turn-0001/2026-07-05T06-15-03-077Z-shell-877b5e79d5.json
 create mode 100644 .omnius/debug-library/runs/1783056506452-5ra6kv/events/turn-0001/2026-07-05T07-04-32-011Z-context-7e462d3380.json
 create mode 100644 .omnius/debug-library/runs/1783056506452-5ra6kv/events/turn-0001/2026-07-05T07-06-12-514Z-context-1021ce353e.json
 create mode 100644 .omnius/debug-library/runs/1783056506452-5ra6kv/events/turn-0001/2026-07-05T07-08-23-813Z-task_complete-2fea76c590.json
 create mode 100644 .omnius/debug-library/runs/1783056506452-5ra6kv/events/turn-0002/2026-07-03T05-29-09-509Z-context-0dd2eed80b.json
 create mode 100644 .omnius/debug-library/runs/1783056506452-5ra6kv/events/turn-0002/2026-07-03T05-30-09-023Z-file_read-1fb2c3600c.json
 create mode 100644 .omnius/debug-library/runs/1783056506452-5ra6kv/events/turn-0002/2026-07-03T05-30-09-617Z-file_read-1fb2c3600c.json
 create mode 100644 .omnius/debug-library/runs/1783056506452-5ra6kv/events/turn-0002/2026-07-03T05-30-09-717Z-file_read-1fb2c3600c.json
 create mode 100644 .omnius/debug-library/runs/1783056506452-5ra6kv/events/turn-0002/2026-07-03T06-29-12-322Z-context-e138e94eee.json
 create mode 100644 .omnius/debug-library/runs/1783056506452-5ra6kv/events/turn-0002/2026-07-03T06-29-22-833Z-context-545fb29ea5.json
 create mode 100644 .omnius/debug-library/runs/1783056506452-5ra6kv/events/turn-0002/2026-07-03T06-31-46-263Z-file_write-a5cafa3f05.json
 create mode 100644 .omnius/debug-library/runs/1783056506452-5ra6kv/events/turn-0002/2026-07-03T06-33-03-239Z-context-73dae8fea1.json
 create mode 100644 .omnius/debug-library/runs/1783056506452-5ra6kv/events/turn-0002/2026-07-03T06-33-14-717Z-context-f506761759.json
 create mode 100644 .omnius/debug-library/runs/1783056506452-5ra6kv/events/turn-0002/2026-07-05T00-32-58-403Z-context-53bba4aeca.json
 create mode 100644 .omnius/debug-library/runs/1783056506452-5ra6kv/events/turn-0002/2026-07-05T01-27-41-933Z-context-fb31ebb279.json
 create mode 100644 .omnius/debug-library/runs/1783056506452-5ra6kv/events/turn-0002/2026-07-05T01-50-17-005Z-context-84ad6ef62d.json
 create mode 100644 .omnius/debug-library/runs/1783056506452-5ra6kv/events/turn-0002/2026-07-05T02-35-24-672Z-context-8b7014e141.json
 create mode 100644 .omnius/debug-library/runs/1783056506452-5ra6kv/events/turn-0002/2026-07-05T03-40-02-001Z-context-1d492ad188.json
 create mode 100644 .omnius/debug-library/runs/1783056506452-5ra6kv/events/turn-0002/2026-07-05T04-22-39-031Z-context-4c4a53b8ea.json
 create mode 100644 .omnius/debug-library/runs/1783056506452-5ra6kv/events/turn-0002/2026-07-05T05-13-58-630Z-context-e948bd3bab.json
 create mode 100644 .omnius/debug-library/runs/1783056506452-5ra6kv/events/turn-0002/2026-07-05T06-03-33-901Z-context-3e42f024ad.json
 create mode 100644 .omnius/debug-library/runs/1783056506452-5ra6kv/events/turn-0002/2026-07-05T06-14-31-150Z-context-62de5680f0.json
 create mode 100644 .omnius/debug-library/runs/1783056506452-5ra6kv/events/turn-0002/2026-07-05T06-15-30-375Z-file_read-7336caff32.json
 create mode 100644 .omnius/debug-library/runs/1783056506452-5ra6kv/events/turn-0002/2026-07-05T06-15-30-785Z-file_read-5dcb4baf28.json
 create mode 100644 .omnius/debug-library/runs/1783056506452-5ra6kv/events/turn-0002/2026-07-05T06-15-30-868Z-file_read-8927cc9519.json
 create mode 100644 .omnius/debug-library/runs/1783056506452-5ra6kv/events/turn-0002/2026-07-05T07-07-20-847Z-context-9679c26606.json
 create mode 100644 .omnius/debug-library/runs/1783056506452-5ra6kv/events/turn-0003/2026-07-03T05-29-32-407Z-context-d869fc6670.json
 create mode 100644 .omnius/debug-library/runs/1783056506452-5ra6kv/events/turn-0003/2026-07-03T05-30-37-284Z-shell-93c370b44d.json
 create mode 100644 .omnius/debug-library/runs/1783056506452-5ra6kv/events/turn-0003/2026-07-03T06-29-43-043Z-context-4805d6a3fb.json
 create mode 100644 .omnius/debug-library/runs/1783056506452-5ra6kv/events/turn-0003/2026-07-03T06-29-47-814Z-context-90119ea0bd.json
 create mode 100644 .omnius/debug-library/runs/1783056506452-5ra6kv/events/turn-0003/2026-07-03T06-31-28-770Z-list_directory-9eee5e709a.json
 create mode 100644 .omnius/debug-library/runs/1783056506452-5ra6kv/events/turn-0003/2026-07-03T06-33-23-346Z-context-71a5a6fa3b.json
 create mode 100644 .omnius/debug-library/runs/1783056506452-5ra6kv/events/turn-0003/2026-07-05T00-33-55-670Z-context-1f47b4ce82.json
 create mode 100644 .omnius/debug-library/runs/1783056506452-5ra6kv/events/turn-0003/2026-07-05T01-28-29-028Z-context-9dd1752bd4.json
 create mode 100644 .omnius/debug-library/runs/1783056506452-5ra6kv/events/turn-0003/2026-07-05T01-50-35-268Z-context-85a7e042d8.json
 create mode 100644 .omnius/debug-library/runs/1783056506452-5ra6kv/events/turn-0003/2026-07-05T02-36-56-308Z-context-d3f41de7f7.json
 create mode 100644 .omnius/debug-library/runs/1783056506452-5ra6kv/events/turn-0003/2026-07-05T03-40-38-287Z-context-0d5bd116a3.json
 create mode 100644 .omnius/debug-library/runs/1783056506452-5ra6kv/events/turn-0003/2026-07-05T04-23-05-939Z-context-4a0ead1bd1.json
 create mode 100644 .omnius/debug-library/runs/1783056506452-5ra6kv/events/turn-0003/2026-07-05T05-14-26-537Z-context-3dc5276aca.json
 create mode 100644 .omnius/debug-library/runs/1783056506452-5ra6kv/events/turn-0003/2026-07-05T06-04-32-498Z-context-9b386ad192.json
 create mode 100644 .omnius/debug-library/runs/1783056506452-5ra6kv/events/turn-0003/2026-07-05T06-15-03-134Z-context-a2fb33695c.json
 create mode 100644 .omnius/debug-library/runs/1783056506452-5ra6kv/events/turn-0003/2026-07-05T06-15-59-074Z-file_read-7336caff32.json
 create mode 100644 .omnius/debug-library/runs/1783056506452-5ra6kv/events/turn-0003/2026-07-05T06-15-59-513Z-file_read-5dcb4baf28.json
 create mode 100644 .omnius/debug-library/runs/1783056506452-5ra6kv/events/turn-0003/2026-07-05T06-15-59-954Z-file_read-e106d733cf.json
 create mode 100644 .omnius/debug-library/runs/1783056506452-5ra6kv/events/turn-0003/2026-07-05T06-16-00-041Z-file_read-8927cc9519.json
 create mode 100644 .omnius/debug-library/runs/1783056506452-5ra6kv/events/turn-0004/2026-07-03T05-30-09-724Z-context-c425c61d32.json
 create mode 100644 .omnius/debug-library/runs/1783056506452-5ra6kv/events/turn-0004/2026-07-03T06-30-21-341Z-context-f879afbb18.json
 create mode 100644 .omnius/debug-library/runs/1783056506452-5ra6kv/events/turn-0004/2026-07-03T06-31-17-993Z-context-3fe0126490.json
 create mode 100644 .omnius/debug-library/runs/1783056506452-5ra6kv/events/turn-0004/2026-07-05T00-34-30-898Z-context-bbdda3c6d1.json
 create mode 100644 .omnius/debug-library/runs/1783056506452-5ra6kv/events/turn-0004/2026-07-05T00-35-34-277Z-file_edit-8d54124d67.json
 create mode 100644 .omnius/debug-library/runs/1783056506452-5ra6kv/events/turn-0004/2026-07-05T00-35-38-299Z-file_edit-c340fadaee.json
 create mode 100644 .omnius/debug-library/runs/1783056506452-5ra6kv/events/turn-0004/2026-07-05T00-35-38-357Z-file_edit-0eff932489.json
 create mode 100644 .omnius/debug-library/runs/1783056506452-5ra6kv/events/turn-0004/2026-07-05T01-29-18-926Z-context-7993d38b00.json
 create mode 100644 .omnius/debug-library/runs/1783056506452-5ra6kv/events/turn-0004/2026-07-05T01-50-53-807Z-context-d7088765bd.json
 create mode 100644 .omnius/debug-library/runs/1783056506452-5ra6kv/events/turn-0004/2026-07-05T02-38-19-043Z-context-341e6b8866.json
 create mode 100644 .omnius/debug-library/runs/1783056506452-5ra6kv/events/turn-0004/2026-07-05T03-41-08-555Z-context-376fabb8a3.json
 create mode 100644 .omnius/debug-library/runs/1783056506452-5ra6kv/events/turn-0004/2026-07-05T04-23-34-752Z-context-fcff0b45c1.json
 create mode 100644 .omnius/debug-library/runs/1783056506452-5ra6kv/events/turn-0004/2026-07-05T04-24-53-896Z-file_read-7336caff32.json
 create mode 100644 .omnius/debug-library/runs/1783056506452-5ra6kv/events/turn-0004/2026-07-05T05-15-13-391Z-context-488e90fa9d.json
 create mode 100644 .omnius/debug-library/runs/1783056506452-5ra6kv/events/turn-0004/2026-07-05T06-05-53-170Z-context-f6c688734c.json
 create mode 100644 .omnius/debug-library/runs/1783056506452-5ra6kv/events/turn-0004/2026-07-05T06-15-30-910Z-context-d729768e3a.json
 create mode 100644 .omnius/debug-library/runs/1783056506452-5ra6kv/events/turn-0004/2026-07-05T06-16-35-249Z-shell-8f40a29ea4.json
 create mode 100644 .omnius/debug-library/runs/1783056506452-5ra6kv/events/turn-0004/2026-07-05T06-16-36-799Z-shell-05df15ec06.json
 create mode 100644 .omnius/debug-library/runs/1783056506452-5ra6kv/events/turn-0004/2026-07-05T06-16-37-033Z-shell-fcfbf4066d.json
 create mode 100644 .omnius/debug-library/runs/1783056506452-5ra6kv/events/turn-0005/2026-07-03T05-30-37-293Z-context-500842ae37.json
 create mode 100644 .omnius/debug-library/runs/1783056506452-5ra6kv/events/turn-0005/2026-07-03T05-32-23-796Z-web_fetch-a732a0d3a0.json
 create mode 100644 .omnius/debug-library/runs/1783056506452-5ra6kv/events/turn-0005/2026-07-05T00-34-55-740Z-context-960d9eced8.json
 create mode 100644 .omnius/debug-library/runs/1783056506452-5ra6kv/events/turn-0005/2026-07-05T00-36-10-158Z-file_edit-8d54124d67.json
 create mode 100644 .omnius/debug-library/runs/1783056506452-5ra6kv/events/turn-0005/2026-07-05T01-30-06-479Z-context-5c7d64ff42.json
 create mode 100644 .omnius/debug-library/runs/1783056506452-5ra6kv/events/turn-0005/2026-07-05T01-51-11-500Z-context-414a7da744.json
 create mode 100644 .omnius/debug-library/runs/1783056506452-5ra6kv/events/turn-0005/2026-07-05T02-39-38-630Z-context-1d0af26b2d.json
 create mode 100644 .omnius/debug-library/runs/1783056506452-5ra6kv/events/turn-0005/2026-07-05T03-45-06-026Z-context-8c896dff2d.json
 create mode 100644 .omnius/debug-library/runs/1783056506452-5ra6kv/events/turn-0005/2026-07-05T04-24-04-863Z-context-769cc2aede.json
 create mode 100644 .omnius/debug-library/runs/1783056506452-5ra6kv/events/turn-0005/2026-07-05T05-16-05-281Z-context-996df4c412.json
 create mode 100644 .omnius/debug-library/runs/1783056506452-5ra6kv/events/turn-0005/2026-07-05T06-07-24-397Z-context-1fabe89911.json
 create mode 100644 .omnius/debug-library/runs/1783056506452-5ra6kv/events/turn-0005/2026-07-05T06-16-00-078Z-context-493c51158c.json
 create mode 100644 .omnius/debug-library/runs/1783056506452-5ra6kv/events/turn-0005/2026-07-05T06-17-07-053Z-shell-2d59e08c9f.json
 create mode 100644 .omnius/debug-library/runs/1783056506452-5ra6kv/events/turn-0006/2026-07-03T05-31-56-606Z-context-01d230acb6.json
 create mode 100644 .omnius/debug-library/runs/1783056506452-5ra6kv/events/turn-0006/2026-07-03T05-32-53-588Z-shell-1c7120f1e6.json
 create mode 100644 .omnius/debug-library/runs/1783056506452-5ra6kv/events/turn-0006/2026-07-05T00-35-38-367Z-context-3af5dc0e0e.json
 create mode 100644 .omnius/debug-library/runs/1783056506452-5ra6kv/events/turn-0006/2026-07-05T00-36-41-653Z-file_edit-8d54124d67.json
 create mode 100644 .omnius/debug-library/runs/1783056506452-5ra6kv/events/turn-0006/2026-07-05T01-30-55-458Z-context-3bcf7ec914.json
 create mode 100644 .omnius/debug-library/runs/1783056506452-5ra6kv/events/turn-0006/2026-07-05T01-51-29-218Z-context-ab49bf5606.json
 create mode 100644 .omnius/debug-library/runs/1783056506452-5ra6kv/events/turn-0006/2026-07-05T02-40-59-087Z-context-2e4573c156.json
 create mode 100644 .omnius/debug-library/runs/1783056506452-5ra6kv/events/turn-0006/2026-07-05T03-45-41-659Z-context-5a5dc84b91.json
 create mode 100644 .omnius/debug-library/runs/1783056506452-5ra6kv/events/turn-0006/2026-07-05T03-46-35-401Z-file_read-c4ac6c031f.json
 create mode 100644 .omnius/debug-library/runs/1783056506452-5ra6kv/events/turn-0006/2026-07-05T04-24-53-907Z-context-28b128bb69.json
 create mode 100644 .omnius/debug-library/runs/1783056506452-5ra6kv/events/turn-0006/2026-07-05T04-26-39-829Z-file_read-acafe495f9.json
 create mode 100644 .omnius/debug-library/runs/1783056506452-5ra6kv/events/turn-0006/2026-07-05T05-16-19-393Z-context-3e674e2d78.json
 create mode 100644 .omnius/debug-library/runs/1783056506452-5ra6kv/events/turn-0006/2026-07-05T06-08-25-908Z-context-bd0bad4bba.json
 create mode 100644 .omnius/debug-library/runs/1783056506452-5ra6kv/events/turn-0006/2026-07-05T06-16-37-094Z-context-60c88bd6d6.json
 create mode 100644 .omnius/debug-library/runs/1783056506452-5ra6kv/events/turn-0006/2026-07-05T06-17-39-306Z-shell-25b7096923.json
 create mode 100644 .omnius/debug-library/runs/1783056506452-5ra6kv/events/turn-0007/2026-07-03T05-32-23-809Z-context-0e77b7b2a1.json
 create mode 100644 .omnius/debug-library/runs/1783056506452-5ra6kv/events/turn-0007/2026-07-03T05-33-16-639Z-shell-1c7120f1e6.json
 create mode 100644 .omnius/debug-library/runs/1783056506452-5ra6kv/events/turn-0007/2026-07-05T00-36-10-170Z-context-f34497568e.json
 create mode 100644 .omnius/debug-library/runs/1783056506452-5ra6kv/events/turn-0007/2026-07-05T01-31-41-207Z-context-f6d4b8bd02.json
 create mode 100644 .omnius/debug-library/runs/1783056506452-5ra6kv/events/turn-0007/2026-07-05T01-51-48-369Z-context-27abdc97ed.json
 create mode 100644 .omnius/debug-library/runs/1783056506452-5ra6kv/events/turn-0007/2026-07-05T02-41-31-528Z-context-cc3c27e8b3.json
 create mode 100644 .omnius/debug-library/runs/1783056506452-5ra6kv/events/turn-0007/2026-07-05T03-46-12-300Z-context-d59aa7e036.json
 create mode 100644 .omnius/debug-library/runs/1783056506452-5ra6kv/events/turn-0007/2026-07-05T03-47-13-799Z-file_edit-ac6369b5c8.json
 create mode 100644 .omnius/debug-library/runs/1783056506452-5ra6kv/events/turn-0007/2026-07-05T04-25-38-363Z-context-83290f1f8d.json
 create mode 100644 .omnius/debug-library/runs/1783056506452-5ra6kv/events/turn-0007/2026-07-05T04-27-29-179Z-file_read-7336caff32.json
 create mode 100644 .omnius/debug-library/runs/1783056506452-5ra6kv/events/turn-0007/2026-07-05T05-16-54-951Z-context-1cc448250f.json
 create mode 100644 .omnius/debug-library/runs/1783056506452-5ra6kv/events/turn-0007/2026-07-05T06-09-29-732Z-context-653f3d162e.json
 create mode 100644 .omnius/debug-library/runs/1783056506452-5ra6kv/events/turn-0007/2026-07-05T06-17-07-065Z-context-0872de6c5d.json
 create mode 100644 .omnius/debug-library/runs/1783056506452-5ra6kv/events/turn-0007/2026-07-05T06-18-10-578Z-shell-d8352f2ff4.json
 create mode 100644 .omnius/debug-library/runs/1783056506452-5ra6kv/events/turn-0008/2026-07-03T05-32-53-605Z-context-4beabfbe11.json
 create mode 100644 .omnius/debug-library/runs/1783056506452-5ra6kv/events/turn-0008/2026-07-03T05-33-41-735Z-file_read-1fb2c3600c.json
 create mode 100644 .omnius/debug-library/runs/1783056506452-5ra6kv/events/turn-0008/2026-07-05T00-36-41-678Z-context-ad15325a71.json
 create mode 100644 .omnius/debug-library/runs/1783056506452-5ra6kv/events/turn-0008/2026-07-05T01-32-30-317Z-context-de39e53267.json
 create mode 100644 .omnius/debug-library/runs/1783056506452-5ra6kv/events/turn-0008/2026-07-05T01-52-01-609Z-context-92e8607663.json
 create mode 100644 .omnius/debug-library/runs/1783056506452-5ra6kv/events/turn-0008/2026-07-05T02-42-51-434Z-context-d78d55735b.json
 create mode 100644 .omnius/debug-library/runs/1783056506452-5ra6kv/events/turn-0008/2026-07-05T03-46-35-414Z-context-bae4d72181.json
 create mode 100644 .omnius/debug-library/runs/1783056506452-5ra6kv/events/turn-0008/2026-07-05T03-47-40-876Z-shell-dbb818a9ff.json
 create mode 100644 .omnius/debug-library/runs/1783056506452-5ra6kv/events/turn-0008/2026-07-05T04-26-39-842Z-context-5aa953e74f.json
 create mode 100644 .omnius/debug-library/runs/1783056506452-5ra6kv/events/turn-0008/2026-07-05T05-17-43-815Z-context-e2ea145a32.json
 create mode 100644 .omnius/debug-library/runs/1783056506452-5ra6kv/events/turn-0008/2026-07-05T06-10-29-631Z-context-2852630654.json
 create mode 100644 .omnius/debug-library/runs/1783056506452-5ra6kv/events/turn-0008/2026-07-05T06-17-39-373Z-context-e6e8051b69.json
 create mode 100644 .omnius/debug-library/runs/1783056506452-5ra6kv/events/turn-0008/2026-07-05T06-18-50-248Z-file_edit-15d97f7318.json
 create mode 100644 .omnius/debug-library/runs/1783056506452-5ra6kv/events/turn-0009/2026-07-03T05-33-16-652Z-context-2aacca6cc8.json
 create mode 100644 .omnius/debug-library/runs/1783056506452-5ra6kv/events/turn-0009/2026-07-03T05-34-31-878Z-file_edit-2e4ceb5a96.json
 create mode 100644 .omnius/debug-library/runs/1783056506452-5ra6kv/events/turn-0009/2026-07-05T00-37-11-176Z-context-2282dac9ae.json
 create mode 100644 .omnius/debug-library/runs/1783056506452-5ra6kv/events/turn-0009/2026-07-05T00-38-17-596Z-file_patch-2a9e8aae21.json
 create mode 100644 .omnius/debug-library/runs/1783056506452-5ra6kv/events/turn-0009/2026-07-05T01-33-19-945Z-context-6e9ca6b75d.json
 create mode 100644 .omnius/debug-library/runs/1783056506452-5ra6kv/events/turn-0009/2026-07-05T01-52-19-745Z-context-c4c8aa4c33.json
 create mode 100644 .omnius/debug-library/runs/1783056506452-5ra6kv/events/turn-0009/2026-07-05T02-44-12-852Z-context-788b646733.json
 create mode 100644 .omnius/debug-library/runs/1783056506452-5ra6kv/events/turn-0009/2026-07-05T03-47-13-868Z-context-686651736c.json
 create mode 100644 .omnius/debug-library/runs/1783056506452-5ra6kv/events/turn-0009/2026-07-05T04-27-29-190Z-context-06481b1f2e.json
 create mode 100644 .omnius/debug-library/runs/1783056506452-5ra6kv/events/turn-0009/2026-07-05T04-28-51-215Z-file_write-f90349f9aa.json
 create mode 100644 .omnius/debug-library/runs/1783056506452-5ra6kv/events/turn-0009/2026-07-05T05-18-26-946Z-context-72e5a88bd7.json
 create mode 100644 .omnius/debug-library/runs/1783056506452-5ra6kv/events/turn-0009/2026-07-05T06-11-37-810Z-context-5ea3e3a676.json
 create mode 100644 .omnius/debug-library/runs/1783056506452-5ra6kv/events/turn-0009/2026-07-05T06-18-10-630Z-context-cea56c4b3c.json
 create mode 100644 .omnius/debug-library/runs/1783056506452-5ra6kv/events/turn-0009/2026-07-05T06-19-24-913Z-shell-7455c4a1fc.json
 create mode 100644 .omnius/debug-library/runs/1783056506452-5ra6kv/events/turn-0010/2026-07-03T05-33-41-746Z-context-1d364bd542.json
 create mode 100644 .omnius/debug-library/runs/1783056506452-5ra6kv/events/turn-0010/2026-07-03T05-35-21-748Z-shell-65f7a7aa8d.json
 create mode 100644 .omnius/debug-library/runs/1783056506452-5ra6kv/events/turn-0010/2026-07-05T00-37-41-291Z-context-5bc78625ae.json
 create mode 100644 .omnius/debug-library/runs/1783056506452-5ra6kv/events/turn-0010/2026-07-05T01-34-29-515Z-context-c4bd407f7f.json
 create mode 100644 .omnius/debug-library/runs/1783056506452-5ra6kv/events/turn-0010/2026-07-05T01-52-33-254Z-context-1a3813736b.json
 create mode 100644 .omnius/debug-library/runs/1783056506452-5ra6kv/events/turn-0010/2026-07-05T02-45-36-329Z-context-f9ab1b3cd2.json
 create mode 100644 .omnius/debug-library/runs/1783056506452-5ra6kv/events/turn-0010/2026-07-05T03-47-40-894Z-context-f11d710457.json
 create mode 100644 .omnius/debug-library/runs/1783056506452-5ra6kv/events/turn-0010/2026-07-05T03-48-44-522Z-file_read-5dcb4baf28.json
 create mode 100644 .omnius/debug-library/runs/1783056506452-5ra6kv/events/turn-0010/2026-07-05T04-28-08-874Z-context-009c897b91.json
 create mode 100644 .omnius/debug-library/runs/1783056506452-5ra6kv/events/turn-0010/2026-07-05T04-29-38-901Z-file_write-9d10aad8ff.json
 create mode 100644 .omnius/debug-library/runs/1783056506452-5ra6kv/events/turn-0010/2026-07-05T05-19-10-250Z-context-6f76cb60b0.json
 create mode 100644 .omnius/debug-library/runs/1783056506452-5ra6kv/events/turn-0010/2026-07-05T06-12-39-100Z-context-5900587067.json
 create mode 100644 .omnius/debug-library/runs/1783056506452-5ra6kv/events/turn-0010/2026-07-05T06-18-50-261Z-context-16a387ea8c.json
 create mode 100644 .omnius/debug-library/runs/1783056506452-5ra6kv/events/turn-0010/2026-07-05T06-20-05-086Z-file_edit-0c798313e4.json
 create mode 100644 .omnius/debug-library/runs/1783056506452-5ra6kv/events/turn-0011/2026-07-03T05-34-31-901Z-context-b3d6dcf573.json
 create mode 100644 .omnius/debug-library/runs/1783056506452-5ra6kv/events/turn-0011/2026-07-03T05-36-05-273Z-file_read-3be1b4df68.json
 create mode 100644 .omnius/debug-library/runs/1783056506452-5ra6kv/events/turn-0011/2026-07-03T05-36-05-832Z-file_read-53eec49ab1.json
 create mode 100644 .omnius/debug-library/runs/1783056506452-5ra6kv/events/turn-0011/2026-07-03T05-36-06-466Z-file_read-2b5f63fdb2.json
 create mode 100644 .omnius/debug-library/runs/1783056506452-5ra6kv/events/turn-0011/2026-07-05T00-38-17-628Z-context-972644ec12.json
 create mode 100644 .omnius/debug-library/runs/1783056506452-5ra6kv/events/turn-0011/2026-07-05T01-35-34-578Z-context-b8a1cc567d.json
 create mode 100644 .omnius/debug-library/runs/1783056506452-5ra6kv/events/turn-0011/2026-07-05T01-52-46-912Z-context-56de785852.json
 create mode 100644 .omnius/debug-library/runs/1783056506452-5ra6kv/events/turn-0011/2026-07-05T02-46-58-908Z-context-84cf8e90ed.json
 create mode 100644 .omnius/debug-library/runs/1783056506452-5ra6kv/events/turn-0011/2026-07-05T03-48-12-334Z-context-aac64ace32.json
 create mode 100644 .omnius/debug-library/runs/1783056506452-5ra6kv/events/turn-0011/2026-07-05T03-49-20-125Z-shell-0a5ea57e6b.json
 create mode 100644 .omnius/debug-library/runs/1783056506452-5ra6kv/events/turn-0011/2026-07-05T04-28-51-227Z-context-402ebdec14.json
 create mode 100644 .omnius/debug-library/runs/1783056506452-5ra6kv/events/turn-0011/2026-07-05T04-30-21-755Z-file_patch-f9bd29a5fc.json
 create mode 100644 .omnius/debug-library/runs/1783056506452-5ra6kv/events/turn-0011/2026-07-05T05-19-56-950Z-context-ab2c7e3804.json
 create mode 100644 .omnius/debug-library/runs/1783056506452-5ra6kv/events/turn-0011/2026-07-05T06-19-24-925Z-context-2d4657e898.json
 create mode 100644 .omnius/debug-library/runs/1783056506452-5ra6kv/events/turn-0011/2026-07-05T06-20-39-858Z-file_patch-5661676e9a.json
 create mode 100644 .omnius/debug-library/runs/1783056506452-5ra6kv/events/turn-0012/2026-07-03T05-35-21-769Z-context-618d4299ad.json
 create mode 100644 .omnius/debug-library/runs/1783056506452-5ra6kv/events/turn-0012/2026-07-03T05-37-05-139Z-file_read-2d09373b89.json
 create mode 100644 .omnius/debug-library/runs/1783056506452-5ra6kv/events/turn-0012/2026-07-03T05-37-05-329Z-file_read-2b5f63fdb2.json
 create mode 100644 .omnius/debug-library/runs/1783056506452-5ra6kv/events/turn-0012/2026-07-05T00-38-51-173Z-context-b7ff460c76.json
 create mode 100644 .omnius/debug-library/runs/1783056506452-5ra6kv/events/turn-0012/2026-07-05T01-36-36-855Z-context-0b1070679b.json
 create mode 100644 .omnius/debug-library/runs/1783056506452-5ra6kv/events/turn-0012/2026-07-05T01-54-03-569Z-context-c282291fd9.json
 create mode 100644 .omnius/debug-library/runs/1783056506452-5ra6kv/events/turn-0012/2026-07-05T02-48-24-900Z-context-d63cede7a5.json
 create mode 100644 .omnius/debug-library/runs/1783056506452-5ra6kv/events/turn-0012/2026-07-05T03-48-44-532Z-context-a0619e9f39.json
 create mode 100644 .omnius/debug-library/runs/1783056506452-5ra6kv/events/turn-0012/2026-07-05T03-49-54-014Z-shell-877b5e79d5.json
 create mode 100644 .omnius/debug-library/runs/1783056506452-5ra6kv/events/turn-0012/2026-07-05T04-29-38-912Z-context-0449ecd739.json
 create mode 100644 .omnius/debug-library/runs/1783056506452-5ra6kv/events/turn-0012/2026-07-05T05-20-16-543Z-context-b6cf4ec9dd.json
 create mode 100644 .omnius/debug-library/runs/1783056506452-5ra6kv/events/turn-0012/2026-07-05T06-20-05-098Z-context-d6b31a1dca.json
 create mode 100644 .omnius/debug-library/runs/1783056506452-5ra6kv/events/turn-0013/2026-07-03T05-36-26-980Z-context-262ece895a.json
 create mode 100644 .omnius/debug-library/runs/1783056506452-5ra6kv/events/turn-0013/2026-07-03T05-37-56-438Z-file_read-2d09373b89.json
 create mode 100644 .omnius/debug-library/runs/1783056506452-5ra6kv/events/turn-0013/2026-07-03T05-37-56-604Z-file_read-2b5f63fdb2.json
 create mode 100644 .omnius/debug-library/runs/1783056506452-5ra6kv/events/turn-0013/2026-07-05T00-39-22-764Z-context-3ab28d599f.json
 create mode 100644 .omnius/debug-library/runs/1783056506452-5ra6kv/events/turn-0013/2026-07-05T01-37-32-016Z-context-c3d133b429.json
 create mode 100644 .omnius/debug-library/runs/1783056506452-5ra6kv/events/turn-0013/2026-07-05T01-55-03-957Z-context-cac3530d80.json
 create mode 100644 .omnius/debug-library/runs/1783056506452-5ra6kv/events/turn-0013/2026-07-05T02-49-49-720Z-context-fe9b1334e7.json
 create mode 100644 .omnius/debug-library/runs/1783056506452-5ra6kv/events/turn-0013/2026-07-05T03-49-20-166Z-context-1a89e266ba.json
 create mode 100644 .omnius/debug-library/runs/1783056506452-5ra6kv/events/turn-0013/2026-07-05T03-53-45-886Z-shell-28b7e930c0.json
 create mode 100644 .omnius/debug-library/runs/1783056506452-5ra6kv/events/turn-0013/2026-07-05T04-30-21-829Z-context-2e2413b319.json
 create mode 100644 .omnius/debug-library/runs/1783056506452-5ra6kv/events/turn-0013/2026-07-05T04-31-40-007Z-file_patch-d547f38e0e.json
 create mode 100644 .omnius/debug-library/runs/1783056506452-5ra6kv/events/turn-0013/2026-07-05T05-20-29-106Z-context-614f2b5ebd.json
 create mode 100644 .omnius/debug-library/runs/1783056506452-5ra6kv/events/turn-0013/2026-07-05T06-20-39-874Z-context-5b8bc2c128.json
 create mode 100644 .omnius/debug-library/runs/1783056506452-5ra6kv/events/turn-0013/2026-07-05T06-21-48-639Z-file_edit-65fb1708f5.json
 create mode 100644 .omnius/debug-library/runs/1783056506452-5ra6kv/events/turn-0014/2026-07-03T05-37-05-338Z-context-e48c5fe25f.json
 create mode 100644 .omnius/debug-library/runs/1783056506452-5ra6kv/events/turn-0014/2026-07-03T05-38-44-649Z-file_read-2d09373b89.json
 create mode 100644 .omnius/debug-library/runs/1783056506452-5ra6kv/events/turn-0014/2026-07-05T00-39-55-994Z-context-f76ca7f6a0.json
 create mode 100644 .omnius/debug-library/runs/1783056506452-5ra6kv/events/turn-0014/2026-07-05T01-38-19-764Z-context-09bebcee56.json
 create mode 100644 .omnius/debug-library/runs/1783056506452-5ra6kv/events/turn-0014/2026-07-05T01-56-10-936Z-context-8e0a964159.json
 create mode 100644 .omnius/debug-library/runs/1783056506452-5ra6kv/events/turn-0014/2026-07-05T02-51-13-256Z-context-d1f705875f.json
 create mode 100644 .omnius/debug-library/runs/1783056506452-5ra6kv/events/turn-0014/2026-07-05T03-49-54-050Z-context-44f90af67c.json
 create mode 100644 .omnius/debug-library/runs/1783056506452-5ra6kv/events/turn-0014/2026-07-05T04-30-54-964Z-context-d6ecb0d85d.json
 create mode 100644 .omnius/debug-library/runs/1783056506452-5ra6kv/events/turn-0014/2026-07-05T05-21-21-611Z-context-d0a554996c.json
 create mode 100644 .omnius/debug-library/runs/1783056506452-5ra6kv/events/turn-0014/2026-07-05T06-21-10-382Z-context-ed94b22504.json
 create mode 100644 .omnius/debug-library/runs/1783056506452-5ra6kv/events/turn-0015/2026-07-03T05-37-56-614Z-context-9f78441c34.json
 create mode 100644 .omnius/debug-library/runs/1783056506452-5ra6kv/events/turn-0015/2026-07-03T05-39-39-082Z-file_edit-da3f2dc9d6.json
 create mode 100644 .omnius/debug-library/runs/1783056506452-5ra6kv/events/turn-0015/2026-07-05T00-40-30-342Z-context-cf7e35a056.json
 create mode 100644 .omnius/debug-library/runs/1783056506452-5ra6kv/events/turn-0015/2026-07-05T01-39-09-712Z-context-45de5403e5.json
 create mode 100644 .omnius/debug-library/runs/1783056506452-5ra6kv/events/turn-0015/2026-07-05T01-57-11-555Z-context-eac5accc58.json
 create mode 100644 .omnius/debug-library/runs/1783056506452-5ra6kv/events/turn-0015/2026-07-05T02-52-37-494Z-context-30983d9baf.json
 create mode 100644 .omnius/debug-library/runs/1783056506452-5ra6kv/events/turn-0015/2026-07-05T03-53-11-537Z-context-eedca4993e.json
 create mode 100644 .omnius/debug-library/runs/1783056506452-5ra6kv/events/turn-0015/2026-07-05T03-58-28-054Z-file_read-5dcb4baf28.json
 create mode 100644 .omnius/debug-library/runs/1783056506452-5ra6kv/events/turn-0015/2026-07-05T04-31-40-077Z-context-33d735ec9a.json
 create mode 100644 .omnius/debug-library/runs/1783056506452-5ra6kv/events/turn-0015/2026-07-05T04-33-05-641Z-file_write-2341da743e.json
 create mode 100644 .omnius/debug-library/runs/1783056506452-5ra6kv/events/turn-0015/2026-07-05T05-22-14-055Z-context-e50f8fb8ee.json
 create mode 100644 .omnius/debug-library/runs/1783056506452-5ra6kv/events/turn-0015/2026-07-05T06-21-48-737Z-context-5ea7c2cd54.json
 create mode 100644 .omnius/debug-library/runs/1783056506452-5ra6kv/events/turn-0016/2026-07-03T05-38-44-667Z-context-0a07ca8be5.json
 create mode 100644 .omnius/debug-library/runs/1783056506452-5ra6kv/events/turn-0016/2026-07-03T05-40-20-186Z-file_read-2b5f63fdb2.json
 create mode 100644 .omnius/debug-library/runs/1783056506452-5ra6kv/events/turn-0016/2026-07-05T00-40-55-274Z-context-12bbdf10ca.json
 create mode 100644 .omnius/debug-library/runs/1783056506452-5ra6kv/events/turn-0016/2026-07-05T01-39-57-701Z-context-9bca865ba4.json
 create mode 100644 .omnius/debug-library/runs/1783056506452-5ra6kv/events/turn-0016/2026-07-05T01-57-26-898Z-context-22ce5c9e26.json
 create mode 100644 .omnius/debug-library/runs/1783056506452-5ra6kv/events/turn-0016/2026-07-05T02-54-29-010Z-context-b2493134a2.json
 create mode 100644 .omnius/debug-library/runs/1783056506452-5ra6kv/events/turn-0016/2026-07-05T03-53-45-949Z-context-1112c29a69.json
 create mode 100644 .omnius/debug-library/runs/1783056506452-5ra6kv/events/turn-0016/2026-07-05T04-32-10-322Z-context-8483c40049.json
 create mode 100644 .omnius/debug-library/runs/1783056506452-5ra6kv/events/turn-0016/2026-07-05T04-34-00-407Z-file_write-c507b7ab8d.json
 create mode 100644 .omnius/debug-library/runs/1783056506452-5ra6kv/events/turn-0016/2026-07-05T05-22-58-727Z-context-79cab5135a.json
 create mode 100644 .omnius/debug-library/runs/1783056506452-5ra6kv/events/turn-0016/2026-07-05T06-22-21-582Z-context-bfbd3cd920.json
 create mode 100644 .omnius/debug-library/runs/1783056506452-5ra6kv/events/turn-0016/2026-07-05T06-23-27-482Z-shell-877b5e79d5.json
 create mode 100644 .omnius/debug-library/runs/1783056506452-5ra6kv/events/turn-0017/2026-07-03T05-39-39-099Z-context-fb2431d785.json
 create mode 100644 .omnius/debug-library/runs/1783056506452-5ra6kv/events/turn-0017/2026-07-03T05-41-10-596Z-file_read-2b5f63fdb2.json
 create mode 100644 .omnius/debug-library/runs/1783056506452-5ra6kv/events/turn-0017/2026-07-05T00-41-29-792Z-context-15ea8a1dd4.json
 create mode 100644 .omnius/debug-library/runs/1783056506452-5ra6kv/events/turn-0017/2026-07-05T01-40-07-074Z-context-c8ef2f305e.json
 create mode 100644 .omnius/debug-library/runs/1783056506452-5ra6kv/events/turn-0017/2026-07-05T01-57-42-234Z-context-c27a6ad41e.json
 create mode 100644 .omnius/debug-library/runs/1783056506452-5ra6kv/events/turn-0017/2026-07-05T02-56-17-133Z-context-5e6c730d2c.json
 create mode 100644 .omnius/debug-library/runs/1783056506452-5ra6kv/events/turn-0017/2026-07-05T03-57-52-383Z-context-4d3989401a.json
 create mode 100644 .omnius/debug-library/runs/1783056506452-5ra6kv/events/turn-0017/2026-07-05T03-59-04-266Z-file_read-5dcb4baf28.json
 create mode 100644 .omnius/debug-library/runs/1783056506452-5ra6kv/events/turn-0017/2026-07-05T04-33-05-652Z-context-31cf40a454.json
 create mode 100644 .omnius/debug-library/runs/1783056506452-5ra6kv/events/turn-0017/2026-07-05T04-34-46-945Z-shell-a3849232a4.json
 create mode 100644 .omnius/debug-library/runs/1783056506452-5ra6kv/events/turn-0017/2026-07-05T05-23-47-392Z-context-8e05f8a51e.json
 create mode 100644 .omnius/debug-library/runs/1783056506452-5ra6kv/events/turn-0017/2026-07-05T06-22-58-183Z-context-13281de64b.json
 create mode 100644 .omnius/debug-library/runs/1783056506452-5ra6kv/events/turn-0017/2026-07-05T06-23-59-647Z-shell-5131e56720.json
 create mode 100644 .omnius/debug-library/runs/1783056506452-5ra6kv/events/turn-0018/2026-07-03T05-40-20-200Z-context-14715407e9.json
 create mode 100644 .omnius/debug-library/runs/1783056506452-5ra6kv/events/turn-0018/2026-07-03T05-42-08-163Z-file_read-2b5f63fdb2.json
 create mode 100644 .omnius/debug-library/runs/1783056506452-5ra6kv/events/turn-0018/2026-07-05T00-42-02-858Z-context-ee902931e0.json
 create mode 100644 .omnius/debug-library/runs/1783056506452-5ra6kv/events/turn-0018/2026-07-05T00-43-17-491Z-file_patch-a396711a67.json
 create mode 100644 .omnius/debug-library/runs/1783056506452-5ra6kv/events/turn-0018/2026-07-05T01-40-31-162Z-context-081636ee3d.json
 create mode 100644 .omnius/debug-library/runs/1783056506452-5ra6kv/events/turn-0018/2026-07-05T01-57-58-923Z-context-687dad8baf.json
 create mode 100644 .omnius/debug-library/runs/1783056506452-5ra6kv/events/turn-0018/2026-07-05T02-57-45-279Z-context-35f4993825.json
 create mode 100644 .omnius/debug-library/runs/1783056506452-5ra6kv/events/turn-0018/2026-07-05T03-58-28-064Z-context-30ac95284f.json
 create mode 100644 .omnius/debug-library/runs/1783056506452-5ra6kv/events/turn-0018/2026-07-05T04-01-53-305Z-shell-5331b2380a.json
 create mode 100644 .omnius/debug-library/runs/1783056506452-5ra6kv/events/turn-0018/2026-07-05T04-34-00-482Z-context-82104c87a8.json
 create mode 100644 .omnius/debug-library/runs/1783056506452-5ra6kv/events/turn-0018/2026-07-05T04-35-21-348Z-shell-8289e09560.json
 create mode 100644 .omnius/debug-library/runs/1783056506452-5ra6kv/events/turn-0018/2026-07-05T05-24-09-249Z-context-eb189aed9b.json
 create mode 100644 .omnius/debug-library/runs/1783056506452-5ra6kv/events/turn-0018/2026-07-05T06-23-27-542Z-context-e2502cceaa.json
 create mode 100644 .omnius/debug-library/runs/1783056506452-5ra6kv/events/turn-0019/2026-07-03T05-41-10-608Z-context-f29e9d9606.json
 create mode 100644 .omnius/debug-library/runs/1783056506452-5ra6kv/events/turn-0019/2026-07-03T05-43-03-923Z-file_edit-da3f2dc9d6.json
 create mode 100644 .omnius/debug-library/runs/1783056506452-5ra6kv/events/turn-0019/2026-07-05T00-42-43-250Z-context-6d6b008504.json
 create mode 100644 .omnius/debug-library/runs/1783056506452-5ra6kv/events/turn-0019/2026-07-05T01-40-39-677Z-context-f58737f983.json
 create mode 100644 .omnius/debug-library/runs/1783056506452-5ra6kv/events/turn-0019/2026-07-05T01-58-21-058Z-context-309d6c2e32.json
 create mode 100644 .omnius/debug-library/runs/1783056506452-5ra6kv/events/turn-0019/2026-07-05T02-59-13-984Z-context-53ef75e178.json
 create mode 100644 .omnius/debug-library/runs/1783056506452-5ra6kv/events/turn-0019/2026-07-05T03-59-04-278Z-context-fd0f209f95.json
 create mode 100644 .omnius/debug-library/runs/1783056506452-5ra6kv/events/turn-0019/2026-07-05T04-02-34-635Z-file_read-fdb8700ea4.json
 create mode 100644 .omnius/debug-library/runs/1783056506452-5ra6kv/events/turn-0019/2026-07-05T04-34-46-992Z-context-89d8402488.json
 create mode 100644 .omnius/debug-library/runs/1783056506452-5ra6kv/events/turn-0019/2026-07-05T05-25-20-798Z-context-013f657983.json
 create mode 100644 .omnius/debug-library/runs/1783056506452-5ra6kv/events/turn-0019/2026-07-05T06-23-59-658Z-context-a0d9b0696a.json
 create mode 100644 .omnius/debug-library/runs/1783056506452-5ra6kv/events/turn-0019/2026-07-05T06-29-37-158Z-file_edit-1a26f97ad2.json
 create mode 100644 .omnius/debug-library/runs/1783056506452-5ra6kv/events/turn-0020/2026-07-03T05-42-08-178Z-context-fe76c62ecc.json
 create mode 100644 .omnius/debug-library/runs/1783056506452-5ra6kv/events/turn-0020/2026-07-05T00-43-17-566Z-context-5fe286c534.json
 create mode 100644 .omnius/debug-library/runs/1783056506452-5ra6kv/events/turn-0020/2026-07-05T00-44-31-216Z-file_patch-ee55b76b7d.json
 create mode 100644 .omnius/debug-library/runs/1783056506452-5ra6kv/events/turn-0020/2026-07-05T00-44-36-177Z-file_patch-feb251a9c0.json
 create mode 100644 .omnius/debug-library/runs/1783056506452-5ra6kv/events/turn-0020/2026-07-05T00-44-40-838Z-file_patch-0d146bd80e.json
 create mode 100644 .omnius/debug-library/runs/1783056506452-5ra6kv/events/turn-0020/2026-07-05T00-44-40-970Z-file_patch-10985bdb79.json
 create mode 100644 .omnius/debug-library/runs/1783056506452-5ra6kv/events/turn-0020/2026-07-05T01-40-48-322Z-context-64fe886e72.json
 create mode 100644 .omnius/debug-library/runs/1783056506452-5ra6kv/events/turn-0020/2026-07-05T01-59-26-389Z-context-8f1a6d5b2c.json
 create mode 100644 .omnius/debug-library/runs/1783056506452-5ra6kv/events/turn-0020/2026-07-05T03-00-42-562Z-context-69256f82be.json
 create mode 100644 .omnius/debug-library/runs/1783056506452-5ra6kv/events/turn-0020/2026-07-05T04-01-53-347Z-context-5d5309fb5d.json
 create mode 100644 .omnius/debug-library/runs/1783056506452-5ra6kv/events/turn-0020/2026-07-05T04-03-31-818Z-shell-d78f30d247.json
 create mode 100644 .omnius/debug-library/runs/1783056506452-5ra6kv/events/turn-0020/2026-07-05T04-35-21-360Z-context-d0f19ab5df.json
 create mode 100644 .omnius/debug-library/runs/1783056506452-5ra6kv/events/turn-0020/2026-07-05T05-26-22-230Z-context-4e4993a225.json
 create mode 100644 .omnius/debug-library/runs/1783056506452-5ra6kv/events/turn-0020/2026-07-05T06-24-41-153Z-context-d458168059.json
 create mode 100644 .omnius/debug-library/runs/1783056506452-5ra6kv/events/turn-0021/2026-07-03T05-43-03-938Z-context-42e01b5109.json
 create mode 100644 .omnius/debug-library/runs/1783056506452-5ra6kv/events/turn-0021/2026-07-05T00-43-54-636Z-context-e0836a8260.json
 create mode 100644 .omnius/debug-library/runs/1783056506452-5ra6kv/events/turn-0021/2026-07-05T01-40-57-039Z-context-e3569789a4.json
 create mode 100644 .omnius/debug-library/runs/1783056506452-5ra6kv/events/turn-0021/2026-07-05T02-00-27-956Z-context-3aad53d08b.json
 create mode 100644 .omnius/debug-library/runs/1783056506452-5ra6kv/events/turn-0021/2026-07-05T03-02-13-009Z-context-e6f7082076.json
 create mode 100644 .omnius/debug-library/runs/1783056506452-5ra6kv/events/turn-0021/2026-07-05T04-02-34-675Z-context-783ef0b37e.json
 create mode 100644 .omnius/debug-library/runs/1783056506452-5ra6kv/events/turn-0021/2026-07-05T04-04-32-911Z-file_read-528ea1f134.json
 create mode 100644 .omnius/debug-library/runs/1783056506452-5ra6kv/events/turn-0021/2026-07-05T04-36-16-598Z-context-0efc1ee2e4.json
 create mode 100644 .omnius/debug-library/runs/1783056506452-5ra6kv/events/turn-0021/2026-07-05T05-27-21-042Z-context-0cd5f6eee3.json
 create mode 100644 .omnius/debug-library/runs/1783056506452-5ra6kv/events/turn-0021/2026-07-05T06-28-55-100Z-context-373caf5d6c.json
 create mode 100644 .omnius/debug-library/runs/1783056506452-5ra6kv/events/turn-0021/2026-07-05T06-30-14-465Z-shell-f9d119ff0f.json
 create mode 100644 .omnius/debug-library/runs/1783056506452-5ra6kv/events/turn-0022/2026-07-03T05-43-58-578Z-context-a6d992fd32.json
 create mode 100644 .omnius/debug-library/runs/1783056506452-5ra6kv/events/turn-0022/2026-07-03T05-46-01-617Z-file_edit-50522d700f.json
 create mode 100644 .omnius/debug-library/runs/1783056506452-5ra6kv/events/turn-0022/2026-07-05T00-44-41-007Z-context-a0390a9351.json
 create mode 100644 .omnius/debug-library/runs/1783056506452-5ra6kv/events/turn-0022/2026-07-05T00-46-46-575Z-shell-824a29aab7.json
 create mode 100644 .omnius/debug-library/runs/1783056506452-5ra6kv/events/turn-0022/2026-07-05T01-41-06-187Z-context-cbe93e1397.json
 create mode 100644 .omnius/debug-library/runs/1783056506452-5ra6kv/events/turn-0022/2026-07-05T02-01-30-007Z-context-659a42b82e.json
 create mode 100644 .omnius/debug-library/runs/1783056506452-5ra6kv/events/turn-0022/2026-07-05T03-03-41-932Z-context-f83c7d3dd5.json
 create mode 100644 .omnius/debug-library/runs/1783056506452-5ra6kv/events/turn-0022/2026-07-05T04-03-31-856Z-context-cc32658221.json
 create mode 100644 .omnius/debug-library/runs/1783056506452-5ra6kv/events/turn-0022/2026-07-05T04-05-21-535Z-file_read-a6d601891c.json
 create mode 100644 .omnius/debug-library/runs/1783056506452-5ra6kv/events/turn-0022/2026-07-05T04-40-26-886Z-context-90a4050e54.json
 create mode 100644 .omnius/debug-library/runs/1783056506452-5ra6kv/events/turn-0022/2026-07-05T04-41-45-922Z-file_edit-a6aaf65274.json
 create mode 100644 .omnius/debug-library/runs/1783056506452-5ra6kv/events/turn-0022/2026-07-05T05-28-13-151Z-context-bfdb248b3e.json
 create mode 100644 .omnius/debug-library/runs/1783056506452-5ra6kv/events/turn-0022/2026-07-05T06-29-37-171Z-context-115b851251.json
 create mode 100644 .omnius/debug-library/runs/1783056506452-5ra6kv/events/turn-0023/2026-07-03T05-44-57-660Z-context-1b0848b152.json
 create mode 100644 .omnius/debug-library/runs/1783056506452-5ra6kv/events/turn-0023/2026-07-05T00-45-18-958Z-context-e2c9e95edf.json
 create mode 100644 .omnius/debug-library/runs/1783056506452-5ra6kv/events/turn-0023/2026-07-05T00-47-47-926Z-shell-877b5e79d5.json
 create mode 100644 .omnius/debug-library/runs/1783056506452-5ra6kv/events/turn-0023/2026-07-05T01-41-15-942Z-context-ee3ed0fc3d.json
 create mode 100644 .omnius/debug-library/runs/1783056506452-5ra6kv/events/turn-0023/2026-07-05T02-02-33-773Z-context-3b217e62b5.json
 create mode 100644 .omnius/debug-library/runs/1783056506452-5ra6kv/events/turn-0023/2026-07-05T03-05-14-574Z-context-479dc39c0b.json
 create mode 100644 .omnius/debug-library/runs/1783056506452-5ra6kv/events/turn-0023/2026-07-05T04-04-32-975Z-context-6c44c84cdb.json
 create mode 100644 .omnius/debug-library/runs/1783056506452-5ra6kv/events/turn-0023/2026-07-05T04-15-58-778Z-shell-affb7aaf5b.json
 create mode 100644 .omnius/debug-library/runs/1783056506452-5ra6kv/events/turn-0023/2026-07-05T04-41-03-512Z-context-4665f23b21.json
 create mode 100644 .omnius/debug-library/runs/1783056506452-5ra6kv/events/turn-0023/2026-07-05T05-28-32-497Z-context-835805d392.json
 create mode 100644 .omnius/debug-library/runs/1783056506452-5ra6kv/events/turn-0023/2026-07-05T06-30-14-538Z-context-a809dd74d2.json
 create mode 100644 .omnius/debug-library/runs/1783056506452-5ra6kv/events/turn-0023/2026-07-05T06-31-36-718Z-shell-42c8d85be6.json
 create mode 100644 .omnius/debug-library/runs/1783056506452-5ra6kv/events/turn-0024/2026-07-03T05-46-01-639Z-context-40e656e262.json
 create mode 100644 .omnius/debug-library/runs/1783056506452-5ra6kv/events/turn-0024/2026-07-03T05-48-09-768Z-shell-65f7a7aa8d.json
 create mode 100644 .omnius/debug-library/runs/1783056506452-5ra6kv/events/turn-0024/2026-07-05T00-46-46-603Z-context-9d4d92c35d.json
 create mode 100644 .omnius/debug-library/runs/1783056506452-5ra6kv/events/turn-0024/2026-07-05T00-49-00-233Z-shell-cc11b50e16.json
 create mode 100644 .omnius/debug-library/runs/1783056506452-5ra6kv/events/turn-0024/2026-07-05T01-41-25-979Z-context-e757e1e9f1.json
 create mode 100644 .omnius/debug-library/runs/1783056506452-5ra6kv/events/turn-0024/2026-07-05T02-03-37-273Z-context-eb059faeb6.json
 create mode 100644 .omnius/debug-library/runs/1783056506452-5ra6kv/events/turn-0024/2026-07-05T03-06-43-998Z-context-03d2127ad8.json
 create mode 100644 .omnius/debug-library/runs/1783056506452-5ra6kv/events/turn-0024/2026-07-05T04-05-21-588Z-context-c059a4a923.json
 create mode 100644 .omnius/debug-library/runs/1783056506452-5ra6kv/events/turn-0024/2026-07-05T04-16-46-642Z-shell-00a956cf78.json
 create mode 100644 .omnius/debug-library/runs/1783056506452-5ra6kv/events/turn-0024/2026-07-05T04-41-45-973Z-context-9b6015cb11.json
 create mode 100644 .omnius/debug-library/runs/1783056506452-5ra6kv/events/turn-0024/2026-07-05T04-43-21-862Z-file_patch-4ca012c045.json
 create mode 100644 .omnius/debug-library/runs/1783056506452-5ra6kv/events/turn-0024/2026-07-05T05-29-01-828Z-context-46e8ba4ab1.json
 create mode 100644 .omnius/debug-library/runs/1783056506452-5ra6kv/events/turn-0024/2026-07-05T06-30-58-953Z-context-b0b305f05d.json
 create mode 100644 .omnius/debug-library/runs/1783056506452-5ra6kv/events/turn-0024/2026-07-05T06-32-24-805Z-file_edit-e7f05c9735.json
 create mode 100644 .omnius/debug-library/runs/1783056506452-5ra6kv/events/turn-0025/2026-07-03T05-46-54-933Z-context-b712a04a4f.json
 create mode 100644 .omnius/debug-library/runs/1783056506452-5ra6kv/events/turn-0025/2026-07-03T05-48-58-907Z-grep_search-1bcebb69f0.json
 create mode 100644 .omnius/debug-library/runs/1783056506452-5ra6kv/events/turn-0025/2026-07-05T00-47-47-961Z-context-e5e59d51e3.json
 create mode 100644 .omnius/debug-library/runs/1783056506452-5ra6kv/events/turn-0025/2026-07-05T00-50-10-469Z-shell-9bb408a81c.json
 create mode 100644 .omnius/debug-library/runs/1783056506452-5ra6kv/events/turn-0025/2026-07-05T01-41-36-192Z-context-6208da175a.json
 create mode 100644 .omnius/debug-library/runs/1783056506452-5ra6kv/events/turn-0025/2026-07-05T02-04-42-188Z-context-acc76b65a7.json
 create mode 100644 .omnius/debug-library/runs/1783056506452-5ra6kv/events/turn-0025/2026-07-05T03-08-20-286Z-context-e09a5500cc.json
 create mode 100644 .omnius/debug-library/runs/1783056506452-5ra6kv/events/turn-0025/2026-07-05T04-15-58-844Z-context-76b2c174ae.json
 create mode 100644 .omnius/debug-library/runs/1783056506452-5ra6kv/events/turn-0025/2026-07-05T04-17-51-762Z-shell-5a3ca4b75f.json
 create mode 100644 .omnius/debug-library/runs/1783056506452-5ra6kv/events/turn-0025/2026-07-05T04-42-25-035Z-context-8ff23ea75b.json
 create mode 100644 .omnius/debug-library/runs/1783056506452-5ra6kv/events/turn-0025/2026-07-05T04-44-04-306Z-shell-877b5e79d5.json
 create mode 100644 .omnius/debug-library/runs/1783056506452-5ra6kv/events/turn-0025/2026-07-05T05-29-29-135Z-context-5e533abc87.json
 create mode 100644 .omnius/debug-library/runs/1783056506452-5ra6kv/events/turn-0025/2026-07-05T06-31-36-775Z-context-5f9e3a9e61.json
 create mode 100644 .omnius/debug-library/runs/1783056506452-5ra6kv/events/turn-0025/2026-07-05T06-35-03-136Z-shell-42c8d85be6.json
 create mode 100644 .omnius/debug-library/runs/1783056506452-5ra6kv/events/turn-0026/2026-07-03T05-48-09-781Z-context-f31075ed1f.json
 create mode 100644 .omnius/debug-library/runs/1783056506452-5ra6kv/events/turn-0026/2026-07-03T05-49-56-432Z-file_read-85751730e8.json
 create mode 100644 .omnius/debug-library/runs/1783056506452-5ra6kv/events/turn-0026/2026-07-05T00-49-00-271Z-context-468b31e5fa.json
 create mode 100644 .omnius/debug-library/runs/1783056506452-5ra6kv/events/turn-0026/2026-07-05T00-51-26-618Z-shell-42c8d85be6.json
 create mode 100644 .omnius/debug-library/runs/1783056506452-5ra6kv/events/turn-0026/2026-07-05T01-41-47-414Z-context-157829f468.json
 create mode 100644 .omnius/debug-library/runs/1783056506452-5ra6kv/events/turn-0026/2026-07-05T02-05-47-016Z-context-b5425d452c.json
 create mode 100644 .omnius/debug-library/runs/1783056506452-5ra6kv/events/turn-0026/2026-07-05T03-09-51-992Z-context-6f634f41ec.json
 create mode 100644 .omnius/debug-library/runs/1783056506452-5ra6kv/events/turn-0026/2026-07-05T04-16-46-656Z-context-4b7efe15ba.json
 create mode 100644 .omnius/debug-library/runs/1783056506452-5ra6kv/events/turn-0026/2026-07-05T04-18-29-781Z-file_edit-2ba53573ac.json
 create mode 100644 .omnius/debug-library/runs/1783056506452-5ra6kv/events/turn-0026/2026-07-05T04-43-21-944Z-context-0e4c407dab.json
 create mode 100644 .omnius/debug-library/runs/1783056506452-5ra6kv/events/turn-0026/2026-07-05T04-45-02-958Z-shell-f0a766d72a.json
 create mode 100644 .omnius/debug-library/runs/1783056506452-5ra6kv/events/turn-0026/2026-07-05T05-29-49-754Z-context-8b13ce2f31.json
 create mode 100644 .omnius/debug-library/runs/1783056506452-5ra6kv/events/turn-0026/2026-07-05T06-32-24-917Z-context-35dd33e137.json
 create mode 100644 .omnius/debug-library/runs/1783056506452-5ra6kv/events/turn-0026/2026-07-05T06-35-45-949Z-shell-bd249fe4a8.json
 create mode 100644 .omnius/debug-library/runs/1783056506452-5ra6kv/events/turn-0027/2026-07-03T05-48-58-927Z-context-df0ee546fa.json
 create mode 100644 .omnius/debug-library/runs/1783056506452-5ra6kv/events/turn-0027/2026-07-03T05-50-52-770Z-shell-5331b2380a.json
 create mode 100644 .omnius/debug-library/runs/1783056506452-5ra6kv/events/turn-0027/2026-07-05T00-50-10-493Z-context-a83f387dce.json
 create mode 100644 .omnius/debug-library/runs/1783056506452-5ra6kv/events/turn-0027/2026-07-05T00-52-45-589Z-file_read-1f2289e849.json
 create mode 100644 .omnius/debug-library/runs/1783056506452-5ra6kv/events/turn-0027/2026-07-05T01-41-58-190Z-context-ceb9b6fc5c.json
 create mode 100644 .omnius/debug-library/runs/1783056506452-5ra6kv/events/turn-0027/2026-07-05T02-06-51-959Z-context-13e6e12187.json
 create mode 100644 .omnius/debug-library/runs/1783056506452-5ra6kv/events/turn-0027/2026-07-05T03-11-25-482Z-context-2936e8faa7.json
 create mode 100644 .omnius/debug-library/runs/1783056506452-5ra6kv/events/turn-0027/2026-07-05T04-17-51-803Z-context-cd7c89db6d.json
 create mode 100644 .omnius/debug-library/runs/1783056506452-5ra6kv/events/turn-0027/2026-07-05T04-19-08-069Z-shell-564c12d694.json
 create mode 100644 .omnius/debug-library/runs/1783056506452-5ra6kv/events/turn-0027/2026-07-05T04-44-04-348Z-context-0225e409cc.json
 create mode 100644 .omnius/debug-library/runs/1783056506452-5ra6kv/events/turn-0027/2026-07-05T04-50-12-938Z-file_read-dd721357fc.json
 create mode 100644 .omnius/debug-library/runs/1783056506452-5ra6kv/events/turn-0027/2026-07-05T05-30-08-688Z-context-a420d2d0e0.json
 create mode 100644 .omnius/debug-library/runs/1783056506452-5ra6kv/events/turn-0027/2026-07-05T06-35-03-204Z-context-d61742932b.json
 create mode 100644 .omnius/debug-library/runs/1783056506452-5ra6kv/events/turn-0028/2026-07-03T05-49-56-448Z-context-04ea63db28.json
 create mode 100644 .omnius/debug-library/runs/1783056506452-5ra6kv/events/turn-0028/2026-07-03T05-51-48-230Z-file_read-87c2d2b3ea.json
 create mode 100644 .omnius/debug-library/runs/1783056506452-5ra6kv/events/turn-0028/2026-07-05T00-51-26-645Z-context-0a101d8d59.json
 create mode 100644 .omnius/debug-library/runs/1783056506452-5ra6kv/events/turn-0028/2026-07-05T00-54-02-208Z-file_read-b8866897a2.json
 create mode 100644 .omnius/debug-library/runs/1783056506452-5ra6kv/events/turn-0028/2026-07-05T01-42-10-570Z-context-2d7ef0bbf1.json
 create mode 100644 .omnius/debug-library/runs/1783056506452-5ra6kv/events/turn-0028/2026-07-05T02-07-16-909Z-context-48f43a9bb5.json
 create mode 100644 .omnius/debug-library/runs/1783056506452-5ra6kv/events/turn-0028/2026-07-05T03-13-04-474Z-context-cc756dc8ae.json
 create mode 100644 .omnius/debug-library/runs/1783056506452-5ra6kv/events/turn-0028/2026-07-05T04-18-29-794Z-context-40e6c10c8c.json
 create mode 100644 .omnius/debug-library/runs/1783056506452-5ra6kv/events/turn-0028/2026-07-05T04-45-02-999Z-context-05b1d1a42c.json
 create mode 100644 .omnius/debug-library/runs/1783056506452-5ra6kv/events/turn-0028/2026-07-05T05-30-39-257Z-context-ed8e53bcdd.json
 create mode 100644 .omnius/debug-library/runs/1783056506452-5ra6kv/events/turn-0028/2026-07-05T06-35-46-059Z-context-3bbf631f56.json
 create mode 100644 .omnius/debug-library/runs/1783056506452-5ra6kv/events/turn-0029/2026-07-03T05-50-52-784Z-context-3730780a89.json
 create mode 100644 .omnius/debug-library/runs/1783056506452-5ra6kv/events/turn-0029/2026-07-03T05-52-53-030Z-shell-3d7601cded.json
 create mode 100644 .omnius/debug-library/runs/1783056506452-5ra6kv/events/turn-0029/2026-07-05T00-52-45-619Z-context-1d3282d69a.json
 create mode 100644 .omnius/debug-library/runs/1783056506452-5ra6kv/events/turn-0029/2026-07-05T00-55-18-517Z-file_read-35bb9d4454.json
 create mode 100644 .omnius/debug-library/runs/1783056506452-5ra6kv/events/turn-0029/2026-07-05T01-42-21-399Z-context-0978c46a2e.json
 create mode 100644 .omnius/debug-library/runs/1783056506452-5ra6kv/events/turn-0029/2026-07-05T02-07-42-931Z-context-673b8f1f09.json
 create mode 100644 .omnius/debug-library/runs/1783056506452-5ra6kv/events/turn-0029/2026-07-05T03-14-36-315Z-context-1c74405d85.json
 create mode 100644 .omnius/debug-library/runs/1783056506452-5ra6kv/events/turn-0029/2026-07-05T04-19-08-110Z-context-221856a134.json
 create mode 100644 .omnius/debug-library/runs/1783056506452-5ra6kv/events/turn-0029/2026-07-05T04-49-34-631Z-context-ec8045daa1.json
 create mode 100644 .omnius/debug-library/runs/1783056506452-5ra6kv/events/turn-0029/2026-07-05T04-50-52-327Z-file_read-bbcbf017f9.json
 create mode 100644 .omnius/debug-library/runs/1783056506452-5ra6kv/events/turn-0029/2026-07-05T05-31-07-400Z-context-0d61718e42.json
 create mode 100644 .omnius/debug-library/runs/1783056506452-5ra6kv/events/turn-0029/2026-07-05T06-36-22-396Z-context-88e7cfe59e.json
 create mode 100644 .omnius/debug-library/runs/1783056506452-5ra6kv/events/turn-0030/2026-07-03T05-51-48-252Z-context-74980d3952.json
 create mode 100644 .omnius/debug-library/runs/1783056506452-5ra6kv/events/turn-0030/2026-07-03T05-53-57-309Z-file_edit-6bf4f323bd.json
 create mode 100644 .omnius/debug-library/runs/1783056506452-5ra6kv/events/turn-0030/2026-07-05T00-54-02-239Z-context-bbdc5cc002.json
 create mode 100644 .omnius/debug-library/runs/1783056506452-5ra6kv/events/turn-0030/2026-07-05T01-42-32-356Z-context-4412e93d59.json
 create mode 100644 .omnius/debug-library/runs/1783056506452-5ra6kv/events/turn-0030/2026-07-05T02-08-10-104Z-context-18b731fe8a.json
 create mode 100644 .omnius/debug-library/runs/1783056506452-5ra6kv/events/turn-0030/2026-07-05T03-16-40-419Z-context-cd81a53570.json
 create mode 100644 .omnius/debug-library/runs/1783056506452-5ra6kv/events/turn-0030/2026-07-05T04-50-12-957Z-context-975cdaa674.json
 create mode 100644 .omnius/debug-library/runs/1783056506452-5ra6kv/events/turn-0030/2026-07-05T04-51-46-488Z-file_patch-b84564ef8f.json
 create mode 100644 .omnius/debug-library/runs/1783056506452-5ra6kv/events/turn-0030/2026-07-05T05-31-29-591Z-context-d77c3eb8d8.json
 create mode 100644 .omnius/debug-library/runs/1783056506452-5ra6kv/events/turn-0030/2026-07-05T06-37-06-530Z-context-e0ffc0919d.json
 create mode 100644 .omnius/debug-library/runs/1783056506452-5ra6kv/events/turn-0031/2026-07-03T05-52-53-047Z-context-719d7e7b4f.json
 create mode 100644 .omnius/debug-library/runs/1783056506452-5ra6kv/events/turn-0031/2026-07-03T05-55-04-432Z-batch_edit-ee9b0bef3b.json
 create mode 100644 .omnius/debug-library/runs/1783056506452-5ra6kv/events/turn-0031/2026-07-05T00-55-18-545Z-context-763db4106f.json
 create mode 100644 .omnius/debug-library/runs/1783056506452-5ra6kv/events/turn-0031/2026-07-05T00-57-58-191Z-file_patch-1381614a3e.json
 create mode 100644 .omnius/debug-library/runs/1783056506452-5ra6kv/events/turn-0031/2026-07-05T01-42-43-636Z-context-2fad0109a0.json
 create mode 100644 .omnius/debug-library/runs/1783056506452-5ra6kv/events/turn-0031/2026-07-05T02-08-33-251Z-context-4b2f1fc279.json
 create mode 100644 .omnius/debug-library/runs/1783056506452-5ra6kv/events/turn-0031/2026-07-05T03-18-14-313Z-context-359cae54f8.json
 create mode 100644 .omnius/debug-library/runs/1783056506452-5ra6kv/events/turn-0031/2026-07-05T04-50-52-339Z-context-82e90718f3.json
 create mode 100644 .omnius/debug-library/runs/1783056506452-5ra6kv/events/turn-0031/2026-07-05T05-31-46-411Z-context-65cb9c538f.json
 create mode 100644 .omnius/debug-library/runs/1783056506452-5ra6kv/events/turn-0031/2026-07-05T06-37-59-276Z-context-be5b5c058f.json
 create mode 100644 .omnius/debug-library/runs/1783056506452-5ra6kv/events/turn-0031/2026-07-05T06-39-05-306Z-shell-650e051db8.json
 create mode 100644 .omnius/debug-library/runs/1783056506452-5ra6kv/events/turn-0032/2026-07-03T05-53-57-329Z-context-aac60b7e77.json
 create mode 100644 .omnius/debug-library/runs/1783056506452-5ra6kv/events/turn-0032/2026-07-03T05-56-10-251Z-file_edit-bc6b7291ed.json
 create mode 100644 .omnius/debug-library/runs/1783056506452-5ra6kv/events/turn-0032/2026-07-05T00-56-33-538Z-context-c9289ba0ae.json
 create mode 100644 .omnius/debug-library/runs/1783056506452-5ra6kv/events/turn-0032/2026-07-05T01-42-55-021Z-context-1e290ac20b.json
 create mode 100644 .omnius/debug-library/runs/1783056506452-5ra6kv/events/turn-0032/2026-07-05T02-08-59-491Z-context-a8e22e2295.json
 create mode 100644 .omnius/debug-library/runs/1783056506452-5ra6kv/events/turn-0032/2026-07-05T03-19-45-373Z-context-96015150ff.json
 create mode 100644 .omnius/debug-library/runs/1783056506452-5ra6kv/events/turn-0032/2026-07-05T04-51-46-555Z-context-c80c61b379.json
 create mode 100644 .omnius/debug-library/runs/1783056506452-5ra6kv/events/turn-0032/2026-07-05T05-32-16-366Z-context-f24e094e43.json
 create mode 100644 .omnius/debug-library/runs/1783056506452-5ra6kv/events/turn-0032/2026-07-05T06-38-35-956Z-context-722e226e22.json
 create mode 100644 .omnius/debug-library/runs/1783056506452-5ra6kv/events/turn-0033/2026-07-03T05-55-04-452Z-context-dc7ea5ce17.json
 create mode 100644 .omnius/debug-library/runs/1783056506452-5ra6kv/events/turn-0033/2026-07-03T05-57-14-876Z-file_edit-bc6b7291ed.json
 create mode 100644 .omnius/debug-library/runs/1783056506452-5ra6kv/events/turn-0033/2026-07-05T00-57-58-236Z-context-487b549621.json
 create mode 100644 .omnius/debug-library/runs/1783056506452-5ra6kv/events/turn-0033/2026-07-05T01-00-47-022Z-file_patch-1381614a3e.json
 create mode 100644 .omnius/debug-library/runs/1783056506452-5ra6kv/events/turn-0033/2026-07-05T01-43-06-396Z-context-84e7e7824e.json
 create mode 100644 .omnius/debug-library/runs/1783056506452-5ra6kv/events/turn-0033/2026-07-05T02-09-22-977Z-context-d605e2c8fa.json
 create mode 100644 .omnius/debug-library/runs/1783056506452-5ra6kv/events/turn-0033/2026-07-05T03-21-16-971Z-context-fb9430a730.json
 create mode 100644 .omnius/debug-library/runs/1783056506452-5ra6kv/events/turn-0033/2026-07-05T04-52-25-781Z-context-fb8b396bf8.json
 create mode 100644 .omnius/debug-library/runs/1783056506452-5ra6kv/events/turn-0033/2026-07-05T05-32-45-217Z-context-76c0564794.json
 create mode 100644 .omnius/debug-library/runs/1783056506452-5ra6kv/events/turn-0033/2026-07-05T06-39-05-378Z-context-b6f5f60fc5.json
 create mode 100644 .omnius/debug-library/runs/1783056506452-5ra6kv/events/turn-0034/2026-07-03T05-56-10-269Z-context-011808f19b.json
 create mode 100644 .omnius/debug-library/runs/1783056506452-5ra6kv/events/turn-0034/2026-07-05T00-59-22-816Z-context-e1c9022fea.json
 create mode 100644 .omnius/debug-library/runs/1783056506452-5ra6kv/events/turn-0034/2026-07-05T01-43-18-289Z-context-bd75427568.json
 create mode 100644 .omnius/debug-library/runs/1783056506452-5ra6kv/events/turn-0034/2026-07-05T02-09-49-628Z-context-076b9099b1.json
 create mode 100644 .omnius/debug-library/runs/1783056506452-5ra6kv/events/turn-0034/2026-07-05T03-23-10-935Z-context-965877c283.json
 create mode 100644 .omnius/debug-library/runs/1783056506452-5ra6kv/events/turn-0034/2026-07-05T04-53-04-865Z-context-57ccc2db08.json
 create mode 100644 .omnius/debug-library/runs/1783056506452-5ra6kv/events/turn-0034/2026-07-05T04-54-42-908Z-file_patch-ded62809cf.json
 create mode 100644 .omnius/debug-library/runs/1783056506452-5ra6kv/events/turn-0034/2026-07-05T05-33-41-619Z-context-952c3bc0fe.json
 create mode 100644 .omnius/debug-library/runs/1783056506452-5ra6kv/events/turn-0034/2026-07-05T06-39-46-277Z-context-43d30ec1dc.json
 create mode 100644 .omnius/debug-library/runs/1783056506452-5ra6kv/events/turn-0034/2026-07-05T06-40-57-334Z-shell-ca6e8472d1.json
 create mode 100644 .omnius/debug-library/runs/1783056506452-5ra6kv/events/turn-0035/2026-07-03T05-57-14-893Z-context-08163351a6.json
 create mode 100644 .omnius/debug-library/runs/1783056506452-5ra6kv/events/turn-0035/2026-07-03T05-59-31-529Z-batch_edit-51247c79b2.json
 create mode 100644 .omnius/debug-library/runs/1783056506452-5ra6kv/events/turn-0035/2026-07-05T01-00-47-052Z-context-ebde46e303.json
 create mode 100644 .omnius/debug-library/runs/1783056506452-5ra6kv/events/turn-0035/2026-07-05T01-02-13-237Z-shell-42c8d85be6.json
 create mode 100644 .omnius/debug-library/runs/1783056506452-5ra6kv/events/turn-0035/2026-07-05T01-43-30-385Z-context-5571f68b6f.json
 create mode 100644 .omnius/debug-library/runs/1783056506452-5ra6kv/events/turn-0035/2026-07-05T02-10-17-500Z-context-c2b21a5ab4.json
 create mode 100644 .omnius/debug-library/runs/1783056506452-5ra6kv/events/turn-0035/2026-07-05T03-24-46-993Z-context-fbe2d58e71.json
 create mode 100644 .omnius/debug-library/runs/1783056506452-5ra6kv/events/turn-0035/2026-07-05T04-53-52-965Z-context-106c5ed071.json
 create mode 100644 .omnius/debug-library/runs/1783056506452-5ra6kv/events/turn-0035/2026-07-05T05-34-39-515Z-context-f249f4941e.json
 create mode 100644 .omnius/debug-library/runs/1783056506452-5ra6kv/events/turn-0035/2026-07-05T06-40-17-548Z-context-76d32f22a0.json
 create mode 100644 .omnius/debug-library/runs/1783056506452-5ra6kv/events/turn-0036/2026-07-03T05-58-20-168Z-context-958eb9113c.json
 create mode 100644 .omnius/debug-library/runs/1783056506452-5ra6kv/events/turn-0036/2026-07-03T06-00-37-596Z-file_edit-603af27640.json
 create mode 100644 .omnius/debug-library/runs/1783056506452-5ra6kv/events/turn-0036/2026-07-05T01-01-29-510Z-context-493a60a87d.json
 create mode 100644 .omnius/debug-library/runs/1783056506452-5ra6kv/events/turn-0036/2026-07-05T01-43-42-610Z-context-b3efbec576.json
 create mode 100644 .omnius/debug-library/runs/1783056506452-5ra6kv/events/turn-0036/2026-07-05T02-10-41-755Z-context-b4c8978e04.json
 create mode 100644 .omnius/debug-library/runs/1783056506452-5ra6kv/events/turn-0036/2026-07-05T03-28-24-771Z-context-6968191f2f.json
 create mode 100644 .omnius/debug-library/runs/1783056506452-5ra6kv/events/turn-0036/2026-07-05T04-54-42-988Z-context-dfaf73a4a6.json
 create mode 100644 .omnius/debug-library/runs/1783056506452-5ra6kv/events/turn-0036/2026-07-05T04-56-11-404Z-shell-f0a766d72a.json
 create mode 100644 .omnius/debug-library/runs/1783056506452-5ra6kv/events/turn-0036/2026-07-05T05-35-33-124Z-context-c8824faf8d.json
 create mode 100644 .omnius/debug-library/runs/1783056506452-5ra6kv/events/turn-0036/2026-07-05T06-40-57-400Z-context-86a8b94dfa.json
 create mode 100644 .omnius/debug-library/runs/1783056506452-5ra6kv/events/turn-0037/2026-07-03T05-59-31-544Z-context-d40e8deb97.json
 create mode 100644 .omnius/debug-library/runs/1783056506452-5ra6kv/events/turn-0037/2026-07-03T06-01-53-288Z-file_edit-603af27640.json
 create mode 100644 .omnius/debug-library/runs/1783056506452-5ra6kv/events/turn-0037/2026-07-05T01-02-13-268Z-context-a4ab0df416.json
 create mode 100644 .omnius/debug-library/runs/1783056506452-5ra6kv/events/turn-0037/2026-07-05T01-43-55-497Z-context-f54e78add9.json
 create mode 100644 .omnius/debug-library/runs/1783056506452-5ra6kv/events/turn-0037/2026-07-05T02-11-06-042Z-context-22fd98643d.json
 create mode 100644 .omnius/debug-library/runs/1783056506452-5ra6kv/events/turn-0037/2026-07-05T03-32-01-638Z-context-3317307f26.json
 create mode 100644 .omnius/debug-library/runs/1783056506452-5ra6kv/events/turn-0037/2026-07-05T04-55-25-563Z-context-dee10cf04e.json
 create mode 100644 .omnius/debug-library/runs/1783056506452-5ra6kv/events/turn-0037/2026-07-05T05-36-27-217Z-context-c97c434c85.json
 create mode 100644 .omnius/debug-library/runs/1783056506452-5ra6kv/events/turn-0037/2026-07-05T06-42-14-585Z-context-573080bab0.json
 create mode 100644 .omnius/debug-library/runs/1783056506452-5ra6kv/events/turn-0038/2026-07-03T06-00-37-612Z-context-75b532b491.json
 create mode 100644 .omnius/debug-library/runs/1783056506452-5ra6kv/events/turn-0038/2026-07-05T01-02-57-382Z-context-9f9f912916.json
 create mode 100644 .omnius/debug-library/runs/1783056506452-5ra6kv/events/turn-0038/2026-07-05T01-04-24-716Z-file_patch-340f88c3f1.json
 create mode 100644 .omnius/debug-library/runs/1783056506452-5ra6kv/events/turn-0038/2026-07-05T01-44-08-113Z-context-a0e5bfa7cd.json
 create mode 100644 .omnius/debug-library/runs/1783056506452-5ra6kv/events/turn-0038/2026-07-05T02-11-33-113Z-context-3a011e2482.json
 create mode 100644 .omnius/debug-library/runs/1783056506452-5ra6kv/events/turn-0038/2026-07-05T03-35-41-478Z-context-c674514ec3.json
 create mode 100644 .omnius/debug-library/runs/1783056506452-5ra6kv/events/turn-0038/2026-07-05T04-56-11-421Z-context-4816d1b0f5.json
 create mode 100644 .omnius/debug-library/runs/1783056506452-5ra6kv/events/turn-0038/2026-07-05T04-57-37-835Z-file_patch-e2b90cf230.json
 create mode 100644 .omnius/debug-library/runs/1783056506452-5ra6kv/events/turn-0038/2026-07-05T05-37-21-782Z-context-481c757d8b.json
 create mode 100644 .omnius/debug-library/runs/1783056506452-5ra6kv/events/turn-0038/2026-07-05T06-42-53-674Z-context-23380c0ace.json
 create mode 100644 .omnius/debug-library/runs/1783056506452-5ra6kv/events/turn-0039/2026-07-03T06-01-53-304Z-context-7e32e800d1.json
 create mode 100644 .omnius/debug-library/runs/1783056506452-5ra6kv/events/turn-0039/2026-07-05T01-03-37-541Z-context-46dff2bdff.json
 create mode 100644 .omnius/debug-library/runs/1783056506452-5ra6kv/events/turn-0039/2026-07-05T01-05-10-640Z-file_patch-340f88c3f1.json
 create mode 100644 .omnius/debug-library/runs/1783056506452-5ra6kv/events/turn-0039/2026-07-05T01-44-20-791Z-context-c5a7d93dcf.json
 create mode 100644 .omnius/debug-library/runs/1783056506452-5ra6kv/events/turn-0039/2026-07-05T02-11-59-554Z-context-06ca83784c.json
 create mode 100644 .omnius/debug-library/runs/1783056506452-5ra6kv/events/turn-0039/2026-07-05T04-56-53-787Z-context-289991e5c9.json
 create mode 100644 .omnius/debug-library/runs/1783056506452-5ra6kv/events/turn-0039/2026-07-05T05-38-20-870Z-context-13f94f60b6.json
 create mode 100644 .omnius/debug-library/runs/1783056506452-5ra6kv/events/turn-0039/2026-07-05T06-43-37-679Z-context-e637c4f418.json
 create mode 100644 .omnius/debug-library/runs/1783056506452-5ra6kv/events/turn-0040/2026-07-03T06-03-02-829Z-context-d5891526f7.json
 create mode 100644 .omnius/debug-library/runs/1783056506452-5ra6kv/events/turn-0040/2026-07-05T01-04-24-764Z-context-f6f6cb8c56.json
 create mode 100644 .omnius/debug-library/runs/1783056506452-5ra6kv/events/turn-0040/2026-07-05T01-44-34-086Z-context-2be6af6e41.json
 create mode 100644 .omnius/debug-library/runs/1783056506452-5ra6kv/events/turn-0040/2026-07-05T02-12-26-805Z-context-88e827bc59.json
 create mode 100644 .omnius/debug-library/runs/1783056506452-5ra6kv/events/turn-0040/2026-07-05T04-57-37-912Z-context-2555cbb6d9.json
 create mode 100644 .omnius/debug-library/runs/1783056506452-5ra6kv/events/turn-0040/2026-07-05T05-39-15-642Z-context-de8c816897.json
 create mode 100644 .omnius/debug-library/runs/1783056506452-5ra6kv/events/turn-0040/2026-07-05T06-44-23-200Z-context-66ba2f8bc1.json
 create mode 100644 .omnius/debug-library/runs/1783056506452-5ra6kv/events/turn-0040/2026-07-05T06-46-20-875Z-shell-763c848842.json
 create mode 100644 .omnius/debug-library/runs/1783056506452-5ra6kv/events/turn-0041/2026-07-03T06-04-12-221Z-context-179d1839e9.json
 create mode 100644 .omnius/debug-library/runs/1783056506452-5ra6kv/events/turn-0041/2026-07-03T06-06-59-172Z-file_edit-9b1399a2cf.json
 create mode 100644 .omnius/debug-library/runs/1783056506452-5ra6kv/events/turn-0041/2026-07-05T01-05-10-671Z-context-3d1fe99da7.json
 create mode 100644 .omnius/debug-library/runs/1783056506452-5ra6kv/events/turn-0041/2026-07-05T01-06-37-356Z-shell-42c8d85be6.json
 create mode 100644 .omnius/debug-library/runs/1783056506452-5ra6kv/events/turn-0041/2026-07-05T01-44-47-182Z-context-0432ac8388.json
 create mode 100644 .omnius/debug-library/runs/1783056506452-5ra6kv/events/turn-0041/2026-07-05T02-12-53-772Z-context-0f27040f3a.json
 create mode 100644 .omnius/debug-library/runs/1783056506452-5ra6kv/events/turn-0041/2026-07-05T04-58-18-832Z-context-68139490df.json
 create mode 100644 .omnius/debug-library/runs/1783056506452-5ra6kv/events/turn-0041/2026-07-05T04-59-24-653Z-shell-4552fa3a9f.json
 create mode 100644 .omnius/debug-library/runs/1783056506452-5ra6kv/events/turn-0041/2026-07-05T05-40-09-769Z-context-d959137ed5.json
 create mode 100644 .omnius/debug-library/runs/1783056506452-5ra6kv/events/turn-0041/2026-07-05T06-45-30-644Z-context-c6f373cf0e.json
 create mode 100644 .omnius/debug-library/runs/1783056506452-5ra6kv/events/turn-0041/2026-07-05T06-47-01-843Z-file_read-5dcb4baf28.json
 create mode 100644 .omnius/debug-library/runs/1783056506452-5ra6kv/events/turn-0042/2026-07-03T06-05-47-671Z-context-345cabf31a.json
 create mode 100644 .omnius/debug-library/runs/1783056506452-5ra6kv/events/turn-0042/2026-07-03T06-08-12-758Z-file_edit-9b1399a2cf.json
 create mode 100644 .omnius/debug-library/runs/1783056506452-5ra6kv/events/turn-0042/2026-07-05T01-05-53-398Z-context-4ebdbad9d7.json
 create mode 100644 .omnius/debug-library/runs/1783056506452-5ra6kv/events/turn-0042/2026-07-05T01-07-25-788Z-file_read-9923f28d98.json
 create mode 100644 .omnius/debug-library/runs/1783056506452-5ra6kv/events/turn-0042/2026-07-05T01-45-00-423Z-context-5f1d54eac8.json
 create mode 100644 .omnius/debug-library/runs/1783056506452-5ra6kv/events/turn-0042/2026-07-05T02-14-17-565Z-context-52ae754f92.json
 create mode 100644 .omnius/debug-library/runs/1783056506452-5ra6kv/events/turn-0042/2026-07-05T04-58-39-474Z-context-8b6db40e32.json
 create mode 100644 .omnius/debug-library/runs/1783056506452-5ra6kv/events/turn-0042/2026-07-05T05-00-07-849Z-shell-526673a9bc.json
 create mode 100644 .omnius/debug-library/runs/1783056506452-5ra6kv/events/turn-0042/2026-07-05T05-41-02-067Z-context-575426bce0.json
 create mode 100644 .omnius/debug-library/runs/1783056506452-5ra6kv/events/turn-0042/2026-07-05T06-46-20-899Z-context-89e7766bd2.json
 create mode 100644 .omnius/debug-library/runs/1783056506452-5ra6kv/events/turn-0043/2026-07-03T06-06-59-201Z-context-56a14ffdac.json
 create mode 100644 .omnius/debug-library/runs/1783056506452-5ra6kv/events/turn-0043/2026-07-03T06-09-25-134Z-file_edit-aaa62fa8ef.json
 create mode 100644 .omnius/debug-library/runs/1783056506452-5ra6kv/events/turn-0043/2026-07-05T01-06-37-388Z-context-ab394974be.json
 create mode 100644 .omnius/debug-library/runs/1783056506452-5ra6kv/events/turn-0043/2026-07-05T01-08-15-154Z-file_patch-9b7643480b.json
 create mode 100644 .omnius/debug-library/runs/1783056506452-5ra6kv/events/turn-0043/2026-07-05T01-45-13-998Z-context-25a91fe0b0.json
 create mode 100644 .omnius/debug-library/runs/1783056506452-5ra6kv/events/turn-0043/2026-07-05T02-15-41-740Z-context-a7b7ab4553.json
 create mode 100644 .omnius/debug-library/runs/1783056506452-5ra6kv/events/turn-0043/2026-07-05T04-59-24-697Z-context-830d481b9d.json
 create mode 100644 .omnius/debug-library/runs/1783056506452-5ra6kv/events/turn-0043/2026-07-05T05-00-51-778Z-shell-f0a766d72a.json
 create mode 100644 .omnius/debug-library/runs/1783056506452-5ra6kv/events/turn-0043/2026-07-05T05-42-01-078Z-context-0522546226.json
 create mode 100644 .omnius/debug-library/runs/1783056506452-5ra6kv/events/turn-0043/2026-07-05T06-47-01-857Z-context-9e6bebd794.json
 create mode 100644 .omnius/debug-library/runs/1783056506452-5ra6kv/events/turn-0043/2026-07-05T06-48-40-725Z-file_edit-073e3c5b27.json
 create mode 100644 .omnius/debug-library/runs/1783056506452-5ra6kv/events/turn-0044/2026-07-03T06-08-12-790Z-context-6201fbb36b.json
 create mode 100644 .omnius/debug-library/runs/1783056506452-5ra6kv/events/turn-0044/2026-07-05T01-07-25-844Z-context-0569a750f9.json
 create mode 100644 .omnius/debug-library/runs/1783056506452-5ra6kv/events/turn-0044/2026-07-05T01-09-03-650Z-file_read-7336caff32.json
 create mode 100644 .omnius/debug-library/runs/1783056506452-5ra6kv/events/turn-0044/2026-07-05T01-45-28-649Z-context-60d18f873d.json
 create mode 100644 .omnius/debug-library/runs/1783056506452-5ra6kv/events/turn-0044/2026-07-05T02-17-18-522Z-context-5cb231bf02.json
 create mode 100644 .omnius/debug-library/runs/1783056506452-5ra6kv/events/turn-0044/2026-07-05T05-00-07-936Z-context-5fe7128b31.json
 create mode 100644 .omnius/debug-library/runs/1783056506452-5ra6kv/events/turn-0044/2026-07-05T05-01-37-587Z-file_read-bbcbf017f9.json
 create mode 100644 .omnius/debug-library/runs/1783056506452-5ra6kv/events/turn-0044/2026-07-05T05-43-04-653Z-context-8025eef4ba.json
 create mode 100644 .omnius/debug-library/runs/1783056506452-5ra6kv/events/turn-0044/2026-07-05T06-47-48-605Z-context-0fd72de50e.json
 create mode 100644 .omnius/debug-library/runs/1783056506452-5ra6kv/events/turn-0044/2026-07-05T06-49-26-746Z-shell-8dbf4de7ab.json
 create mode 100644 .omnius/debug-library/runs/1783056506452-5ra6kv/events/turn-0045/2026-07-03T06-09-25-151Z-context-13b5d1c7b1.json
 create mode 100644 .omnius/debug-library/runs/1783056506452-5ra6kv/events/turn-0045/2026-07-03T06-11-56-127Z-file_patch-df791d68b7.json
 create mode 100644 .omnius/debug-library/runs/1783056506452-5ra6kv/events/turn-0045/2026-07-05T01-08-15-197Z-context-6d70490757.json
 create mode 100644 .omnius/debug-library/runs/1783056506452-5ra6kv/events/turn-0045/2026-07-05T01-45-42-406Z-context-4795be72df.json
 create mode 100644 .omnius/debug-library/runs/1783056506452-5ra6kv/events/turn-0045/2026-07-05T02-17-36-911Z-context-566f09d6a3.json
 create mode 100644 .omnius/debug-library/runs/1783056506452-5ra6kv/events/turn-0045/2026-07-05T05-00-51-796Z-context-2a829bdcc7.json
 create mode 100644 .omnius/debug-library/runs/1783056506452-5ra6kv/events/turn-0045/2026-07-05T05-02-29-272Z-file_patch-27c073ef6b.json
 create mode 100644 .omnius/debug-library/runs/1783056506452-5ra6kv/events/turn-0045/2026-07-05T05-43-57-249Z-context-f3580b3aec.json
 create mode 100644 .omnius/debug-library/runs/1783056506452-5ra6kv/events/turn-0045/2026-07-05T06-48-40-739Z-context-7d1533d7db.json
 create mode 100644 .omnius/debug-library/runs/1783056506452-5ra6kv/events/turn-0046/2026-07-03T06-10-38-749Z-context-2f5cc096c0.json
 create mode 100644 .omnius/debug-library/runs/1783056506452-5ra6kv/events/turn-0046/2026-07-03T06-13-25-432Z-file_edit-0fe51521c0.json
 create mode 100644 .omnius/debug-library/runs/1783056506452-5ra6kv/events/turn-0046/2026-07-05T01-09-03-700Z-context-5f30e39bdc.json
 create mode 100644 .omnius/debug-library/runs/1783056506452-5ra6kv/events/turn-0046/2026-07-05T01-45-56-323Z-context-f8acf66abf.json
 create mode 100644 .omnius/debug-library/runs/1783056506452-5ra6kv/events/turn-0046/2026-07-05T02-18-06-093Z-context-2f38924706.json
 create mode 100644 .omnius/debug-library/runs/1783056506452-5ra6kv/events/turn-0046/2026-07-05T05-01-37-604Z-context-86d49de4f7.json
 create mode 100644 .omnius/debug-library/runs/1783056506452-5ra6kv/events/turn-0046/2026-07-05T05-45-14-011Z-context-c201f69299.json
 create mode 100644 .omnius/debug-library/runs/1783056506452-5ra6kv/events/turn-0046/2026-07-05T06-49-26-760Z-context-5cb660ed7f.json
 create mode 100644 .omnius/debug-library/runs/1783056506452-5ra6kv/events/turn-0047/2026-07-03T06-11-56-145Z-context-2e2e42295c.json
 create mode 100644 .omnius/debug-library/runs/1783056506452-5ra6kv/events/turn-0047/2026-07-03T06-15-02-132Z-file_write-4a21e22921.json
 create mode 100644 .omnius/debug-library/runs/1783056506452-5ra6kv/events/turn-0047/2026-07-05T01-09-56-536Z-context-73c97c6268.json
 create mode 100644 .omnius/debug-library/runs/1783056506452-5ra6kv/events/turn-0047/2026-07-05T01-46-11-464Z-context-43a672999d.json
 create mode 100644 .omnius/debug-library/runs/1783056506452-5ra6kv/events/turn-0047/2026-07-05T02-18-35-031Z-context-90a1fec0c5.json
 create mode 100644 .omnius/debug-library/runs/1783056506452-5ra6kv/events/turn-0047/2026-07-05T05-02-29-345Z-context-a8fae37807.json
 create mode 100644 .omnius/debug-library/runs/1783056506452-5ra6kv/events/turn-0047/2026-07-05T05-46-15-244Z-context-38e8d3f1c8.json
 create mode 100644 .omnius/debug-library/runs/1783056506452-5ra6kv/events/turn-0047/2026-07-05T06-53-55-451Z-context-fd90b919a0.json
 create mode 100644 .omnius/debug-library/runs/1783056506452-5ra6kv/events/turn-0047/2026-07-05T06-55-29-924Z-shell-65cb823a3f.json
 create mode 100644 .omnius/debug-library/runs/1783056506452-5ra6kv/events/turn-0048/2026-07-03T06-13-25-455Z-context-e2f3a79233.json
 create mode 100644 .omnius/debug-library/runs/1783056506452-5ra6kv/events/turn-0048/2026-07-05T01-14-17-283Z-context-91d0857f59.json
 create mode 100644 .omnius/debug-library/runs/1783056506452-5ra6kv/events/turn-0048/2026-07-05T01-16-31-174Z-file_read-7336caff32.json
 create mode 100644 .omnius/debug-library/runs/1783056506452-5ra6kv/events/turn-0048/2026-07-05T01-46-25-832Z-context-55d7605352.json
 create mode 100644 .omnius/debug-library/runs/1783056506452-5ra6kv/events/turn-0048/2026-07-05T02-19-03-787Z-context-7fb27503a4.json
 create mode 100644 .omnius/debug-library/runs/1783056506452-5ra6kv/events/turn-0048/2026-07-05T05-03-16-360Z-context-3d555b7829.json
 create mode 100644 .omnius/debug-library/runs/1783056506452-5ra6kv/events/turn-0048/2026-07-05T05-47-20-703Z-context-c7cbab9ffc.json
 create mode 100644 .omnius/debug-library/runs/1783056506452-5ra6kv/events/turn-0048/2026-07-05T06-54-46-533Z-context-2bbae040a7.json
 create mode 100644 .omnius/debug-library/runs/1783056506452-5ra6kv/events/turn-0048/2026-07-05T06-56-15-832Z-shell-4c6ba3e67e.json
 create mode 100644 .omnius/debug-library/runs/1783056506452-5ra6kv/events/turn-0049/2026-07-03T06-15-02-152Z-context-5acfbf1ba6.json
 create mode 100644 .omnius/debug-library/runs/1783056506452-5ra6kv/events/turn-0049/2026-07-05T01-15-27-985Z-context-737aa65de9.json
 create mode 100644 .omnius/debug-library/runs/1783056506452-5ra6kv/events/turn-0049/2026-07-05T01-17-23-243Z-file_read-9923f28d98.json
 create mode 100644 .omnius/debug-library/runs/1783056506452-5ra6kv/events/turn-0049/2026-07-05T01-46-40-319Z-context-2b61b7a89f.json
 create mode 100644 .omnius/debug-library/runs/1783056506452-5ra6kv/events/turn-0049/2026-07-05T02-19-33-662Z-context-d145573f51.json
 create mode 100644 .omnius/debug-library/runs/1783056506452-5ra6kv/events/turn-0049/2026-07-05T05-04-05-490Z-context-9f1b0ea14e.json
 create mode 100644 .omnius/debug-library/runs/1783056506452-5ra6kv/events/turn-0049/2026-07-05T05-50-20-057Z-context-a8877306d5.json
 create mode 100644 .omnius/debug-library/runs/1783056506452-5ra6kv/events/turn-0049/2026-07-05T06-55-29-939Z-context-a2c61789fb.json
 create mode 100644 .omnius/debug-library/runs/1783056506452-5ra6kv/events/turn-0049/2026-07-05T06-56-59-889Z-file_read-e6261add09.json
 create mode 100644 .omnius/debug-library/runs/1783056506452-5ra6kv/events/turn-0050/2026-07-03T06-16-38-833Z-context-3d4f4287be.json
 create mode 100644 .omnius/debug-library/runs/1783056506452-5ra6kv/events/turn-0050/2026-07-03T06-19-37-381Z-file_write-9a5f6ec32b.json
 create mode 100644 .omnius/debug-library/runs/1783056506452-5ra6kv/events/turn-0050/2026-07-05T01-16-31-273Z-context-bc5b788231.json
 create mode 100644 .omnius/debug-library/runs/1783056506452-5ra6kv/events/turn-0050/2026-07-05T01-46-55-256Z-context-3aafcb0c14.json
 create mode 100644 .omnius/debug-library/runs/1783056506452-5ra6kv/events/turn-0050/2026-07-05T02-20-06-997Z-context-6f97ca82f4.json
 create mode 100644 .omnius/debug-library/runs/1783056506452-5ra6kv/events/turn-0050/2026-07-05T05-05-11-200Z-context-8ceb7543ff.json
 create mode 100644 .omnius/debug-library/runs/1783056506452-5ra6kv/events/turn-0050/2026-07-05T05-51-18-535Z-context-b6c4858960.json
 create mode 100644 .omnius/debug-library/runs/1783056506452-5ra6kv/events/turn-0050/2026-07-05T06-56-15-855Z-context-8f0ffc5b87.json
 create mode 100644 .omnius/debug-library/runs/1783056506452-5ra6kv/events/turn-0050/2026-07-05T06-57-43-944Z-file_read-e6261add09.json
 create mode 100644 .omnius/debug-library/runs/1783056506452-5ra6kv/events/turn-0051/2026-07-03T06-18-01-795Z-context-73045f522d.json
 create mode 100644 .omnius/debug-library/runs/1783056506452-5ra6kv/events/turn-0051/2026-07-03T06-21-08-173Z-shell-65f7a7aa8d.json
 create mode 100644 .omnius/debug-library/runs/1783056506452-5ra6kv/events/turn-0051/2026-07-05T01-17-23-257Z-context-ceccdcb762.json
 create mode 100644 .omnius/debug-library/runs/1783056506452-5ra6kv/events/turn-0051/2026-07-05T01-19-08-070Z-file_read-7273904c60.json
 create mode 100644 .omnius/debug-library/runs/1783056506452-5ra6kv/events/turn-0051/2026-07-05T01-19-08-518Z-file_read-9923f28d98.json
 create mode 100644 .omnius/debug-library/runs/1783056506452-5ra6kv/events/turn-0051/2026-07-05T01-47-10-103Z-context-9c34eb4b2a.json
 create mode 100644 .omnius/debug-library/runs/1783056506452-5ra6kv/events/turn-0051/2026-07-05T02-21-15-798Z-context-34bde11f75.json
 create mode 100644 .omnius/debug-library/runs/1783056506452-5ra6kv/events/turn-0051/2026-07-05T05-06-15-609Z-context-83160da122.json
 create mode 100644 .omnius/debug-library/runs/1783056506452-5ra6kv/events/turn-0051/2026-07-05T05-08-14-753Z-file_read-bbcbf017f9.json
 create mode 100644 .omnius/debug-library/runs/1783056506452-5ra6kv/events/turn-0051/2026-07-05T05-52-17-586Z-context-238f7a1f06.json
 create mode 100644 .omnius/debug-library/runs/1783056506452-5ra6kv/events/turn-0051/2026-07-05T06-56-59-904Z-context-3a63ce3f0c.json
 create mode 100644 .omnius/debug-library/runs/1783056506452-5ra6kv/events/turn-0051/2026-07-05T06-58-28-505Z-file_read-e6261add09.json
 create mode 100644 .omnius/debug-library/runs/1783056506452-5ra6kv/events/turn-0052/2026-07-03T06-19-37-406Z-context-eac73e4560.json
 create mode 100644 .omnius/debug-library/runs/1783056506452-5ra6kv/events/turn-0052/2026-07-03T06-22-43-883Z-file_edit-7b95542013.json
 create mode 100644 .omnius/debug-library/runs/1783056506452-5ra6kv/events/turn-0052/2026-07-05T01-18-21-389Z-context-726465adba.json
 create mode 100644 .omnius/debug-library/runs/1783056506452-5ra6kv/events/turn-0052/2026-07-05T01-20-12-437Z-file_read-9923f28d98.json
 create mode 100644 .omnius/debug-library/runs/1783056506452-5ra6kv/events/turn-0052/2026-07-05T01-47-25-411Z-context-22fa745c1e.json
 create mode 100644 .omnius/debug-library/runs/1783056506452-5ra6kv/events/turn-0052/2026-07-05T02-22-27-219Z-context-541a487f2a.json
 create mode 100644 .omnius/debug-library/runs/1783056506452-5ra6kv/events/turn-0052/2026-07-05T05-07-12-998Z-context-c7a868d7df.json
 create mode 100644 .omnius/debug-library/runs/1783056506452-5ra6kv/events/turn-0052/2026-07-05T05-09-17-269Z-file_patch-03cf3c5e7a.json
 create mode 100644 .omnius/debug-library/runs/1783056506452-5ra6kv/events/turn-0052/2026-07-05T05-53-13-256Z-context-29009fac34.json
 create mode 100644 .omnius/debug-library/runs/1783056506452-5ra6kv/events/turn-0052/2026-07-05T06-57-43-961Z-context-e2a98e41ab.json
 create mode 100644 .omnius/debug-library/runs/1783056506452-5ra6kv/events/turn-0053/2026-07-03T06-21-08-196Z-context-7324112aae.json
 create mode 100644 .omnius/debug-library/runs/1783056506452-5ra6kv/events/turn-0053/2026-07-03T06-24-14-189Z-file_read-d40707ed4f.json
 create mode 100644 .omnius/debug-library/runs/1783056506452-5ra6kv/events/turn-0053/2026-07-05T01-19-10-094Z-context-c3ddcc6a05.json
 create mode 100644 .omnius/debug-library/runs/1783056506452-5ra6kv/events/turn-0053/2026-07-05T01-21-11-424Z-file_read-9923f28d98.json
 create mode 100644 .omnius/debug-library/runs/1783056506452-5ra6kv/events/turn-0053/2026-07-05T01-47-41-153Z-context-754ef89d0b.json
 create mode 100644 .omnius/debug-library/runs/1783056506452-5ra6kv/events/turn-0053/2026-07-05T02-23-36-692Z-context-592b4f8a12.json
 create mode 100644 .omnius/debug-library/runs/1783056506452-5ra6kv/events/turn-0053/2026-07-05T05-08-14-766Z-context-ad0fe46227.json
 create mode 100644 .omnius/debug-library/runs/1783056506452-5ra6kv/events/turn-0053/2026-07-05T05-54-09-160Z-context-9520f7c7d9.json
 create mode 100644 .omnius/debug-library/runs/1783056506452-5ra6kv/events/turn-0053/2026-07-05T06-58-28-521Z-context-a4d7c7d522.json
 create mode 100644 .omnius/debug-library/runs/1783056506452-5ra6kv/events/turn-0054/2026-07-03T06-22-43-905Z-context-3bf0375475.json
 create mode 100644 .omnius/debug-library/runs/1783056506452-5ra6kv/events/turn-0054/2026-07-03T06-25-42-450Z-file_edit-1b3c725cb8.json
 create mode 100644 .omnius/debug-library/runs/1783056506452-5ra6kv/events/turn-0054/2026-07-05T01-20-12-451Z-context-4376abec65.json
 create mode 100644 .omnius/debug-library/runs/1783056506452-5ra6kv/events/turn-0054/2026-07-05T01-22-11-273Z-file_read-9923f28d98.json
 create mode 100644 .omnius/debug-library/runs/1783056506452-5ra6kv/events/turn-0054/2026-07-05T01-22-11-730Z-file_read-0b831d17dc.json
 create mode 100644 .omnius/debug-library/runs/1783056506452-5ra6kv/events/turn-0054/2026-07-05T01-47-58-161Z-context-37bff95533.json
 create mode 100644 .omnius/debug-library/runs/1783056506452-5ra6kv/events/turn-0054/2026-07-05T02-24-51-656Z-context-829c37debf.json
 create mode 100644 .omnius/debug-library/runs/1783056506452-5ra6kv/events/turn-0054/2026-07-05T05-09-17-352Z-context-70287816ad.json
 create mode 100644 .omnius/debug-library/runs/1783056506452-5ra6kv/events/turn-0054/2026-07-05T05-55-08-967Z-context-bd7eb54b9c.json
 create mode 100644 .omnius/debug-library/runs/1783056506452-5ra6kv/events/turn-0054/2026-07-05T06-59-13-320Z-context-7e91d739e2.json
 create mode 100644 .omnius/debug-library/runs/1783056506452-5ra6kv/events/turn-0055/2026-07-03T06-24-14-213Z-context-40115acbea.json
 create mode 100644 .omnius/debug-library/runs/1783056506452-5ra6kv/events/turn-0055/2026-07-03T06-27-09-557Z-file_edit-1b3c725cb8.json
 create mode 100644 .omnius/debug-library/runs/1783056506452-5ra6kv/events/turn-0055/2026-07-05T01-21-11-438Z-context-58d4c95701.json
 create mode 100644 .omnius/debug-library/runs/1783056506452-5ra6kv/events/turn-0055/2026-07-05T01-23-11-057Z-file_read-9923f28d98.json
 create mode 100644 .omnius/debug-library/runs/1783056506452-5ra6kv/events/turn-0055/2026-07-05T01-48-15-496Z-context-cf645dde91.json
 create mode 100644 .omnius/debug-library/runs/1783056506452-5ra6kv/events/turn-0055/2026-07-05T02-26-06-495Z-context-069e895559.json
 create mode 100644 .omnius/debug-library/runs/1783056506452-5ra6kv/events/turn-0055/2026-07-05T05-10-02-581Z-context-9851d9dc26.json
 create mode 100644 .omnius/debug-library/runs/1783056506452-5ra6kv/events/turn-0055/2026-07-05T05-10-43-726Z-file_patch-cf3a3f0e46.json
 create mode 100644 .omnius/debug-library/runs/1783056506452-5ra6kv/events/turn-0055/2026-07-05T05-56-06-019Z-context-843378205b.json
 create mode 100644 .omnius/debug-library/runs/1783056506452-5ra6kv/events/turn-0055/2026-07-05T06-59-57-641Z-context-b6f1b798e2.json
 create mode 100644 .omnius/debug-library/runs/1783056506452-5ra6kv/events/turn-0056/2026-07-03T06-25-42-479Z-context-2e1605508f.json
 create mode 100644 .omnius/debug-library/runs/1783056506452-5ra6kv/events/turn-0056/2026-07-05T01-22-12-809Z-context-c79840e982.json
 create mode 100644 .omnius/debug-library/runs/1783056506452-5ra6kv/events/turn-0056/2026-07-05T01-48-32-243Z-context-b5eb84459e.json
 create mode 100644 .omnius/debug-library/runs/1783056506452-5ra6kv/events/turn-0056/2026-07-05T02-27-24-422Z-context-cf6e42cd75.json
 create mode 100644 .omnius/debug-library/runs/1783056506452-5ra6kv/events/turn-0056/2026-07-05T05-10-12-223Z-context-aeacf32a29.json
 create mode 100644 .omnius/debug-library/runs/1783056506452-5ra6kv/events/turn-0056/2026-07-05T05-57-06-850Z-context-9a24bf3b5e.json
 create mode 100644 .omnius/debug-library/runs/1783056506452-5ra6kv/events/turn-0056/2026-07-05T07-00-41-978Z-context-8783a1cc98.json
 create mode 100644 .omnius/debug-library/runs/1783056506452-5ra6kv/events/turn-0057/2026-07-03T06-27-09-582Z-context-d2eec26a00.json
 create mode 100644 .omnius/debug-library/runs/1783056506452-5ra6kv/events/turn-0057/2026-07-05T01-23-11-071Z-context-66e095f389.json
 create mode 100644 .omnius/debug-library/runs/1783056506452-5ra6kv/events/turn-0057/2026-07-05T01-25-14-984Z-shell-42c8d85be6.json
 create mode 100644 .omnius/debug-library/runs/1783056506452-5ra6kv/events/turn-0057/2026-07-05T01-48-48-481Z-context-d270615643.json
 create mode 100644 .omnius/debug-library/runs/1783056506452-5ra6kv/events/turn-0057/2026-07-05T02-28-42-751Z-context-a9d698adce.json
 create mode 100644 .omnius/debug-library/runs/1783056506452-5ra6kv/events/turn-0057/2026-07-05T05-10-43-811Z-context-acbb4f446c.json
 create mode 100644 .omnius/debug-library/runs/1783056506452-5ra6kv/events/turn-0057/2026-07-05T05-11-45-375Z-file_patch-50e80d9d7a.json
 create mode 100644 .omnius/debug-library/runs/1783056506452-5ra6kv/events/turn-0057/2026-07-05T05-57-18-055Z-context-1f3d31bdda.json
 create mode 100644 .omnius/debug-library/runs/1783056506452-5ra6kv/events/turn-0057/2026-07-05T07-01-26-629Z-context-196b0aa43b.json
 create mode 100644 .omnius/debug-library/runs/1783056506452-5ra6kv/events/turn-0058/2026-07-05T01-24-21-333Z-context-0a5d8f11e9.json
 create mode 100644 .omnius/debug-library/runs/1783056506452-5ra6kv/events/turn-0058/2026-07-05T01-26-07-016Z-file_patch-609a8b9d10.json
 create mode 100644 .omnius/debug-library/runs/1783056506452-5ra6kv/events/turn-0058/2026-07-05T01-49-04-816Z-context-453e1046cb.json
 create mode 100644 .omnius/debug-library/runs/1783056506452-5ra6kv/events/turn-0058/2026-07-05T02-30-00-792Z-context-10011bc5b6.json
 create mode 100644 .omnius/debug-library/runs/1783056506452-5ra6kv/events/turn-0058/2026-07-05T05-11-29-346Z-context-9d8ff021e4.json
 create mode 100644 .omnius/debug-library/runs/1783056506452-5ra6kv/events/turn-0058/2026-07-05T05-12-35-052Z-shell-f0a766d72a.json
 create mode 100644 .omnius/debug-library/runs/1783056506452-5ra6kv/events/turn-0058/2026-07-05T05-58-18-850Z-context-4bbec5d825.json
 create mode 100644 .omnius/debug-library/runs/1783056506452-5ra6kv/events/turn-0058/2026-07-05T07-02-12-670Z-context-9318698e66.json
 create mode 100644 .omnius/debug-library/runs/1783056506452-5ra6kv/events/turn-0059/2026-07-05T01-25-15-019Z-context-43ccd065c9.json
 create mode 100644 .omnius/debug-library/runs/1783056506452-5ra6kv/events/turn-0059/2026-07-05T01-26-56-817Z-shell-f5d4d0b98a.json
 create mode 100644 .omnius/debug-library/runs/1783056506452-5ra6kv/events/turn-0059/2026-07-05T01-27-42-012Z-file_read-0c5ea7ac84.json
 create mode 100644 .omnius/debug-library/runs/1783056506452-5ra6kv/events/turn-0059/2026-07-05T01-28-29-119Z-file_patch-f0b52beafe.json
 create mode 100644 .omnius/debug-library/runs/1783056506452-5ra6kv/events/turn-0059/2026-07-05T01-30-06-626Z-file_patch-241e060a98.json
 create mode 100644 .omnius/debug-library/runs/1783056506452-5ra6kv/events/turn-0059/2026-07-05T01-32-30-531Z-file_patch-7a3fc3d5d7.json
 create mode 100644 .omnius/debug-library/runs/1783056506452-5ra6kv/events/turn-0059/2026-07-05T01-33-20-110Z-file_patch-1837bb9118.json
 create mode 100644 .omnius/debug-library/runs/1783056506452-5ra6kv/events/turn-0059/2026-07-05T01-34-29-169Z-file_read-7336caff32.json
 create mode 100644 .omnius/debug-library/runs/1783056506452-5ra6kv/events/turn-0059/2026-07-05T01-36-37-130Z-shell-904716e119.json
 create mode 100644 .omnius/debug-library/runs/1783056506452-5ra6kv/events/turn-0059/2026-07-05T01-37-33-150Z-shell-877b5e79d5.json
 create mode 100644 .omnius/debug-library/runs/1783056506452-5ra6kv/events/turn-0059/2026-07-05T01-38-19-853Z-file_read-eac900f81b.json
 create mode 100644 .omnius/debug-library/runs/1783056506452-5ra6kv/events/turn-0059/2026-07-05T01-39-09-801Z-file_read-cbad2dd59c.json
 create mode 100644 .omnius/debug-library/runs/1783056506452-5ra6kv/events/turn-0059/2026-07-05T01-49-21-183Z-context-7598aa66d3.json
 create mode 100644 .omnius/debug-library/runs/1783056506452-5ra6kv/events/turn-0059/2026-07-05T01-51-48-475Z-grep_search-8543ffc647.json
 create mode 100644 .omnius/debug-library/runs/1783056506452-5ra6kv/events/turn-0059/2026-07-05T01-52-19-855Z-grep_search-eb12f83ad7.json
 create mode 100644 .omnius/debug-library/runs/1783056506452-5ra6kv/events/turn-0059/2026-07-05T01-52-46-812Z-grep_search-005816433b.json
 create mode 100644 .omnius/debug-library/runs/1783056506452-5ra6kv/events/turn-0059/2026-07-05T01-56-11-053Z-grep_search-b270a00927.json
 create mode 100644 .omnius/debug-library/runs/1783056506452-5ra6kv/events/turn-0059/2026-07-05T01-58-22-170Z-shell-5caff6dc8f.json
 create mode 100644 .omnius/debug-library/runs/1783056506452-5ra6kv/events/turn-0059/2026-07-05T01-59-26-706Z-shell-0059c2eada.json
 create mode 100644 .omnius/debug-library/runs/1783056506452-5ra6kv/events/turn-0059/2026-07-05T02-04-42-310Z-file_read-16c29adcff.json
 create mode 100644 .omnius/debug-library/runs/1783056506452-5ra6kv/events/turn-0059/2026-07-05T02-15-41-864Z-file_read-7ac93fc92f.json
 create mode 100644 .omnius/debug-library/runs/1783056506452-5ra6kv/events/turn-0059/2026-07-05T02-20-07-117Z-file_edit-8748a93974.json
 create mode 100644 .omnius/debug-library/runs/1783056506452-5ra6kv/events/turn-0059/2026-07-05T02-31-16-606Z-context-db175877e6.json
 create mode 100644 .omnius/debug-library/runs/1783056506452-5ra6kv/events/turn-0059/2026-07-05T03-06-43-676Z-shell-119fab79d7.json
 create mode 100644 .omnius/debug-library/runs/1783056506452-5ra6kv/events/turn-0059/2026-07-05T03-13-05-632Z-shell-98bbf63b28.json
 create mode 100644 .omnius/debug-library/runs/1783056506452-5ra6kv/events/turn-0059/2026-07-05T03-21-17-131Z-file_read-6c02308108.json
 create mode 100644 .omnius/debug-library/runs/1783056506452-5ra6kv/events/turn-0059/2026-07-05T03-23-11-253Z-file_patch-24b236072c.json
 create mode 100644 .omnius/debug-library/runs/1783056506452-5ra6kv/events/turn-0059/2026-07-05T05-11-45-454Z-context-c2121a555c.json
 create mode 100644 .omnius/debug-library/runs/1783056506452-5ra6kv/events/turn-0059/2026-07-05T05-13-17-507Z-file_read-bbcbf017f9.json
 create mode 100644 .omnius/debug-library/runs/1783056506452-5ra6kv/events/turn-0059/2026-07-05T05-14-25-338Z-shell-49910d26fa.json
 create mode 100644 .omnius/debug-library/runs/1783056506452-5ra6kv/events/turn-0059/2026-07-05T05-15-13-749Z-shell-526673a9bc.json
 create mode 100644 .omnius/debug-library/runs/1783056506452-5ra6kv/events/turn-0059/2026-07-05T05-16-55-111Z-file_patch-406506e7e8.json
 create mode 100644 .omnius/debug-library/runs/1783056506452-5ra6kv/events/turn-0059/2026-07-05T05-21-21-787Z-file_patch-c5b858c7d1.json
 create mode 100644 .omnius/debug-library/runs/1783056506452-5ra6kv/events/turn-0059/2026-07-05T05-33-42-739Z-shell-877b5e79d5.json
 create mode 100644 .omnius/debug-library/runs/1783056506452-5ra6kv/events/turn-0059/2026-07-05T05-34-34-808Z-shell-93b15829bc.json
 create mode 100644 .omnius/debug-library/runs/1783056506452-5ra6kv/events/turn-0059/2026-07-05T05-35-33-537Z-shell-dfb9b73ab2.json
 create mode 100644 .omnius/debug-library/runs/1783056506452-5ra6kv/events/turn-0059/2026-07-05T05-36-27-666Z-shell-d098191d16.json
 create mode 100644 .omnius/debug-library/runs/1783056506452-5ra6kv/events/turn-0059/2026-07-05T05-38-21-141Z-file_patch-3743ac90ab.json
 create mode 100644 .omnius/debug-library/runs/1783056506452-5ra6kv/events/turn-0059/2026-07-05T05-43-04-952Z-file_patch-bd38cf5148.json
 create mode 100644 .omnius/debug-library/runs/1783056506452-5ra6kv/events/turn-0059/2026-07-05T06-00-33-102Z-context-771f751a09.json
 create mode 100644 .omnius/debug-library/runs/1783056506452-5ra6kv/events/turn-0059/2026-07-05T06-11-38-917Z-shell-98bbf63b28.json
 create mode 100644 .omnius/debug-library/runs/1783056506452-5ra6kv/events/turn-0059/2026-07-05T07-02-59-597Z-context-f8a65e2d0c.json
 create mode 100644 .omnius/debug-library/runs/1783056506452-5ra6kv/events/turn-0059/2026-07-05T07-05-20-409Z-file_read-611ee80602.json
 create mode 100644 .omnius/debug-library/runs/1783056506452-5ra6kv/index.json
 create mode 100644 .omnius/debug-library/runs/1783061014702-rgaw36/README.md
 create mode 100644 .omnius/debug-library/runs/1783061014702-rgaw36/events.jsonl
 create mode 100644 .omnius/debug-library/runs/1783061014702-rgaw36/events/turn-0000/2026-07-03T06-43-37-439Z-context-27cb4effc7.json
 create mode 100644 .omnius/debug-library/runs/1783061014702-rgaw36/events/turn-0000/2026-07-03T06-43-37-633Z-context-61a4bebdf2.json
 create mode 100644 .omnius/debug-library/runs/1783061014702-rgaw36/events/turn-0000/2026-07-03T06-43-45-479Z-context-6d36d73e96.json
 create mode 100644 .omnius/debug-library/runs/1783061014702-rgaw36/events/turn-0000/2026-07-03T06-44-03-764Z-shell-e4f9dad917.json
 create mode 100644 .omnius/debug-library/runs/1783061014702-rgaw36/events/turn-0000/2026-07-03T06-44-03-927Z-shell-733c2a511b.json
 create mode 100644 .omnius/debug-library/runs/1783061014702-rgaw36/events/turn-0000/2026-07-03T06-44-04-180Z-context-3b03e11cd0.json
 create mode 100644 .omnius/debug-library/runs/1783061014702-rgaw36/events/turn-0000/2026-07-03T06-44-25-505Z-list_directory-9eee5e709a.json
 create mode 100644 .omnius/debug-library/runs/1783061014702-rgaw36/events/turn-0000/2026-07-03T06-44-26-044Z-list_directory-9eee5e709a.json
 create mode 100644 .omnius/debug-library/runs/1783061014702-rgaw36/events/turn-0000/2026-07-03T06-44-26-198Z-memory_search-c44e90c247.json
 create mode 100644 .omnius/debug-library/runs/1783061014702-rgaw36/events/turn-0000/2026-07-03T06-44-58-343Z-context-da5c35a5af.json
 create mode 100644 .omnius/debug-library/runs/1783061014702-rgaw36/events/turn-0000/2026-07-03T06-45-30-464Z-context-73d8f9861c.json
 create mode 100644 .omnius/debug-library/runs/1783061014702-rgaw36/events/turn-0000/2026-07-03T06-45-37-966Z-context-f665508c00.json
 create mode 100644 .omnius/debug-library/runs/1783061014702-rgaw36/events/turn-0000/2026-07-03T06-46-41-057Z-context-abb6ccf9d9.json
 create mode 100644 .omnius/debug-library/runs/1783061014702-rgaw36/events/turn-0000/2026-07-03T06-47-09-697Z-context-c1739cf845.json
 create mode 100644 .omnius/debug-library/runs/1783061014702-rgaw36/events/turn-0000/2026-07-03T06-47-35-993Z-context-14387601fa.json
 create mode 100644 .omnius/debug-library/runs/1783061014702-rgaw36/events/turn-0000/2026-07-03T06-48-57-349Z-context-18a762ca82.json
 create mode 100644 .omnius/debug-library/runs/1783061014702-rgaw36/events/turn-0000/2026-07-03T06-49-32-792Z-context-9e9599c174.json
 create mode 100644 .omnius/debug-library/runs/1783061014702-rgaw36/events/turn-0000/2026-07-03T06-52-41-504Z-context-370a06f9ee.json
 create mode 100644 .omnius/debug-library/runs/1783061014702-rgaw36/events/turn-0000/2026-07-03T06-52-49-400Z-context-2b83b497d2.json
 create mode 100644 .omnius/debug-library/runs/1783061014702-rgaw36/events/turn-0000/2026-07-03T06-53-32-522Z-context-bc408f958c.json
 create mode 100644 .omnius/debug-library/runs/1783061014702-rgaw36/events/turn-0000/2026-07-03T06-53-40-414Z-context-96d449dde8.json
 create mode 100644 .omnius/debug-library/runs/1783061014702-rgaw36/events/turn-0000/2026-07-03T06-54-11-847Z-context-eb00d756f5.json
 create mode 100644 .omnius/debug-library/runs/1783061014702-rgaw36/events/turn-0000/2026-07-03T06-54-55-786Z-context-cddd377f8a.json
 create mode 100644 .omnius/debug-library/runs/1783061014702-rgaw36/events/turn-0000/2026-07-03T06-55-03-839Z-context-51f4ba9411.json
 create mode 100644 .omnius/debug-library/runs/1783061014702-rgaw36/events/turn-0000/2026-07-03T06-55-38-593Z-context-54934c9a38.json
 create mode 100644 .omnius/debug-library/runs/1783061014702-rgaw36/events/turn-0000/2026-07-03T06-56-13-201Z-context-8b21f1d771.json
 create mode 100644 .omnius/debug-library/runs/1783061014702-rgaw36/events/turn-0000/2026-07-03T06-56-21-122Z-context-f2297aa469.json
 create mode 100644 .omnius/debug-library/runs/1783061014702-rgaw36/events/turn-0000/2026-07-03T06-57-01-924Z-context-1d0379f785.json
 create mode 100644 .omnius/debug-library/runs/1783061014702-rgaw36/events/turn-0000/2026-07-03T06-57-09-824Z-context-ab4d0f1b9a.json
 create mode 100644 .omnius/debug-library/runs/1783061014702-rgaw36/events/turn-0000/2026-07-03T06-57-46-731Z-context-4d9b32effd.json
 create mode 100644 .omnius/debug-library/runs/1783061014702-rgaw36/events/turn-0000/2026-07-03T06-57-54-661Z-context-922491d42d.json
 create mode 100644 .omnius/debug-library/runs/1783061014702-rgaw36/events/turn-0000/2026-07-03T06-58-30-294Z-context-56ced97c9d.json
 create mode 100644 .omnius/debug-library/runs/1783061014702-rgaw36/events/turn-0000/2026-07-03T06-58-38-213Z-context-27f2d97abf.json
 create mode 100644 .omnius/debug-library/runs/1783061014702-rgaw36/events/turn-0000/2026-07-03T06-59-18-597Z-context-4675268df0.json
 create mode 100644 .omnius/debug-library/runs/1783061014702-rgaw36/events/turn-0000/2026-07-03T07-00-11-221Z-context-79152e2eba.json
 create mode 100644 .omnius/debug-library/runs/1783061014702-rgaw36/events/turn-0000/2026-07-03T07-00-19-148Z-context-9308e196ab.json
 create mode 100644 .omnius/debug-library/runs/1783061014702-rgaw36/events/turn-0000/2026-07-03T07-00-55-721Z-context-487bb1d4cb.json
 create mode 100644 .omnius/debug-library/runs/1783061014702-rgaw36/events/turn-0000/2026-07-03T07-01-44-650Z-context-c7b108a04f.json
 create mode 100644 .omnius/debug-library/runs/1783061014702-rgaw36/events/turn-0000/2026-07-03T07-02-40-412Z-context-369ee31466.json
 create mode 100644 .omnius/debug-library/runs/1783061014702-rgaw36/events/turn-0000/2026-07-03T07-02-48-594Z-context-8ad0ad5544.json
 create mode 100644 .omnius/debug-library/runs/1783061014702-rgaw36/events/turn-0000/2026-07-03T07-03-27-992Z-context-1776d406c5.json
 create mode 100644 .omnius/debug-library/runs/1783061014702-rgaw36/events/turn-0000/2026-07-03T07-03-36-055Z-context-43a521534b.json
 create mode 100644 .omnius/debug-library/runs/1783061014702-rgaw36/events/turn-0000/2026-07-03T07-04-57-220Z-context-c25af135cd.json
 create mode 100644 .omnius/debug-library/runs/1783061014702-rgaw36/events/turn-0000/2026-07-03T07-05-05-414Z-context-2005c63703.json
 create mode 100644 .omnius/debug-library/runs/1783061014702-rgaw36/events/turn-0000/2026-07-03T07-06-05-103Z-context-4a4ba0a5e9.json
 create mode 100644 .omnius/debug-library/runs/1783061014702-rgaw36/events/turn-0000/2026-07-03T07-06-13-139Z-context-daafa1ca18.json
 create mode 100644 .omnius/debug-library/runs/1783061014702-rgaw36/events/turn-0000/2026-07-03T07-07-12-978Z-context-e9ad8afeb1.json
 create mode 100644 .omnius/debug-library/runs/1783061014702-rgaw36/events/turn-0000/2026-07-03T07-07-21-003Z-context-13a556cb5f.json
 create mode 100644 .omnius/debug-library/runs/1783061014702-rgaw36/events/turn-0000/2026-07-03T07-08-13-996Z-context-6b50f6b7b6.json
 create mode 100644 .omnius/debug-library/runs/1783061014702-rgaw36/events/turn-0000/2026-07-03T07-08-22-036Z-context-9f667e3c83.json
 create mode 100644 .omnius/debug-library/runs/1783061014702-rgaw36/events/turn-0000/2026-07-03T07-09-15-231Z-context-28d12e82aa.json
 create mode 100644 .omnius/debug-library/runs/1783061014702-rgaw36/events/turn-0000/2026-07-03T07-10-34-586Z-context-375fb759de.json
 create mode 100644 .omnius/debug-library/runs/1783061014702-rgaw36/events/turn-0000/2026-07-03T07-11-38-832Z-context-86811d04b2.json
 create mode 100644 .omnius/debug-library/runs/1783061014702-rgaw36/events/turn-0000/2026-07-03T07-12-47-420Z-context-3a81353289.json
 create mode 100644 .omnius/debug-library/runs/1783061014702-rgaw36/events/turn-0000/2026-07-03T07-13-52-222Z-context-3289919ab3.json
 create mode 100644 .omnius/debug-library/runs/1783061014702-rgaw36/events/turn-0000/2026-07-03T07-14-00-307Z-context-8bf27e89b5.json
 create mode 100644 .omnius/debug-library/runs/1783061014702-rgaw36/events/turn-0000/2026-07-03T07-14-56-923Z-context-fa8437a935.json
 create mode 100644 .omnius/debug-library/runs/1783061014702-rgaw36/events/turn-0000/2026-07-03T07-16-03-500Z-context-b2b957dbd2.json
 create mode 100644 .omnius/debug-library/runs/1783061014702-rgaw36/events/turn-0000/2026-07-03T07-16-11-579Z-context-087750f4cb.json
 create mode 100644 .omnius/debug-library/runs/1783061014702-rgaw36/events/turn-0000/2026-07-03T07-17-05-801Z-context-b5bfa31f14.json
 create mode 100644 .omnius/debug-library/runs/1783061014702-rgaw36/events/turn-0000/2026-07-03T07-17-13-846Z-context-fa9e45caa8.json
 create mode 100644 .omnius/debug-library/runs/1783061014702-rgaw36/events/turn-0000/2026-07-03T07-18-03-963Z-context-d5c53eb8f1.json
 create mode 100644 .omnius/debug-library/runs/1783061014702-rgaw36/events/turn-0000/2026-07-03T07-18-12-020Z-context-1b645f836e.json
 create mode 100644 .omnius/debug-library/runs/1783061014702-rgaw36/events/turn-0000/2026-07-03T07-19-04-933Z-context-8e5f2e485c.json
 create mode 100644 .omnius/debug-library/runs/1783061014702-rgaw36/events/turn-0000/2026-07-03T07-19-12-984Z-context-0f3d8eef71.json
 create mode 100644 .omnius/debug-library/runs/1783061014702-rgaw36/events/turn-0000/2026-07-03T07-20-03-739Z-context-bdd64274dd.json
 create mode 100644 .omnius/debug-library/runs/1783061014702-rgaw36/events/turn-0000/2026-07-03T07-20-11-932Z-context-b3a153965a.json
 create mode 100644 .omnius/debug-library/runs/1783061014702-rgaw36/events/turn-0000/2026-07-03T07-21-13-726Z-context-dbb46c0041.json
 create mode 100644 .omnius/debug-library/runs/1783061014702-rgaw36/events/turn-0000/2026-07-03T07-22-32-478Z-context-807b9fb5ad.json
 create mode 100644 .omnius/debug-library/runs/1783061014702-rgaw36/events/turn-0000/2026-07-03T07-22-40-522Z-context-07f6330859.json
 create mode 100644 .omnius/debug-library/runs/1783061014702-rgaw36/events/turn-0000/2026-07-03T07-23-34-983Z-context-77c2f0db3e.json
 create mode 100644 .omnius/debug-library/runs/1783061014702-rgaw36/events/turn-0000/2026-07-03T07-23-43-049Z-context-ebc85257f4.json
 create mode 100644 .omnius/debug-library/runs/1783061014702-rgaw36/events/turn-0000/2026-07-03T07-24-40-116Z-context-d30033cd19.json
 create mode 100644 .omnius/debug-library/runs/1783061014702-rgaw36/events/turn-0000/2026-07-03T07-24-48-152Z-context-b87dde96d1.json
 create mode 100644 .omnius/debug-library/runs/1783061014702-rgaw36/events/turn-0000/2026-07-03T07-25-53-415Z-context-2ce9d82000.json
 create mode 100644 .omnius/debug-library/runs/1783061014702-rgaw36/events/turn-0000/2026-07-03T07-26-01-523Z-context-c6eff21f83.json
 create mode 100644 .omnius/debug-library/runs/1783061014702-rgaw36/events/turn-0000/2026-07-03T07-27-01-403Z-context-1f2e07889d.json
 create mode 100644 .omnius/debug-library/runs/1783061014702-rgaw36/events/turn-0000/2026-07-03T07-27-09-513Z-context-e15ad58ff0.json
 create mode 100644 .omnius/debug-library/runs/1783061014702-rgaw36/events/turn-0000/2026-07-03T07-28-09-418Z-context-96d6e2ecf4.json
 create mode 100644 .omnius/debug-library/runs/1783061014702-rgaw36/events/turn-0000/2026-07-03T07-31-54-058Z-context-8288402b23.json
 create mode 100644 .omnius/debug-library/runs/1783061014702-rgaw36/events/turn-0000/2026-07-03T07-32-02-118Z-context-537da39743.json
 create mode 100644 .omnius/debug-library/runs/1783061014702-rgaw36/events/turn-0000/2026-07-03T07-33-02-670Z-context-9536d457c5.json
 create mode 100644 .omnius/debug-library/runs/1783061014702-rgaw36/events/turn-0000/2026-07-03T07-36-47-848Z-context-5f9e8067c6.json
 create mode 100644 .omnius/debug-library/runs/1783061014702-rgaw36/events/turn-0000/2026-07-03T07-36-55-928Z-context-cc033922b6.json
 create mode 100644 .omnius/debug-library/runs/1783061014702-rgaw36/events/turn-0000/2026-07-03T07-37-57-833Z-context-14484ddd96.json
 create mode 100644 .omnius/debug-library/runs/1783061014702-rgaw36/events/turn-0000/2026-07-03T07-38-05-914Z-context-ed9034ff16.json
 create mode 100644 .omnius/debug-library/runs/1783061014702-rgaw36/events/turn-0000/2026-07-03T07-39-08-838Z-context-1a037c6d77.json
 create mode 100644 .omnius/debug-library/runs/1783061014702-rgaw36/events/turn-0000/2026-07-03T07-42-54-374Z-context-2e8377cb20.json
 create mode 100644 .omnius/debug-library/runs/1783061014702-rgaw36/events/turn-0000/2026-07-03T07-42-54-604Z-context-87d5bd2a79.json
 create mode 100644 .omnius/debug-library/runs/1783061014702-rgaw36/events/turn-0000/2026-07-03T07-42-54-732Z-context-fe0e8abf63.json
 create mode 100644 .omnius/debug-library/runs/1783061014702-rgaw36/events/turn-0000/2026-07-03T07-43-02-516Z-context-f8a49f2cb8.json
 create mode 100644 .omnius/debug-library/runs/1783061014702-rgaw36/events/turn-0000/2026-07-03T07-43-11-599Z-memory_read-7b0ee48767.json
 create mode 100644 .omnius/debug-library/runs/1783061014702-rgaw36/events/turn-0000/2026-07-03T07-43-16-657Z-memory_read-5df2244ada.json
 create mode 100644 .omnius/debug-library/runs/1783061014702-rgaw36/events/turn-0000/2026-07-04T04-02-52-929Z-context-4b5085e36c.json
 create mode 100644 .omnius/debug-library/runs/1783061014702-rgaw36/events/turn-0000/2026-07-04T04-03-11-080Z-todo_write-afc5e7ac87.json
 create mode 100644 .omnius/debug-library/runs/1783061014702-rgaw36/events/turn-0000/2026-07-04T04-03-11-315Z-context-d44d0ccec1.json
 create mode 100644 .omnius/debug-library/runs/1783061014702-rgaw36/events/turn-0000/2026-07-04T04-04-31-341Z-context-63fedca117.json
 create mode 100644 .omnius/debug-library/runs/1783061014702-rgaw36/events/turn-0000/2026-07-04T04-05-21-801Z-context-9cb3a52c89.json
 create mode 100644 .omnius/debug-library/runs/1783061014702-rgaw36/events/turn-0000/2026-07-04T04-06-36-472Z-context-cd7968dc71.json
 create mode 100644 .omnius/debug-library/runs/1783061014702-rgaw36/events/turn-0000/2026-07-04T04-13-39-315Z-context-53d11263be.json
 create mode 100644 .omnius/debug-library/runs/1783061014702-rgaw36/events/turn-0000/2026-07-04T04-14-36-408Z-context-8068782399.json
 create mode 100644 .omnius/debug-library/runs/1783061014702-rgaw36/events/turn-0000/2026-07-04T04-15-37-882Z-context-d1bd66aace.json
 create mode 100644 .omnius/debug-library/runs/1783061014702-rgaw36/events/turn-0000/2026-07-04T04-16-28-500Z-context-60cecd0709.json
 create mode 100644 .omnius/debug-library/runs/1783061014702-rgaw36/events/turn-0000/2026-07-04T04-17-21-194Z-context-313f4ba775.json
 create mode 100644 .omnius/debug-library/runs/1783061014702-rgaw36/events/turn-0000/2026-07-04T04-18-25-976Z-context-3ec76fb200.json
 create mode 100644 .omnius/debug-library/runs/1783061014702-rgaw36/events/turn-0000/2026-07-04T04-19-29-523Z-context-82ee2b2123.json
 create mode 100644 .omnius/debug-library/runs/1783061014702-rgaw36/events/turn-0000/2026-07-04T04-20-18-489Z-context-a2cb4f7b16.json
 create mode 100644 .omnius/debug-library/runs/1783061014702-rgaw36/events/turn-0000/2026-07-04T04-21-41-349Z-context-72a4660622.json
 create mode 100644 .omnius/debug-library/runs/1783061014702-rgaw36/events/turn-0000/2026-07-04T04-22-47-062Z-context-895daefaa1.json
 create mode 100644 .omnius/debug-library/runs/1783061014702-rgaw36/events/turn-0000/2026-07-04T04-23-54-229Z-context-3599321f0e.json
 create mode 100644 .omnius/debug-library/runs/1783061014702-rgaw36/events/turn-0000/2026-07-04T04-24-58-061Z-context-fbb0be3414.json
 create mode 100644 .omnius/debug-library/runs/1783061014702-rgaw36/events/turn-0000/2026-07-04T04-26-00-852Z-context-23193c980b.json
 create mode 100644 .omnius/debug-library/runs/1783061014702-rgaw36/events/turn-0000/2026-07-04T04-27-12-470Z-context-202ddd5349.json
 create mode 100644 .omnius/debug-library/runs/1783061014702-rgaw36/events/turn-0000/2026-07-04T04-28-19-584Z-context-cf93a88c97.json
 create mode 100644 .omnius/debug-library/runs/1783061014702-rgaw36/events/turn-0000/2026-07-04T04-29-30-268Z-context-aec1a4cf40.json
 create mode 100644 .omnius/debug-library/runs/1783061014702-rgaw36/events/turn-0000/2026-07-04T04-30-37-240Z-context-75fb950760.json
 create mode 100644 .omnius/debug-library/runs/1783061014702-rgaw36/events/turn-0000/2026-07-04T04-31-42-843Z-context-f66b09ab89.json
 create mode 100644 .omnius/debug-library/runs/1783061014702-rgaw36/events/turn-0000/2026-07-04T04-32-49-241Z-context-9ba11a7eb8.json
 create mode 100644 .omnius/debug-library/runs/1783061014702-rgaw36/events/turn-0000/2026-07-04T04-34-02-570Z-context-2a6826a275.json
 create mode 100644 .omnius/debug-library/runs/1783061014702-rgaw36/events/turn-0000/2026-07-04T04-35-18-523Z-context-241763c911.json
 create mode 100644 .omnius/debug-library/runs/1783061014702-rgaw36/events/turn-0000/2026-07-04T04-36-30-670Z-context-9c641a1ebc.json
 create mode 100644 .omnius/debug-library/runs/1783061014702-rgaw36/events/turn-0000/2026-07-04T04-37-44-100Z-context-95b138e174.json
 create mode 100644 .omnius/debug-library/runs/1783061014702-rgaw36/events/turn-0000/2026-07-04T04-39-07-845Z-context-3403df48eb.json
 create mode 100644 .omnius/debug-library/runs/1783061014702-rgaw36/events/turn-0000/2026-07-04T04-40-21-563Z-context-476e0b173f.json
 create mode 100644 .omnius/debug-library/runs/1783061014702-rgaw36/events/turn-0000/2026-07-04T04-41-43-603Z-context-720a2915dc.json
 create mode 100644 .omnius/debug-library/runs/1783061014702-rgaw36/events/turn-0000/2026-07-04T04-43-19-740Z-context-cd7bd3e78c.json
 create mode 100644 .omnius/debug-library/runs/1783061014702-rgaw36/events/turn-0000/2026-07-04T04-43-28-656Z-context-36be7cbf51.json
 create mode 100644 .omnius/debug-library/runs/1783061014702-rgaw36/events/turn-0000/2026-07-04T04-44-14-086Z-context-7e24e45e3b.json
 create mode 100644 .omnius/debug-library/runs/1783061014702-rgaw36/events/turn-0000/2026-07-04T04-44-54-642Z-context-5d1f37cb4d.json
 create mode 100644 .omnius/debug-library/runs/1783061014702-rgaw36/events/turn-0000/2026-07-04T04-45-54-267Z-context-fe656383b4.json
 create mode 100644 .omnius/debug-library/runs/1783061014702-rgaw36/events/turn-0000/2026-07-04T04-47-14-639Z-context-7b4ef1213c.json
 create mode 100644 .omnius/debug-library/runs/1783061014702-rgaw36/events/turn-0000/2026-07-04T04-48-48-029Z-context-8b928f92df.json
 create mode 100644 .omnius/debug-library/runs/1783061014702-rgaw36/events/turn-0000/2026-07-04T04-49-31-425Z-context-4b9114190e.json
 create mode 100644 .omnius/debug-library/runs/1783061014702-rgaw36/events/turn-0000/2026-07-04T04-50-19-367Z-context-417b688480.json
 create mode 100644 .omnius/debug-library/runs/1783061014702-rgaw36/events/turn-0000/2026-07-04T04-51-03-814Z-context-fb52eae280.json
 create mode 100644 .omnius/debug-library/runs/1783061014702-rgaw36/events/turn-0000/2026-07-04T04-51-47-810Z-context-67b2573de4.json
 create mode 100644 .omnius/debug-library/runs/1783061014702-rgaw36/events/turn-0000/2026-07-04T04-52-46-154Z-context-d8bae2ae2e.json
 create mode 100644 .omnius/debug-library/runs/1783061014702-rgaw36/events/turn-0000/2026-07-04T04-52-54-957Z-context-615fab81e5.json
 create mode 100644 .omnius/debug-library/runs/1783061014702-rgaw36/events/turn-0000/2026-07-04T04-53-37-990Z-context-13ca2c48a8.json
 create mode 100644 .omnius/debug-library/runs/1783061014702-rgaw36/events/turn-0000/2026-07-04T04-53-46-870Z-context-0dd3f3d329.json
 create mode 100644 .omnius/debug-library/runs/1783061014702-rgaw36/events/turn-0000/2026-07-04T04-54-43-777Z-context-6e3116d362.json
 create mode 100644 .omnius/debug-library/runs/1783061014702-rgaw36/events/turn-0000/2026-07-04T04-54-52-700Z-context-6ae876bd55.json
 create mode 100644 .omnius/debug-library/runs/1783061014702-rgaw36/events/turn-0000/2026-07-04T04-57-18-890Z-context-f8a83ae9ec.json
 create mode 100644 .omnius/debug-library/runs/1783061014702-rgaw36/events/turn-0000/2026-07-04T04-57-27-699Z-context-a72d41dfb9.json
 create mode 100644 .omnius/debug-library/runs/1783061014702-rgaw36/events/turn-0000/2026-07-04T04-58-14-757Z-context-aefa15534f.json
 create mode 100644 .omnius/debug-library/runs/1783061014702-rgaw36/events/turn-0000/2026-07-04T04-58-23-640Z-context-09c40b2c07.json
 create mode 100644 .omnius/debug-library/runs/1783061014702-rgaw36/events/turn-0000/2026-07-04T04-59-15-484Z-context-1f4169131c.json
 create mode 100644 .omnius/debug-library/runs/1783061014702-rgaw36/events/turn-0000/2026-07-04T04-59-24-298Z-context-89ca2fecfc.json
 create mode 100644 .omnius/debug-library/runs/1783061014702-rgaw36/events/turn-0000/2026-07-04T05-00-13-247Z-context-610aa254fb.json
 create mode 100644 .omnius/debug-library/runs/1783061014702-rgaw36/events/turn-0000/2026-07-04T05-00-22-067Z-context-aced98b8a4.json
 create mode 100644 .omnius/debug-library/runs/1783061014702-rgaw36/events/turn-0000/2026-07-04T05-01-27-418Z-context-01df34f63d.json
 create mode 100644 .omnius/debug-library/runs/1783061014702-rgaw36/events/turn-0000/2026-07-04T05-01-36-252Z-context-c90e1bd115.json
 create mode 100644 .omnius/debug-library/runs/1783061014702-rgaw36/events/turn-0000/2026-07-04T05-02-25-341Z-context-d33351d512.json
 create mode 100644 .omnius/debug-library/runs/1783061014702-rgaw36/events/turn-0000/2026-07-04T05-02-34-152Z-context-aeb1d0050e.json
 create mode 100644 .omnius/debug-library/runs/1783061014702-rgaw36/events/turn-0000/2026-07-04T05-02-53-175Z-context-84f2810b10.json
 create mode 100644 .omnius/debug-library/runs/1783061014702-rgaw36/events/turn-0000/2026-07-04T05-02-53-361Z-context-18084e4ea6.json
 create mode 100644 .omnius/debug-library/runs/1783061014702-rgaw36/events/turn-0000/2026-07-04T05-02-53-496Z-context-9f3e793863.json
 create mode 100644 .omnius/debug-library/runs/1783061014702-rgaw36/events/turn-0000/2026-07-04T05-03-27-019Z-memory_read-5df2244ada.json
 create mode 100644 .omnius/debug-library/runs/1783061014702-rgaw36/events/turn-0000/2026-07-04T05-03-32-102Z-memory_read-5df2244ada.json
 create mode 100644 .omnius/debug-library/runs/1783061014702-rgaw36/events/turn-0000/2026-07-04T07-43-37-455Z-context-0df3332b48.json
 create mode 100644 .omnius/debug-library/runs/1783061014702-rgaw36/events/turn-0000/2026-07-04T07-44-01-524Z-context-84eca7f853.json
 create mode 100644 .omnius/debug-library/runs/1783061014702-rgaw36/events/turn-0000/2026-07-04T07-44-10-086Z-context-88d1f9a895.json
 create mode 100644 .omnius/debug-library/runs/1783061014702-rgaw36/events/turn-0000/2026-07-04T07-44-48-566Z-shell-824a29aab7.json
 create mode 100644 .omnius/debug-library/runs/1783061014702-rgaw36/events/turn-0000/2026-07-04T07-44-48-816Z-context-de1b45be03.json
 create mode 100644 .omnius/debug-library/runs/1783061014702-rgaw36/events/turn-0000/2026-07-04T07-45-39-917Z-context-e58526c037.json
 create mode 100644 .omnius/debug-library/runs/1783061014702-rgaw36/events/turn-0000/2026-07-04T07-46-47-454Z-context-91130fea46.json
 create mode 100644 .omnius/debug-library/runs/1783061014702-rgaw36/events/turn-0000/2026-07-04T07-47-41-717Z-context-4626cbfe3e.json
 create mode 100644 .omnius/debug-library/runs/1783061014702-rgaw36/events/turn-0000/2026-07-04T07-48-43-051Z-context-af929a05eb.json
 create mode 100644 .omnius/debug-library/runs/1783061014702-rgaw36/events/turn-0000/2026-07-04T07-49-56-088Z-context-2241c7233b.json
 create mode 100644 .omnius/debug-library/runs/1783061014702-rgaw36/events/turn-0000/2026-07-04T07-51-07-399Z-context-2d768df22e.json
 create mode 100644 .omnius/debug-library/runs/1783061014702-rgaw36/events/turn-0000/2026-07-04T07-52-16-684Z-context-008a4ef427.json
 create mode 100644 .omnius/debug-library/runs/1783061014702-rgaw36/events/turn-0000/2026-07-04T07-53-34-829Z-context-ac64abea6d.json
 create mode 100644 .omnius/debug-library/runs/1783061014702-rgaw36/events/turn-0000/2026-07-04T07-54-04-212Z-context-8c42d848c3.json
 create mode 100644 .omnius/debug-library/runs/1783061014702-rgaw36/events/turn-0000/2026-07-04T07-55-10-927Z-context-84a319b639.json
 create mode 100644 .omnius/debug-library/runs/1783061014702-rgaw36/events/turn-0000/2026-07-04T07-56-27-683Z-context-7bceb32e63.json
 create mode 100644 .omnius/debug-library/runs/1783061014702-rgaw36/events/turn-0000/2026-07-04T07-58-06-617Z-context-94e4d38cdb.json
 create mode 100644 .omnius/debug-library/runs/1783061014702-rgaw36/events/turn-0000/2026-07-04T07-58-15-170Z-context-83fb564709.json
 create mode 100644 .omnius/debug-library/runs/1783061014702-rgaw36/events/turn-0000/2026-07-04T07-59-00-228Z-context-fc3c54e9e7.json
 create mode 100644 .omnius/debug-library/runs/1783061014702-rgaw36/events/turn-0000/2026-07-04T07-59-28-784Z-context-986c3b2453.json
 create mode 100644 .omnius/debug-library/runs/1783061014702-rgaw36/events/turn-0000/2026-07-04T08-00-25-930Z-context-2c4bc81ad5.json
 create mode 100644 .omnius/debug-library/runs/1783061014702-rgaw36/events/turn-0000/2026-07-04T08-00-35-149Z-context-605b87806c.json
 create mode 100644 .omnius/debug-library/runs/1783061014702-rgaw36/events/turn-0000/2026-07-04T08-01-11-774Z-context-958149e1b5.json
 create mode 100644 .omnius/debug-library/runs/1783061014702-rgaw36/events/turn-0000/2026-07-04T08-01-58-510Z-context-ca746faba2.json
 create mode 100644 .omnius/debug-library/runs/1783061014702-rgaw36/events/turn-0000/2026-07-04T08-03-21-452Z-context-a7fe29710b.json
 create mode 100644 .omnius/debug-library/runs/1783061014702-rgaw36/events/turn-0000/2026-07-04T08-03-30-208Z-context-2533648e1c.json
 create mode 100644 .omnius/debug-library/runs/1783061014702-rgaw36/events/turn-0000/2026-07-04T08-04-17-120Z-context-171d746f36.json
 create mode 100644 .omnius/debug-library/runs/1783061014702-rgaw36/events/turn-0000/2026-07-04T08-04-25-827Z-context-8b25af253e.json
 create mode 100644 .omnius/debug-library/runs/1783061014702-rgaw36/events/turn-0000/2026-07-04T08-05-03-807Z-context-550568ee83.json
 create mode 100644 .omnius/debug-library/runs/1783061014702-rgaw36/events/turn-0000/2026-07-04T08-05-12-544Z-context-e196fa75cb.json
 create mode 100644 .omnius/debug-library/runs/1783061014702-rgaw36/events/turn-0000/2026-07-04T08-06-00-754Z-context-f8bfda4139.json
 create mode 100644 .omnius/debug-library/runs/1783061014702-rgaw36/events/turn-0000/2026-07-04T08-06-09-430Z-context-79a42334fa.json
 create mode 100644 .omnius/debug-library/runs/1783061014702-rgaw36/events/turn-0000/2026-07-04T08-06-59-165Z-context-eb0d535a5d.json
 create mode 100644 .omnius/debug-library/runs/1783061014702-rgaw36/events/turn-0000/2026-07-04T08-07-07-902Z-context-b4c5eb5413.json
 create mode 100644 .omnius/debug-library/runs/1783061014702-rgaw36/events/turn-0000/2026-07-04T08-07-52-059Z-context-a0632eb72b.json
 create mode 100644 .omnius/debug-library/runs/1783061014702-rgaw36/events/turn-0000/2026-07-04T08-08-00-786Z-context-adfd8bf026.json
 create mode 100644 .omnius/debug-library/runs/1783061014702-rgaw36/events/turn-0000/2026-07-04T08-08-40-692Z-context-24019d1d88.json
 create mode 100644 .omnius/debug-library/runs/1783061014702-rgaw36/events/turn-0000/2026-07-04T08-08-49-453Z-context-6d03e8b772.json
 create mode 100644 .omnius/debug-library/runs/1783061014702-rgaw36/events/turn-0000/2026-07-04T08-09-37-120Z-context-cb98fd5840.json
 create mode 100644 .omnius/debug-library/runs/1783061014702-rgaw36/events/turn-0000/2026-07-04T08-09-46-678Z-context-c626d5ed5f.json
 create mode 100644 .omnius/debug-library/runs/1783061014702-rgaw36/events/turn-0000/2026-07-04T08-10-27-427Z-context-71180edac3.json
 create mode 100644 .omnius/debug-library/runs/1783061014702-rgaw36/events/turn-0000/2026-07-04T08-10-36-164Z-context-48f17afe90.json
 create mode 100644 .omnius/debug-library/runs/1783061014702-rgaw36/events/turn-0000/2026-07-04T08-11-52-524Z-context-1f4502befa.json
 create mode 100644 .omnius/debug-library/runs/1783061014702-rgaw36/events/turn-0000/2026-07-04T08-12-42-613Z-context-cae2d4b3a2.json
 create mode 100644 .omnius/debug-library/runs/1783061014702-rgaw36/events/turn-0000/2026-07-04T08-13-35-807Z-context-468bc7b4db.json
 create mode 100644 .omnius/debug-library/runs/1783061014702-rgaw36/events/turn-0000/2026-07-04T08-14-33-065Z-context-7c1c36c5fe.json
 create mode 100644 .omnius/debug-library/runs/1783061014702-rgaw36/events/turn-0000/2026-07-04T08-15-38-552Z-context-6dfd055744.json
 create mode 100644 .omnius/debug-library/runs/1783061014702-rgaw36/events/turn-0000/2026-07-04T08-15-47-293Z-context-523dd957bb.json
 create mode 100644 .omnius/debug-library/runs/1783061014702-rgaw36/events/turn-0000/2026-07-04T08-16-41-025Z-context-233e27d1e5.json
 create mode 100644 .omnius/debug-library/runs/1783061014702-rgaw36/events/turn-0000/2026-07-04T08-16-50-091Z-context-c4685fe7a4.json
 create mode 100644 .omnius/debug-library/runs/1783061014702-rgaw36/events/turn-0000/2026-07-04T08-17-38-657Z-context-691f57152c.json
 create mode 100644 .omnius/debug-library/runs/1783061014702-rgaw36/events/turn-0000/2026-07-04T08-18-45-124Z-context-75101ac35e.json
 create mode 100644 .omnius/debug-library/runs/1783061014702-rgaw36/events/turn-0000/2026-07-04T08-19-49-147Z-context-3543eb2be5.json
 create mode 100644 .omnius/debug-library/runs/1783061014702-rgaw36/events/turn-0000/2026-07-04T08-20-52-507Z-context-9eebb3ef34.json
 create mode 100644 .omnius/debug-library/runs/1783061014702-rgaw36/events/turn-0000/2026-07-04T08-21-57-294Z-context-9883ad40da.json
 create mode 100644 .omnius/debug-library/runs/1783061014702-rgaw36/events/turn-0000/2026-07-04T08-22-06-199Z-context-ae6302e593.json
 create mode 100644 .omnius/debug-library/runs/1783061014702-rgaw36/events/turn-0000/2026-07-04T08-23-05-110Z-context-97e8af764c.json
 create mode 100644 .omnius/debug-library/runs/1783061014702-rgaw36/events/turn-0000/2026-07-04T08-23-13-888Z-context-769ca6bb77.json
 create mode 100644 .omnius/debug-library/runs/1783061014702-rgaw36/events/turn-0000/2026-07-04T08-24-00-693Z-context-93963cbe2b.json
 create mode 100644 .omnius/debug-library/runs/1783061014702-rgaw36/events/turn-0000/2026-07-04T08-24-09-345Z-context-5d35be3609.json
 create mode 100644 .omnius/debug-library/runs/1783061014702-rgaw36/events/turn-0000/2026-07-04T08-24-56-101Z-context-79cf6e91dc.json
 create mode 100644 .omnius/debug-library/runs/1783061014702-rgaw36/events/turn-0000/2026-07-04T08-25-55-798Z-context-f5c7388b5a.json
 create mode 100644 .omnius/debug-library/runs/1783061014702-rgaw36/events/turn-0000/2026-07-04T08-27-05-383Z-context-57489361cc.json
 create mode 100644 .omnius/debug-library/runs/1783061014702-rgaw36/events/turn-0000/2026-07-04T08-27-14-266Z-context-94d17f5c19.json
 create mode 100644 .omnius/debug-library/runs/1783061014702-rgaw36/events/turn-0000/2026-07-04T08-28-07-522Z-context-30837da8f9.json
 create mode 100644 .omnius/debug-library/runs/1783061014702-rgaw36/events/turn-0000/2026-07-04T08-28-16-181Z-context-0f9db606ec.json
 create mode 100644 .omnius/debug-library/runs/1783061014702-rgaw36/events/turn-0000/2026-07-04T08-29-41-842Z-context-9a90e22bd4.json
 create mode 100644 .omnius/debug-library/runs/1783061014702-rgaw36/events/turn-0000/2026-07-04T08-29-51-359Z-context-7b5680bbb7.json
 create mode 100644 .omnius/debug-library/runs/1783061014702-rgaw36/events/turn-0000/2026-07-04T08-30-45-480Z-context-2def839651.json
 create mode 100644 .omnius/debug-library/runs/1783061014702-rgaw36/events/turn-0000/2026-07-04T08-30-54-204Z-context-48e298be56.json
 create mode 100644 .omnius/debug-library/runs/1783061014702-rgaw36/events/turn-0000/2026-07-04T08-31-56-412Z-context-92184cd3f2.json
 create mode 100644 .omnius/debug-library/runs/1783061014702-rgaw36/events/turn-0000/2026-07-04T08-32-05-287Z-context-4526fa4a59.json
 create mode 100644 .omnius/debug-library/runs/1783061014702-rgaw36/events/turn-0000/2026-07-04T08-33-04-970Z-context-053db2b391.json
 create mode 100644 .omnius/debug-library/runs/1783061014702-rgaw36/events/turn-0000/2026-07-04T08-33-13-659Z-context-006f274f7f.json
 create mode 100644 .omnius/debug-library/runs/1783061014702-rgaw36/events/turn-0000/2026-07-04T08-34-16-465Z-context-a698866ea0.json
 create mode 100644 .omnius/debug-library/runs/1783061014702-rgaw36/events/turn-0000/2026-07-04T08-34-25-215Z-context-dd2f510a76.json
 create mode 100644 .omnius/debug-library/runs/1783061014702-rgaw36/events/turn-0000/2026-07-04T08-35-20-990Z-context-fa1ffd57e9.json
 create mode 100644 .omnius/debug-library/runs/1783061014702-rgaw36/events/turn-0000/2026-07-04T08-35-29-715Z-context-4c7474a79f.json
 create mode 100644 .omnius/debug-library/runs/1783061014702-rgaw36/events/turn-0000/2026-07-04T08-36-38-821Z-context-08005f0fd6.json
 create mode 100644 .omnius/debug-library/runs/1783061014702-rgaw36/events/turn-0000/2026-07-04T08-36-47-553Z-context-9e9efcb1a8.json
 create mode 100644 .omnius/debug-library/runs/1783061014702-rgaw36/events/turn-0000/2026-07-04T08-37-54-689Z-context-76c6004171.json
 create mode 100644 .omnius/debug-library/runs/1783061014702-rgaw36/events/turn-0000/2026-07-04T08-38-03-455Z-context-4b4cf9500d.json
 create mode 100644 .omnius/debug-library/runs/1783061014702-rgaw36/events/turn-0000/2026-07-04T08-39-12-475Z-context-8759ef3b36.json
 create mode 100644 .omnius/debug-library/runs/1783061014702-rgaw36/events/turn-0000/2026-07-04T08-39-21-464Z-context-6e41c5c137.json
 create mode 100644 .omnius/debug-library/runs/1783061014702-rgaw36/events/turn-0000/2026-07-04T08-40-30-561Z-context-5c6bcf323c.json
 create mode 100644 .omnius/debug-library/runs/1783061014702-rgaw36/events/turn-0000/2026-07-04T08-41-50-285Z-context-59ebfed399.json
 create mode 100644 .omnius/debug-library/runs/1783061014702-rgaw36/events/turn-0000/2026-07-04T08-41-59-025Z-context-eb356c5fc6.json
 create mode 100644 .omnius/debug-library/runs/1783061014702-rgaw36/events/turn-0000/2026-07-04T08-43-10-038Z-context-0d069fc845.json
 create mode 100644 .omnius/debug-library/runs/1783061014702-rgaw36/events/turn-0000/2026-07-04T08-43-18-751Z-context-a0a7ce0c5f.json
 create mode 100644 .omnius/debug-library/runs/1783061014702-rgaw36/events/turn-0000/2026-07-04T08-43-38-200Z-context-8d3f67cea2.json
 create mode 100644 .omnius/debug-library/runs/1783061014702-rgaw36/events/turn-0000/2026-07-04T08-43-38-939Z-context-da0f7cb4fa.json
 create mode 100644 .omnius/debug-library/runs/1783061014702-rgaw36/events/turn-0000/2026-07-04T08-43-39-749Z-context-cf78b7c161.json
 create mode 100644 .omnius/debug-library/runs/1783061014702-rgaw36/events/turn-0000/2026-07-04T08-44-40-288Z-memory_read-5df2244ada.json
 create mode 100644 .omnius/debug-library/runs/1783061014702-rgaw36/events/turn-0000/2026-07-04T17-16-26-930Z-context-fd6dbf6395.json
 create mode 100644 .omnius/debug-library/runs/1783061014702-rgaw36/events/turn-0000/2026-07-04T17-16-49-933Z-context-9f4d8b144e.json
 create mode 100644 .omnius/debug-library/runs/1783061014702-rgaw36/events/turn-0000/2026-07-04T17-16-58-647Z-context-9a96f80bf5.json
 create mode 100644 .omnius/debug-library/runs/1783061014702-rgaw36/events/turn-0000/2026-07-04T17-17-03-126Z-shell-d285b52c84.json
 create mode 100644 .omnius/debug-library/runs/1783061014702-rgaw36/events/turn-0000/2026-07-04T17-17-38-693Z-file_read-5dcb4baf28.json
 create mode 100644 .omnius/debug-library/runs/1783061014702-rgaw36/events/turn-0000/2026-07-04T17-17-38-867Z-context-8a2c675f32.json
 create mode 100644 .omnius/debug-library/runs/1783061014702-rgaw36/events/turn-0000/2026-07-04T17-17-39-248Z-file_read-812cf926ff.json
 create mode 100644 .omnius/debug-library/runs/1783061014702-rgaw36/events/turn-0000/2026-07-04T17-17-39-260Z-file_read-bbcbf017f9.json
 create mode 100644 .omnius/debug-library/runs/1783061014702-rgaw36/events/turn-0000/2026-07-04T17-17-47-726Z-context-89656221b1.json
 create mode 100644 .omnius/debug-library/runs/1783061014702-rgaw36/events/turn-0000/2026-07-04T17-18-02-863Z-context-66f5a52607.json
 create mode 100644 .omnius/debug-library/runs/1783061014702-rgaw36/events/turn-0000/2026-07-04T17-18-22-894Z-context-159b804ff1.json
 create mode 100644 .omnius/debug-library/runs/1783061014702-rgaw36/events/turn-0000/2026-07-04T17-18-52-983Z-context-842fe2da1c.json
 create mode 100644 .omnius/debug-library/runs/1783061014702-rgaw36/events/turn-0000/2026-07-04T17-19-43-066Z-context-a9974dc9f9.json
 create mode 100644 .omnius/debug-library/runs/1783061014702-rgaw36/events/turn-0000/2026-07-04T17-20-53-091Z-context-93e9c560ba.json
 create mode 100644 .omnius/debug-library/runs/1783061014702-rgaw36/events/turn-0000/2026-07-04T17-22-03-113Z-context-21e0342084.json
 create mode 100644 .omnius/debug-library/runs/1783061014702-rgaw36/events/turn-0000/2026-07-04T17-23-13-137Z-context-2224570eae.json
 create mode 100644 .omnius/debug-library/runs/1783061014702-rgaw36/events/turn-0000/2026-07-04T17-24-23-159Z-context-783a6b3c32.json
 create mode 100644 .omnius/debug-library/runs/1783061014702-rgaw36/events/turn-0000/2026-07-04T17-25-33-180Z-context-d3c3291312.json
 create mode 100644 .omnius/debug-library/runs/1783061014702-rgaw36/events/turn-0000/2026-07-04T17-26-43-205Z-context-d77667b139.json
 create mode 100644 .omnius/debug-library/runs/1783061014702-rgaw36/events/turn-0000/2026-07-04T17-27-53-230Z-context-baf0204ec1.json
 create mode 100644 .omnius/debug-library/runs/1783061014702-rgaw36/events/turn-0000/2026-07-04T17-29-03-316Z-context-f4fa3b95ea.json
 create mode 100644 .omnius/debug-library/runs/1783061014702-rgaw36/events/turn-0000/2026-07-04T17-30-13-397Z-context-bf363e48e4.json
 create mode 100644 .omnius/debug-library/runs/1783061014702-rgaw36/events/turn-0000/2026-07-04T17-31-23-486Z-context-d07b4e9e32.json
 create mode 100644 .omnius/debug-library/runs/1783061014702-rgaw36/events/turn-0000/2026-07-04T17-32-33-573Z-context-3cfcdb676a.json
 create mode 100644 .omnius/debug-library/runs/1783061014702-rgaw36/events/turn-0000/2026-07-04T17-33-44-882Z-context-bb844b97c4.json
 create mode 100644 .omnius/debug-library/runs/1783061014702-rgaw36/events/turn-0000/2026-07-04T17-34-54-903Z-context-2ff1c3f3a1.json
 create mode 100644 .omnius/debug-library/runs/1783061014702-rgaw36/events/turn-0000/2026-07-04T17-36-04-986Z-context-1eec156f7c.json
 create mode 100644 .omnius/debug-library/runs/1783061014702-rgaw36/events/turn-0000/2026-07-04T17-37-15-011Z-context-a45dcdea52.json
 create mode 100644 .omnius/debug-library/runs/1783061014702-rgaw36/events/turn-0000/2026-07-04T17-38-25-035Z-context-3436e90b49.json
 create mode 100644 .omnius/debug-library/runs/1783061014702-rgaw36/events/turn-0000/2026-07-04T17-39-35-062Z-context-016207d162.json
 create mode 100644 .omnius/debug-library/runs/1783061014702-rgaw36/events/turn-0000/2026-07-04T17-40-45-089Z-context-79bbbcacf0.json
 create mode 100644 .omnius/debug-library/runs/1783061014702-rgaw36/events/turn-0000/2026-07-04T17-41-55-116Z-context-fb4947fb01.json
 create mode 100644 .omnius/debug-library/runs/1783061014702-rgaw36/events/turn-0000/2026-07-04T17-43-05-150Z-context-278c213759.json
 create mode 100644 .omnius/debug-library/runs/1783061014702-rgaw36/events/turn-0000/2026-07-04T17-44-15-176Z-context-88f0138320.json
 create mode 100644 .omnius/debug-library/runs/1783061014702-rgaw36/events/turn-0000/2026-07-04T17-45-25-204Z-context-282057a69c.json
 create mode 100644 .omnius/debug-library/runs/1783061014702-rgaw36/events/turn-0000/2026-07-04T17-46-35-284Z-context-3191391423.json
 create mode 100644 .omnius/debug-library/runs/1783061014702-rgaw36/events/turn-0000/2026-07-04T17-47-45-307Z-context-d73d98bcfb.json
 create mode 100644 .omnius/debug-library/runs/1783061014702-rgaw36/events/turn-0000/2026-07-04T17-48-55-337Z-context-b6cd529d56.json
 create mode 100644 .omnius/debug-library/runs/1783061014702-rgaw36/events/turn-0000/2026-07-04T17-50-06-753Z-context-f0dc1c03fe.json
 create mode 100644 .omnius/debug-library/runs/1783061014702-rgaw36/events/turn-0000/2026-07-04T17-51-16-847Z-context-410bf2f656.json
 create mode 100644 .omnius/debug-library/runs/1783061014702-rgaw36/events/turn-0000/2026-07-04T17-52-26-961Z-context-e086547ca5.json
 create mode 100644 .omnius/debug-library/runs/1783061014702-rgaw36/events/turn-0000/2026-07-04T17-53-36-984Z-context-60fa9a739f.json
 create mode 100644 .omnius/debug-library/runs/1783061014702-rgaw36/events/turn-0000/2026-07-04T17-54-47-006Z-context-cd363324c7.json
 create mode 100644 .omnius/debug-library/runs/1783061014702-rgaw36/events/turn-0000/2026-07-04T17-55-57-034Z-context-81e142c32e.json
 create mode 100644 .omnius/debug-library/runs/1783061014702-rgaw36/events/turn-0000/2026-07-04T17-57-07-065Z-context-a829b7e7b6.json
 create mode 100644 .omnius/debug-library/runs/1783061014702-rgaw36/events/turn-0000/2026-07-04T17-58-17-153Z-context-d4545a59d5.json
 create mode 100644 .omnius/debug-library/runs/1783061014702-rgaw36/events/turn-0000/2026-07-04T17-59-27-240Z-context-c80eae4992.json
 create mode 100644 .omnius/debug-library/runs/1783061014702-rgaw36/events/turn-0000/2026-07-04T18-00-37-333Z-context-8967ff25fe.json
 create mode 100644 .omnius/debug-library/runs/1783061014702-rgaw36/events/turn-0000/2026-07-04T18-01-47-431Z-context-e1ad063eb5.json
 create mode 100644 .omnius/debug-library/runs/1783061014702-rgaw36/events/turn-0000/2026-07-04T18-02-57-544Z-context-79de0c815d.json
 create mode 100644 .omnius/debug-library/runs/1783061014702-rgaw36/events/turn-0000/2026-07-04T18-04-07-631Z-context-850eaecf24.json
 create mode 100644 .omnius/debug-library/runs/1783061014702-rgaw36/events/turn-0000/2026-07-04T18-05-17-722Z-context-d54005a630.json
 create mode 100644 .omnius/debug-library/runs/1783061014702-rgaw36/events/turn-0000/2026-07-04T18-06-27-811Z-context-15106581d4.json
 create mode 100644 .omnius/debug-library/runs/1783061014702-rgaw36/events/turn-0000/2026-07-04T18-07-39-175Z-context-66d0b03de8.json
 create mode 100644 .omnius/debug-library/runs/1783061014702-rgaw36/events/turn-0000/2026-07-04T18-08-49-199Z-context-87fe30afc4.json
 create mode 100644 .omnius/debug-library/runs/1783061014702-rgaw36/events/turn-0000/2026-07-04T18-09-59-254Z-context-1a5038cb09.json
 create mode 100644 .omnius/debug-library/runs/1783061014702-rgaw36/events/turn-0000/2026-07-04T18-11-09-296Z-context-a2a5e4f8d4.json
 create mode 100644 .omnius/debug-library/runs/1783061014702-rgaw36/events/turn-0001/2026-07-03T06-44-03-932Z-context-d832ed8180.json
 create mode 100644 .omnius/debug-library/runs/1783061014702-rgaw36/events/turn-0001/2026-07-03T06-44-58-004Z-list_directory-cd7bf4efbd.json
 create mode 100644 .omnius/debug-library/runs/1783061014702-rgaw36/events/turn-0001/2026-07-03T06-44-58-138Z-list_directory-46025e8204.json
 create mode 100644 .omnius/debug-library/runs/1783061014702-rgaw36/events/turn-0001/2026-07-03T07-43-11-609Z-context-9b647f454c.json
 create mode 100644 .omnius/debug-library/runs/1783061014702-rgaw36/events/turn-0001/2026-07-03T07-43-16-669Z-context-f7a90f6877.json
 create mode 100644 .omnius/debug-library/runs/1783061014702-rgaw36/events/turn-0001/2026-07-04T04-03-11-104Z-context-175a51d428.json
 create mode 100644 .omnius/debug-library/runs/1783061014702-rgaw36/events/turn-0001/2026-07-04T05-03-27-046Z-context-3eb3fbea2e.json
 create mode 100644 .omnius/debug-library/runs/1783061014702-rgaw36/events/turn-0001/2026-07-04T05-03-32-194Z-context-3d9ea7eaf6.json
 create mode 100644 .omnius/debug-library/runs/1783061014702-rgaw36/events/turn-0001/2026-07-04T05-05-15-932Z-task_complete-3e652ff0b6.json
 create mode 100644 .omnius/debug-library/runs/1783061014702-rgaw36/events/turn-0001/2026-07-04T07-44-01-435Z-context-1795538992.json
 create mode 100644 .omnius/debug-library/runs/1783061014702-rgaw36/events/turn-0001/2026-07-04T07-45-09-719Z-file_read-5dcb4baf28.json
 create mode 100644 .omnius/debug-library/runs/1783061014702-rgaw36/events/turn-0001/2026-07-04T07-45-10-217Z-file_read-7336caff32.json
 create mode 100644 .omnius/debug-library/runs/1783061014702-rgaw36/events/turn-0001/2026-07-04T07-45-10-671Z-file_read-f0c00e2b5a.json
 create mode 100644 .omnius/debug-library/runs/1783061014702-rgaw36/events/turn-0001/2026-07-04T07-45-11-166Z-file_read-7273904c60.json
 create mode 100644 .omnius/debug-library/runs/1783061014702-rgaw36/events/turn-0001/2026-07-04T07-45-11-657Z-file_read-27636c6508.json
 create mode 100644 .omnius/debug-library/runs/1783061014702-rgaw36/events/turn-0001/2026-07-04T07-45-12-363Z-file_read-2b1eb36ab1.json
 create mode 100644 .omnius/debug-library/runs/1783061014702-rgaw36/events/turn-0001/2026-07-04T07-45-12-395Z-file_read-3d6cd73066.json
 create mode 100644 .omnius/debug-library/runs/1783061014702-rgaw36/events/turn-0001/2026-07-04T08-44-40-370Z-context-93714e6a48.json
 create mode 100644 .omnius/debug-library/runs/1783061014702-rgaw36/events/turn-0001/2026-07-04T08-45-22-614Z-task_complete-ba57180dca.json
 create mode 100644 .omnius/debug-library/runs/1783061014702-rgaw36/events/turn-0001/2026-07-04T17-17-03-157Z-context-834d69edfc.json
 create mode 100644 .omnius/debug-library/runs/1783061014702-rgaw36/events/turn-0001/2026-07-04T17-18-23-176Z-file_read-27636c6508.json
 create mode 100644 .omnius/debug-library/runs/1783061014702-rgaw36/events/turn-0001/2026-07-04T17-18-23-660Z-file_read-939394fdc1.json
 create mode 100644 .omnius/debug-library/runs/1783061014702-rgaw36/events/turn-0001/2026-07-04T17-18-24-130Z-file_read-dd721357fc.json
 create mode 100644 .omnius/debug-library/runs/1783061014702-rgaw36/events/turn-0001/2026-07-04T17-18-24-613Z-file_read-fcd6c077af.json
 create mode 100644 .omnius/debug-library/runs/1783061014702-rgaw36/events/turn-0001/2026-07-04T17-18-25-078Z-file_read-3d6cd73066.json
 create mode 100644 .omnius/debug-library/runs/1783061014702-rgaw36/events/turn-0001/2026-07-04T17-18-25-550Z-file_read-f05b94396a.json
 create mode 100644 .omnius/debug-library/runs/1783061014702-rgaw36/events/turn-0001/2026-07-04T17-18-26-021Z-file_read-f0c00e2b5a.json
 create mode 100644 .omnius/debug-library/runs/1783061014702-rgaw36/events/turn-0001/2026-07-04T17-19-26-323Z-file_read-e106d733cf.json
 create mode 100644 .omnius/debug-library/runs/1783061014702-rgaw36/events/turn-0002/2026-07-03T06-44-26-205Z-context-178d733558.json
 create mode 100644 .omnius/debug-library/runs/1783061014702-rgaw36/events/turn-0002/2026-07-03T06-45-12-827Z-list_directory-cd7bf4efbd.json
 create mode 100644 .omnius/debug-library/runs/1783061014702-rgaw36/events/turn-0002/2026-07-03T06-45-12-903Z-memory_search-040f89786a.json
 create mode 100644 .omnius/debug-library/runs/1783061014702-rgaw36/events/turn-0002/2026-07-04T04-03-52-478Z-context-e9f48b5ee5.json
 create mode 100644 .omnius/debug-library/runs/1783061014702-rgaw36/events/turn-0002/2026-07-04T05-04-04-287Z-context-72b4d1d1c4.json
 create mode 100644 .omnius/debug-library/runs/1783061014702-rgaw36/events/turn-0002/2026-07-04T07-44-48-609Z-context-60532cf4ae.json
 create mode 100644 .omnius/debug-library/runs/1783061014702-rgaw36/events/turn-0002/2026-07-04T07-45-39-778Z-file_read-a8fb592433.json
 create mode 100644 .omnius/debug-library/runs/1783061014702-rgaw36/events/turn-0002/2026-07-04T08-45-02-215Z-context-0a93dee10c.json
 create mode 100644 .omnius/debug-library/runs/1783061014702-rgaw36/events/turn-0002/2026-07-04T17-17-39-274Z-context-8b57a53fbb.json
 create mode 100644 .omnius/debug-library/runs/1783061014702-rgaw36/events/turn-0002/2026-07-04T17-20-43-914Z-file_read-65da958617.json
 create mode 100644 .omnius/debug-library/runs/1783061014702-rgaw36/events/turn-0003/2026-07-03T06-44-58-146Z-context-13e7e73690.json
 create mode 100644 .omnius/debug-library/runs/1783061014702-rgaw36/events/turn-0003/2026-07-03T06-45-30-254Z-list_directory-d872b6f39b.json
 create mode 100644 .omnius/debug-library/runs/1783061014702-rgaw36/events/turn-0003/2026-07-03T06-45-30-776Z-list_directory-d872b6f39b.json
 create mode 100644 .omnius/debug-library/runs/1783061014702-rgaw36/events/turn-0003/2026-07-03T06-45-30-963Z-list_directory-d872b6f39b.json
 create mode 100644 .omnius/debug-library/runs/1783061014702-rgaw36/events/turn-0003/2026-07-04T04-04-32-578Z-context-8ec94566a7.json
 create mode 100644 .omnius/debug-library/runs/1783061014702-rgaw36/events/turn-0003/2026-07-04T05-05-01-511Z-context-8b0cc66192.json
 create mode 100644 .omnius/debug-library/runs/1783061014702-rgaw36/events/turn-0003/2026-07-04T07-45-12-416Z-context-b9469b1184.json
 create mode 100644 .omnius/debug-library/runs/1783061014702-rgaw36/events/turn-0003/2026-07-04T07-46-47-202Z-file_edit-a2dff9a770.json
 create mode 100644 .omnius/debug-library/runs/1783061014702-rgaw36/events/turn-0003/2026-07-04T17-19-26-357Z-context-584b68380d.json
 create mode 100644 .omnius/debug-library/runs/1783061014702-rgaw36/events/turn-0004/2026-07-03T06-45-12-911Z-context-037301cd29.json
 create mode 100644 .omnius/debug-library/runs/1783061014702-rgaw36/events/turn-0004/2026-07-03T06-46-05-332Z-list_directory-d872b6f39b.json
 create mode 100644 .omnius/debug-library/runs/1783061014702-rgaw36/events/turn-0004/2026-07-04T04-05-22-471Z-context-f5cf125181.json
 create mode 100644 .omnius/debug-library/runs/1783061014702-rgaw36/events/turn-0004/2026-07-04T07-45-39-815Z-context-f46c4c068a.json
 create mode 100644 .omnius/debug-library/runs/1783061014702-rgaw36/events/turn-0004/2026-07-04T17-20-43-934Z-context-fdf62ad0cb.json
 create mode 100644 .omnius/debug-library/runs/1783061014702-rgaw36/events/turn-0004/2026-07-04T17-24-03-952Z-file_edit-e4cdbba90d.json
 create mode 100644 .omnius/debug-library/runs/1783061014702-rgaw36/events/turn-0005/2026-07-03T06-45-30-971Z-context-9fb9f83858.json
 create mode 100644 .omnius/debug-library/runs/1783061014702-rgaw36/events/turn-0005/2026-07-03T06-46-40-733Z-file_read-c4bfc40a01.json
 create mode 100644 .omnius/debug-library/runs/1783061014702-rgaw36/events/turn-0005/2026-07-03T06-46-40-841Z-list_directory-02207b0cbb.json
 create mode 100644 .omnius/debug-library/runs/1783061014702-rgaw36/events/turn-0005/2026-07-04T04-06-36-869Z-context-00b442c48a.json
 create mode 100644 .omnius/debug-library/runs/1783061014702-rgaw36/events/turn-0005/2026-07-04T07-46-47-231Z-context-321175752a.json
 create mode 100644 .omnius/debug-library/runs/1783061014702-rgaw36/events/turn-0005/2026-07-04T07-48-42-822Z-file_read-5dcb4baf28.json
 create mode 100644 .omnius/debug-library/runs/1783061014702-rgaw36/events/turn-0005/2026-07-04T17-22-56-959Z-context-33a3e63885.json
 create mode 100644 .omnius/debug-library/runs/1783061014702-rgaw36/events/turn-0005/2026-07-04T17-26-36-536Z-file_read-e106d733cf.json
 create mode 100644 .omnius/debug-library/runs/1783061014702-rgaw36/events/turn-0006/2026-07-03T06-46-05-339Z-context-10ce70d3c6.json
 create mode 100644 .omnius/debug-library/runs/1783061014702-rgaw36/events/turn-0006/2026-07-04T04-08-22-829Z-context-02e582baa2.json
 create mode 100644 .omnius/debug-library/runs/1783061014702-rgaw36/events/turn-0006/2026-07-04T07-47-41-493Z-context-9c1493574f.json
 create mode 100644 .omnius/debug-library/runs/1783061014702-rgaw36/events/turn-0006/2026-07-04T07-49-55-956Z-file_edit-a2dff9a770.json
 create mode 100644 .omnius/debug-library/runs/1783061014702-rgaw36/events/turn-0006/2026-07-04T17-24-03-967Z-context-11897ee590.json
 create mode 100644 .omnius/debug-library/runs/1783061014702-rgaw36/events/turn-0006/2026-07-04T17-27-21-103Z-file_edit-ca10144c3e.json
 create mode 100644 .omnius/debug-library/runs/1783061014702-rgaw36/events/turn-0007/2026-07-03T06-46-40-854Z-context-24b0d8884a.json
 create mode 100644 .omnius/debug-library/runs/1783061014702-rgaw36/events/turn-0007/2026-07-03T06-48-03-687Z-list_directory-99170eddf4.json
 create mode 100644 .omnius/debug-library/runs/1783061014702-rgaw36/events/turn-0007/2026-07-03T06-48-03-814Z-list_directory-503c865d36.json
 create mode 100644 .omnius/debug-library/runs/1783061014702-rgaw36/events/turn-0007/2026-07-03T06-48-29-700Z-file_read-b9c2b38d6f.json
 create mode 100644 .omnius/debug-library/runs/1783061014702-rgaw36/events/turn-0007/2026-07-04T04-09-04-020Z-context-3605a432a6.json
 create mode 100644 .omnius/debug-library/runs/1783061014702-rgaw36/events/turn-0007/2026-07-04T07-48-42-836Z-context-ba2c9f88b9.json
 create mode 100644 .omnius/debug-library/runs/1783061014702-rgaw36/events/turn-0007/2026-07-04T07-51-07-164Z-file_edit-33482ada59.json
 create mode 100644 .omnius/debug-library/runs/1783061014702-rgaw36/events/turn-0007/2026-07-04T17-26-36-549Z-context-5579f7db84.json
 create mode 100644 .omnius/debug-library/runs/1783061014702-rgaw36/events/turn-0007/2026-07-04T17-28-27-026Z-file_edit-12d42e3817.json
 create mode 100644 .omnius/debug-library/runs/1783061014702-rgaw36/events/turn-0008/2026-07-03T06-47-35-798Z-context-d44dd898e3.json
 create mode 100644 .omnius/debug-library/runs/1783061014702-rgaw36/events/turn-0008/2026-07-03T06-48-57-055Z-shell-65d6379c53.json
 create mode 100644 .omnius/debug-library/runs/1783061014702-rgaw36/events/turn-0008/2026-07-04T04-13-39-099Z-context-8a83934123.json
 create mode 100644 .omnius/debug-library/runs/1783061014702-rgaw36/events/turn-0008/2026-07-04T04-15-37-482Z-shell-73415aeba7.json
 create mode 100644 .omnius/debug-library/runs/1783061014702-rgaw36/events/turn-0008/2026-07-04T07-49-55-976Z-context-3861dd7e86.json
 create mode 100644 .omnius/debug-library/runs/1783061014702-rgaw36/events/turn-0008/2026-07-04T07-52-16-452Z-file_edit-a178326b2c.json
 create mode 100644 .omnius/debug-library/runs/1783061014702-rgaw36/events/turn-0008/2026-07-04T17-27-21-119Z-context-b8176d9839.json
 create mode 100644 .omnius/debug-library/runs/1783061014702-rgaw36/events/turn-0009/2026-07-03T06-48-29-709Z-context-bab484e308.json
 create mode 100644 .omnius/debug-library/runs/1783061014702-rgaw36/events/turn-0009/2026-07-04T04-14-36-339Z-context-b8681f156b.json
 create mode 100644 .omnius/debug-library/runs/1783061014702-rgaw36/events/turn-0009/2026-07-04T04-16-28-250Z-shell-bcf3e0368c.json
 create mode 100644 .omnius/debug-library/runs/1783061014702-rgaw36/events/turn-0009/2026-07-04T07-51-07-180Z-context-cc516266f0.json
 create mode 100644 .omnius/debug-library/runs/1783061014702-rgaw36/events/turn-0009/2026-07-04T07-53-34-571Z-file_write-854ad920de.json
 create mode 100644 .omnius/debug-library/runs/1783061014702-rgaw36/events/turn-0009/2026-07-04T17-28-27-090Z-context-6ff82e3167.json
 create mode 100644 .omnius/debug-library/runs/1783061014702-rgaw36/events/turn-0009/2026-07-04T17-30-35-163Z-file_edit-831aabd90f.json
 create mode 100644 .omnius/debug-library/runs/1783061014702-rgaw36/events/turn-0010/2026-07-03T06-48-57-071Z-context-bd814b4faa.json
 create mode 100644 .omnius/debug-library/runs/1783061014702-rgaw36/events/turn-0010/2026-07-03T06-50-13-765Z-file_read-e4c3250a6f.json
 create mode 100644 .omnius/debug-library/runs/1783061014702-rgaw36/events/turn-0010/2026-07-04T04-15-37-514Z-context-b053fd8730.json
 create mode 100644 .omnius/debug-library/runs/1783061014702-rgaw36/events/turn-0010/2026-07-04T04-17-20-931Z-shell-9bb408a81c.json
 create mode 100644 .omnius/debug-library/runs/1783061014702-rgaw36/events/turn-0010/2026-07-04T07-52-16-468Z-context-e269b5b020.json
 create mode 100644 .omnius/debug-library/runs/1783061014702-rgaw36/events/turn-0010/2026-07-04T07-54-03-964Z-file_edit-dc636f2187.json
 create mode 100644 .omnius/debug-library/runs/1783061014702-rgaw36/events/turn-0010/2026-07-04T17-29-30-312Z-context-a683f2fa9f.json
 create mode 100644 .omnius/debug-library/runs/1783061014702-rgaw36/events/turn-0011/2026-07-03T06-49-32-594Z-context-20785d677b.json
 create mode 100644 .omnius/debug-library/runs/1783061014702-rgaw36/events/turn-0011/2026-07-03T06-50-57-527Z-file_write-5daf9addf9.json
 create mode 100644 .omnius/debug-library/runs/1783061014702-rgaw36/events/turn-0011/2026-07-04T04-16-28-282Z-context-7ad65089ec.json
 create mode 100644 .omnius/debug-library/runs/1783061014702-rgaw36/events/turn-0011/2026-07-04T04-18-25-538Z-shell-1cfe85cc44.json
 create mode 100644 .omnius/debug-library/runs/1783061014702-rgaw36/events/turn-0011/2026-07-04T07-53-34-618Z-context-81e19e55f2.json
 create mode 100644 .omnius/debug-library/runs/1783061014702-rgaw36/events/turn-0011/2026-07-04T17-30-35-217Z-context-bfc3931365.json
 create mode 100644 .omnius/debug-library/runs/1783061014702-rgaw36/events/turn-0012/2026-07-03T06-50-13-773Z-context-9bcf060651.json
 create mode 100644 .omnius/debug-library/runs/1783061014702-rgaw36/events/turn-0012/2026-07-04T04-17-20-959Z-context-8e3c61ff27.json
 create mode 100644 .omnius/debug-library/runs/1783061014702-rgaw36/events/turn-0012/2026-07-04T04-19-29-265Z-shell-ec6fcf0f08.json
 create mode 100644 .omnius/debug-library/runs/1783061014702-rgaw36/events/turn-0012/2026-07-04T07-54-04-004Z-context-5e36e46397.json
 create mode 100644 .omnius/debug-library/runs/1783061014702-rgaw36/events/turn-0012/2026-07-04T07-56-28-504Z-file_read-27636c6508.json
 create mode 100644 .omnius/debug-library/runs/1783061014702-rgaw36/events/turn-0012/2026-07-04T07-56-28-600Z-file_read-2b1eb36ab1.json
 create mode 100644 .omnius/debug-library/runs/1783061014702-rgaw36/events/turn-0012/2026-07-04T17-31-36-618Z-context-7cad16a468.json
 create mode 100644 .omnius/debug-library/runs/1783061014702-rgaw36/events/turn-0012/2026-07-04T17-35-03-450Z-file_read-e106d733cf.json
 create mode 100644 .omnius/debug-library/runs/1783061014702-rgaw36/events/turn-0013/2026-07-03T06-50-57-542Z-context-523fb0fcf7.json
 create mode 100644 .omnius/debug-library/runs/1783061014702-rgaw36/events/turn-0013/2026-07-04T04-18-25-605Z-context-8267fb7153.json
 create mode 100644 .omnius/debug-library/runs/1783061014702-rgaw36/events/turn-0013/2026-07-04T04-20-18-211Z-file_read-7273904c60.json
 create mode 100644 .omnius/debug-library/runs/1783061014702-rgaw36/events/turn-0013/2026-07-04T07-55-11-859Z-context-49f09d7557.json
 create mode 100644 .omnius/debug-library/runs/1783061014702-rgaw36/events/turn-0013/2026-07-04T07-57-31-450Z-file_edit-257b6dbaca.json
 create mode 100644 .omnius/debug-library/runs/1783061014702-rgaw36/events/turn-0013/2026-07-04T17-32-40-383Z-context-5e63134722.json
 create mode 100644 .omnius/debug-library/runs/1783061014702-rgaw36/events/turn-0013/2026-07-04T17-35-52-573Z-file_edit-831aabd90f.json
 create mode 100644 .omnius/debug-library/runs/1783061014702-rgaw36/events/turn-0014/2026-07-03T06-51-25-546Z-context-71079bac12.json
 create mode 100644 .omnius/debug-library/runs/1783061014702-rgaw36/events/turn-0014/2026-07-03T06-52-41-276Z-file_write-81010a4b57.json
 create mode 100644 .omnius/debug-library/runs/1783061014702-rgaw36/events/turn-0014/2026-07-04T04-19-29-306Z-context-9d22593744.json
 create mode 100644 .omnius/debug-library/runs/1783061014702-rgaw36/events/turn-0014/2026-07-04T07-56-28-613Z-context-365652ede8.json
 create mode 100644 .omnius/debug-library/runs/1783061014702-rgaw36/events/turn-0014/2026-07-04T07-58-06-369Z-shell-824a29aab7.json
 create mode 100644 .omnius/debug-library/runs/1783061014702-rgaw36/events/turn-0014/2026-07-04T17-35-03-462Z-context-d58fef2929.json
 create mode 100644 .omnius/debug-library/runs/1783061014702-rgaw36/events/turn-0015/2026-07-03T06-51-57-159Z-context-c5565f6960.json
 create mode 100644 .omnius/debug-library/runs/1783061014702-rgaw36/events/turn-0015/2026-07-03T06-53-32-199Z-shell-73415aeba7.json
 create mode 100644 .omnius/debug-library/runs/1783061014702-rgaw36/events/turn-0015/2026-07-04T04-20-18-241Z-context-776ceee747.json
 create mode 100644 .omnius/debug-library/runs/1783061014702-rgaw36/events/turn-0015/2026-07-04T04-22-46-797Z-file_edit-0c1cc7e5c4.json
 create mode 100644 .omnius/debug-library/runs/1783061014702-rgaw36/events/turn-0015/2026-07-04T07-57-31-489Z-context-a61f975260.json
 create mode 100644 .omnius/debug-library/runs/1783061014702-rgaw36/events/turn-0015/2026-07-04T07-58-59-898Z-shell-d285b52c84.json
 create mode 100644 .omnius/debug-library/runs/1783061014702-rgaw36/events/turn-0015/2026-07-04T17-35-52-586Z-context-6ad39f4bc1.json
 create mode 100644 .omnius/debug-library/runs/1783061014702-rgaw36/events/turn-0015/2026-07-04T17-38-12-299Z-file_edit-8e16a3535b.json
 create mode 100644 .omnius/debug-library/runs/1783061014702-rgaw36/events/turn-0016/2026-07-03T06-52-41-294Z-context-d212aa6284.json
 create mode 100644 .omnius/debug-library/runs/1783061014702-rgaw36/events/turn-0016/2026-07-03T06-54-11-564Z-shell-73415aeba7.json
 create mode 100644 .omnius/debug-library/runs/1783061014702-rgaw36/events/turn-0016/2026-07-04T04-21-41-099Z-context-1e4f8f5d93.json
 create mode 100644 .omnius/debug-library/runs/1783061014702-rgaw36/events/turn-0016/2026-07-04T04-23-53-935Z-file_edit-6b29ed62c6.json
 create mode 100644 .omnius/debug-library/runs/1783061014702-rgaw36/events/turn-0016/2026-07-04T07-58-06-401Z-context-2a77f593e9.json
 create mode 100644 .omnius/debug-library/runs/1783061014702-rgaw36/events/turn-0016/2026-07-04T07-59-28-535Z-shell-ad321b11b8.json
 create mode 100644 .omnius/debug-library/runs/1783061014702-rgaw36/events/turn-0016/2026-07-04T17-37-02-048Z-context-20e2980bc1.json
 create mode 100644 .omnius/debug-library/runs/1783061014702-rgaw36/events/turn-0017/2026-07-03T06-53-32-215Z-context-25f878e402.json
 create mode 100644 .omnius/debug-library/runs/1783061014702-rgaw36/events/turn-0017/2026-07-03T06-54-55-501Z-shell-98bbf63b28.json
 create mode 100644 .omnius/debug-library/runs/1783061014702-rgaw36/events/turn-0017/2026-07-04T04-22-46-818Z-context-aaf03331a5.json
 create mode 100644 .omnius/debug-library/runs/1783061014702-rgaw36/events/turn-0017/2026-07-04T04-24-57-606Z-file_edit-8dcc05fa02.json
 create mode 100644 .omnius/debug-library/runs/1783061014702-rgaw36/events/turn-0017/2026-07-04T07-58-59-927Z-context-8d93c0d6ec.json
 create mode 100644 .omnius/debug-library/runs/1783061014702-rgaw36/events/turn-0017/2026-07-04T08-00-25-692Z-shell-71cd2d3ca6.json
 create mode 100644 .omnius/debug-library/runs/1783061014702-rgaw36/events/turn-0017/2026-07-04T17-38-12-388Z-context-d592ae75f8.json
 create mode 100644 .omnius/debug-library/runs/1783061014702-rgaw36/events/turn-0017/2026-07-04T17-40-36-134Z-file_edit-eaae01cab5.json
 create mode 100644 .omnius/debug-library/runs/1783061014702-rgaw36/events/turn-0018/2026-07-03T06-54-11-578Z-context-2a9fd5f937.json
 create mode 100644 .omnius/debug-library/runs/1783061014702-rgaw36/events/turn-0018/2026-07-03T06-55-38-197Z-shell-824a29aab7.json
 create mode 100644 .omnius/debug-library/runs/1783061014702-rgaw36/events/turn-0018/2026-07-04T04-23-53-979Z-context-0bb6ebb4c3.json
 create mode 100644 .omnius/debug-library/runs/1783061014702-rgaw36/events/turn-0018/2026-07-04T07-59-28-577Z-context-27dedcc409.json
 create mode 100644 .omnius/debug-library/runs/1783061014702-rgaw36/events/turn-0018/2026-07-04T08-01-11-493Z-shell-9715c19de6.json
 create mode 100644 .omnius/debug-library/runs/1783061014702-rgaw36/events/turn-0018/2026-07-04T17-39-21-368Z-context-c2dbe32f56.json
 create mode 100644 .omnius/debug-library/runs/1783061014702-rgaw36/events/turn-0019/2026-07-03T06-54-55-515Z-context-e42ebe3bcc.json
 create mode 100644 .omnius/debug-library/runs/1783061014702-rgaw36/events/turn-0019/2026-07-03T06-56-12-917Z-shell-8bb80d6fc8.json
 create mode 100644 .omnius/debug-library/runs/1783061014702-rgaw36/events/turn-0019/2026-07-04T04-24-57-662Z-context-273ed64796.json
 create mode 100644 .omnius/debug-library/runs/1783061014702-rgaw36/events/turn-0019/2026-07-04T08-00-25-721Z-context-c7cd4acc35.json
 create mode 100644 .omnius/debug-library/runs/1783061014702-rgaw36/events/turn-0019/2026-07-04T08-03-21-158Z-file_read-e106d733cf.json
 create mode 100644 .omnius/debug-library/runs/1783061014702-rgaw36/events/turn-0019/2026-07-04T17-40-36-150Z-context-b325a6569d.json
 create mode 100644 .omnius/debug-library/runs/1783061014702-rgaw36/events/turn-0019/2026-07-04T17-43-04-790Z-file_edit-af85aa6ffb.json
 create mode 100644 .omnius/debug-library/runs/1783061014702-rgaw36/events/turn-0020/2026-07-03T06-55-38-214Z-context-06da94762e.json
 create mode 100644 .omnius/debug-library/runs/1783061014702-rgaw36/events/turn-0020/2026-07-03T06-57-01-638Z-shell-dbb818a9ff.json
 create mode 100644 .omnius/debug-library/runs/1783061014702-rgaw36/events/turn-0020/2026-07-04T04-26-00-599Z-context-dfb5c41f9a.json
 create mode 100644 .omnius/debug-library/runs/1783061014702-rgaw36/events/turn-0020/2026-07-04T08-01-11-527Z-context-42144497e4.json
 create mode 100644 .omnius/debug-library/runs/1783061014702-rgaw36/events/turn-0020/2026-07-04T08-04-16-844Z-file_edit-e965440077.json
 create mode 100644 .omnius/debug-library/runs/1783061014702-rgaw36/events/turn-0020/2026-07-04T17-41-47-989Z-context-6a6b3e7839.json
 create mode 100644 .omnius/debug-library/runs/1783061014702-rgaw36/events/turn-0020/2026-07-04T17-44-13-987Z-file_read-812cf926ff.json
 create mode 100644 .omnius/debug-library/runs/1783061014702-rgaw36/events/turn-0021/2026-07-03T06-56-12-933Z-context-7748e57345.json
 create mode 100644 .omnius/debug-library/runs/1783061014702-rgaw36/events/turn-0021/2026-07-03T06-57-46-412Z-file_read-1fb2c3600c.json
 create mode 100644 .omnius/debug-library/runs/1783061014702-rgaw36/events/turn-0021/2026-07-04T04-27-12-225Z-context-8203acf1ac.json
 create mode 100644 .omnius/debug-library/runs/1783061014702-rgaw36/events/turn-0021/2026-07-04T08-03-21-193Z-context-1b0207532d.json
 create mode 100644 .omnius/debug-library/runs/1783061014702-rgaw36/events/turn-0021/2026-07-04T08-05-03-521Z-file_read-5dcb4baf28.json
 create mode 100644 .omnius/debug-library/runs/1783061014702-rgaw36/events/turn-0021/2026-07-04T17-43-04-805Z-context-e0ba0c9499.json
 create mode 100644 .omnius/debug-library/runs/1783061014702-rgaw36/events/turn-0021/2026-07-04T17-45-08-554Z-file_edit-831aabd90f.json
 create mode 100644 .omnius/debug-library/runs/1783061014702-rgaw36/events/turn-0022/2026-07-03T06-57-01-651Z-context-1af7af22c2.json
 create mode 100644 .omnius/debug-library/runs/1783061014702-rgaw36/events/turn-0022/2026-07-03T06-58-30-009Z-shell-dbb818a9ff.json
 create mode 100644 .omnius/debug-library/runs/1783061014702-rgaw36/events/turn-0022/2026-07-04T04-28-19-335Z-context-89e6a960b2.json
 create mode 100644 .omnius/debug-library/runs/1783061014702-rgaw36/events/turn-0022/2026-07-04T04-30-37-097Z-file_edit-8956c59328.json
 create mode 100644 .omnius/debug-library/runs/1783061014702-rgaw36/events/turn-0022/2026-07-04T08-04-16-882Z-context-450efc02ff.json
 create mode 100644 .omnius/debug-library/runs/1783061014702-rgaw36/events/turn-0022/2026-07-04T08-06-00-451Z-file_edit-0a3e8a4b4c.json
 create mode 100644 .omnius/debug-library/runs/1783061014702-rgaw36/events/turn-0022/2026-07-04T17-44-13-998Z-context-d4ef7b3d7e.json
 create mode 100644 .omnius/debug-library/runs/1783061014702-rgaw36/events/turn-0023/2026-07-03T06-57-46-423Z-context-ec0ebafd29.json
 create mode 100644 .omnius/debug-library/runs/1783061014702-rgaw36/events/turn-0023/2026-07-03T06-59-18-231Z-shell-dbb818a9ff.json
 create mode 100644 .omnius/debug-library/runs/1783061014702-rgaw36/events/turn-0023/2026-07-04T04-29-29-933Z-context-82408c1c97.json
 create mode 100644 .omnius/debug-library/runs/1783061014702-rgaw36/events/turn-0023/2026-07-04T04-31-56-400Z-shell-ec6fcf0f08.json
 create mode 100644 .omnius/debug-library/runs/1783061014702-rgaw36/events/turn-0023/2026-07-04T08-05-03-555Z-context-331b6448b6.json
 create mode 100644 .omnius/debug-library/runs/1783061014702-rgaw36/events/turn-0023/2026-07-04T08-06-58-893Z-shell-b24bc31b8a.json
 create mode 100644 .omnius/debug-library/runs/1783061014702-rgaw36/events/turn-0023/2026-07-04T17-45-08-591Z-context-5fb3a51543.json
 create mode 100644 .omnius/debug-library/runs/1783061014702-rgaw36/events/turn-0023/2026-07-04T17-47-37-235Z-shell-1da30da336.json
 create mode 100644 .omnius/debug-library/runs/1783061014702-rgaw36/events/turn-0024/2026-07-03T06-58-30-025Z-context-58377c161c.json
 create mode 100644 .omnius/debug-library/runs/1783061014702-rgaw36/events/turn-0024/2026-07-03T07-00-10-957Z-shell-98bbf63b28.json
 create mode 100644 .omnius/debug-library/runs/1783061014702-rgaw36/events/turn-0024/2026-07-04T04-30-37-147Z-context-20f973cfe8.json
 create mode 100644 .omnius/debug-library/runs/1783061014702-rgaw36/events/turn-0024/2026-07-04T04-32-49-099Z-file_read-27636c6508.json
 create mode 100644 .omnius/debug-library/runs/1783061014702-rgaw36/events/turn-0024/2026-07-04T08-06-00-496Z-context-6114c41361.json
 create mode 100644 .omnius/debug-library/runs/1783061014702-rgaw36/events/turn-0024/2026-07-04T08-07-51-787Z-file_edit-6299229b74.json
 create mode 100644 .omnius/debug-library/runs/1783061014702-rgaw36/events/turn-0024/2026-07-04T17-46-19-981Z-context-f7127b2959.json
 create mode 100644 .omnius/debug-library/runs/1783061014702-rgaw36/events/turn-0024/2026-07-04T17-48-31-651Z-file_read-88fceb6227.json
 create mode 100644 .omnius/debug-library/runs/1783061014702-rgaw36/events/turn-0024/2026-07-04T17-48-32-096Z-file_read-153d50d885.json
 create mode 100644 .omnius/debug-library/runs/1783061014702-rgaw36/events/turn-0025/2026-07-03T06-59-18-243Z-context-8ed50d6c5c.json
 create mode 100644 .omnius/debug-library/runs/1783061014702-rgaw36/events/turn-0025/2026-07-03T07-00-55-494Z-file_read-1fb2c3600c.json
 create mode 100644 .omnius/debug-library/runs/1783061014702-rgaw36/events/turn-0025/2026-07-04T04-31-56-430Z-context-2b51c1300e.json
 create mode 100644 .omnius/debug-library/runs/1783061014702-rgaw36/events/turn-0025/2026-07-04T04-34-02-108Z-shell-4637a911aa.json
 create mode 100644 .omnius/debug-library/runs/1783061014702-rgaw36/events/turn-0025/2026-07-04T08-06-58-932Z-context-f3c39b8c03.json
 create mode 100644 .omnius/debug-library/runs/1783061014702-rgaw36/events/turn-0025/2026-07-04T08-08-40-421Z-file_read-5dcb4baf28.json
 create mode 100644 .omnius/debug-library/runs/1783061014702-rgaw36/events/turn-0025/2026-07-04T17-47-37-272Z-context-7a67a5b38d.json
 create mode 100644 .omnius/debug-library/runs/1783061014702-rgaw36/events/turn-0025/2026-07-04T17-50-27-694Z-file_edit-bc99563d74.json
 create mode 100644 .omnius/debug-library/runs/1783061014702-rgaw36/events/turn-0026/2026-07-03T07-00-10-969Z-context-6bb09ddfd2.json
 create mode 100644 .omnius/debug-library/runs/1783061014702-rgaw36/events/turn-0026/2026-07-03T07-01-44-374Z-file_read-1fb2c3600c.json
 create mode 100644 .omnius/debug-library/runs/1783061014702-rgaw36/events/turn-0026/2026-07-04T04-32-49-132Z-context-7caab65983.json
 create mode 100644 .omnius/debug-library/runs/1783061014702-rgaw36/events/turn-0026/2026-07-04T08-07-51-807Z-context-57a5fef656.json
 create mode 100644 .omnius/debug-library/runs/1783061014702-rgaw36/events/turn-0026/2026-07-04T08-09-36-729Z-file_edit-9df0e8e181.json
 create mode 100644 .omnius/debug-library/runs/1783061014702-rgaw36/events/turn-0026/2026-07-04T17-48-32-130Z-context-c7385fdea0.json
 create mode 100644 .omnius/debug-library/runs/1783061014702-rgaw36/events/turn-0026/2026-07-04T17-52-04-357Z-file_edit-38bee33d03.json
 create mode 100644 .omnius/debug-library/runs/1783061014702-rgaw36/events/turn-0027/2026-07-03T07-00-55-505Z-context-6ffa045ffd.json
 create mode 100644 .omnius/debug-library/runs/1783061014702-rgaw36/events/turn-0027/2026-07-03T07-02-40-301Z-file_edit-9d716e1f54.json
 create mode 100644 .omnius/debug-library/runs/1783061014702-rgaw36/events/turn-0027/2026-07-04T04-34-02-140Z-context-958b2aca19.json
 create mode 100644 .omnius/debug-library/runs/1783061014702-rgaw36/events/turn-0027/2026-07-04T04-36-30-150Z-shell-4637a911aa.json
 create mode 100644 .omnius/debug-library/runs/1783061014702-rgaw36/events/turn-0027/2026-07-04T08-08-40-458Z-context-84c5911d13.json
 create mode 100644 .omnius/debug-library/runs/1783061014702-rgaw36/events/turn-0027/2026-07-04T17-50-27-780Z-context-50b951361c.json
 create mode 100644 .omnius/debug-library/runs/1783061014702-rgaw36/events/turn-0027/2026-07-04T17-53-29-216Z-shell-1da30da336.json
 create mode 100644 .omnius/debug-library/runs/1783061014702-rgaw36/events/turn-0028/2026-07-03T07-01-44-385Z-context-8a523856b9.json
 create mode 100644 .omnius/debug-library/runs/1783061014702-rgaw36/events/turn-0028/2026-07-03T07-03-40-021Z-shell-19ab7c999e.json
 create mode 100644 .omnius/debug-library/runs/1783061014702-rgaw36/events/turn-0028/2026-07-04T04-35-18-188Z-context-6aa10503b3.json
 create mode 100644 .omnius/debug-library/runs/1783061014702-rgaw36/events/turn-0028/2026-07-04T04-37-43-808Z-file_read-7273904c60.json
 create mode 100644 .omnius/debug-library/runs/1783061014702-rgaw36/events/turn-0028/2026-07-04T08-09-36-809Z-context-dfc643370c.json
 create mode 100644 .omnius/debug-library/runs/1783061014702-rgaw36/events/turn-0028/2026-07-04T17-52-04-436Z-context-483da6eebf.json
 create mode 100644 .omnius/debug-library/runs/1783061014702-rgaw36/events/turn-0028/2026-07-04T17-54-44-302Z-file_read-7336caff32.json
 create mode 100644 .omnius/debug-library/runs/1783061014702-rgaw36/events/turn-0029/2026-07-03T07-02-40-318Z-context-2ec66eeebd.json
 create mode 100644 .omnius/debug-library/runs/1783061014702-rgaw36/events/turn-0029/2026-07-03T07-04-57-139Z-file_edit-234275e2bc.json
 create mode 100644 .omnius/debug-library/runs/1783061014702-rgaw36/events/turn-0029/2026-07-04T04-36-30-175Z-context-2d2f0324ba.json
 create mode 100644 .omnius/debug-library/runs/1783061014702-rgaw36/events/turn-0029/2026-07-04T04-39-09-266Z-shell-a95ebe9584.json
 create mode 100644 .omnius/debug-library/runs/1783061014702-rgaw36/events/turn-0029/2026-07-04T08-10-27-158Z-context-a2fdfa17e7.json
 create mode 100644 .omnius/debug-library/runs/1783061014702-rgaw36/events/turn-0029/2026-07-04T08-12-42-241Z-file_write-2926f19f8a.json
 create mode 100644 .omnius/debug-library/runs/1783061014702-rgaw36/events/turn-0029/2026-07-04T17-53-29-251Z-context-0a7fb30a94.json
 create mode 100644 .omnius/debug-library/runs/1783061014702-rgaw36/events/turn-0030/2026-07-03T07-03-40-040Z-context-0aa6512dc4.json
 create mode 100644 .omnius/debug-library/runs/1783061014702-rgaw36/events/turn-0030/2026-07-03T07-06-04-887Z-batch_edit-0ec93e732e.json
 create mode 100644 .omnius/debug-library/runs/1783061014702-rgaw36/events/turn-0030/2026-07-04T04-37-43-844Z-context-70be6d15db.json
 create mode 100644 .omnius/debug-library/runs/1783061014702-rgaw36/events/turn-0030/2026-07-04T08-11-51-930Z-context-9d02666dee.json
 create mode 100644 .omnius/debug-library/runs/1783061014702-rgaw36/events/turn-0030/2026-07-04T17-54-44-328Z-context-083a4827f8.json
 create mode 100644 .omnius/debug-library/runs/1783061014702-rgaw36/events/turn-0031/2026-07-03T07-04-57-157Z-context-ab123cc28c.json
 create mode 100644 .omnius/debug-library/runs/1783061014702-rgaw36/events/turn-0031/2026-07-03T07-07-12-562Z-shell-824a29aab7.json
 create mode 100644 .omnius/debug-library/runs/1783061014702-rgaw36/events/turn-0031/2026-07-04T04-39-09-293Z-context-05e9c327ed.json
 create mode 100644 .omnius/debug-library/runs/1783061014702-rgaw36/events/turn-0031/2026-07-04T04-41-43-467Z-file_edit-318fe51ea8.json
 create mode 100644 .omnius/debug-library/runs/1783061014702-rgaw36/events/turn-0031/2026-07-04T08-12-42-257Z-context-262f344e3e.json
 create mode 100644 .omnius/debug-library/runs/1783061014702-rgaw36/events/turn-0031/2026-07-04T08-14-32-708Z-file_read-5dcb4baf28.json
 create mode 100644 .omnius/debug-library/runs/1783061014702-rgaw36/events/turn-0031/2026-07-04T17-55-28-209Z-context-22e2246b2d.json
 create mode 100644 .omnius/debug-library/runs/1783061014702-rgaw36/events/turn-0031/2026-07-04T18-00-03-468Z-file_read-e8cfb6f877.json
 create mode 100644 .omnius/debug-library/runs/1783061014702-rgaw36/events/turn-0032/2026-07-03T07-06-04-907Z-context-5ca614185a.json
 create mode 100644 .omnius/debug-library/runs/1783061014702-rgaw36/events/turn-0032/2026-07-04T04-40-21-284Z-context-3eff18cde1.json
 create mode 100644 .omnius/debug-library/runs/1783061014702-rgaw36/events/turn-0032/2026-07-04T04-43-28-872Z-shell-d3b131c38b.json
 create mode 100644 .omnius/debug-library/runs/1783061014702-rgaw36/events/turn-0032/2026-07-04T08-13-35-553Z-context-0a540f3a6f.json
 create mode 100644 .omnius/debug-library/runs/1783061014702-rgaw36/events/turn-0032/2026-07-04T17-58-35-148Z-context-a829a30595.json
 create mode 100644 .omnius/debug-library/runs/1783061014702-rgaw36/events/turn-0032/2026-07-04T18-01-02-309Z-file_read-129b09be04.json
 create mode 100644 .omnius/debug-library/runs/1783061014702-rgaw36/events/turn-0033/2026-07-03T07-07-12-578Z-context-b50a3b57ff.json
 create mode 100644 .omnius/debug-library/runs/1783061014702-rgaw36/events/turn-0033/2026-07-03T07-09-14-593Z-file_read-2b5f63fdb2.json
 create mode 100644 .omnius/debug-library/runs/1783061014702-rgaw36/events/turn-0033/2026-07-03T07-09-14-928Z-file_read-2b5f63fdb2.json
 create mode 100644 .omnius/debug-library/runs/1783061014702-rgaw36/events/turn-0033/2026-07-04T04-41-43-504Z-context-b709ef83df.json
 create mode 100644 .omnius/debug-library/runs/1783061014702-rgaw36/events/turn-0033/2026-07-04T04-44-13-273Z-file_edit-f32346ab67.json
 create mode 100644 .omnius/debug-library/runs/1783061014702-rgaw36/events/turn-0033/2026-07-04T08-14-32-724Z-context-f6fb4c744c.json
 create mode 100644 .omnius/debug-library/runs/1783061014702-rgaw36/events/turn-0033/2026-07-04T08-16-40-877Z-file_edit-04a0eba95e.json
 create mode 100644 .omnius/debug-library/runs/1783061014702-rgaw36/events/turn-0033/2026-07-04T18-00-03-643Z-context-2d599000c9.json
 create mode 100644 .omnius/debug-library/runs/1783061014702-rgaw36/events/turn-0033/2026-07-04T18-02-11-261Z-file_read-2d40dff222.json
 create mode 100644 .omnius/debug-library/runs/1783061014702-rgaw36/events/turn-0034/2026-07-03T07-08-13-794Z-context-9b7d8f4e07.json
 create mode 100644 .omnius/debug-library/runs/1783061014702-rgaw36/events/turn-0034/2026-07-03T07-10-34-369Z-file_read-2b5f63fdb2.json
 create mode 100644 .omnius/debug-library/runs/1783061014702-rgaw36/events/turn-0034/2026-07-04T04-43-28-900Z-context-a0cc806507.json
 create mode 100644 .omnius/debug-library/runs/1783061014702-rgaw36/events/turn-0034/2026-07-04T04-44-53-828Z-file_read-f0c00e2b5a.json
 create mode 100644 .omnius/debug-library/runs/1783061014702-rgaw36/events/turn-0034/2026-07-04T08-15-38-359Z-context-ed8db985aa.json
 create mode 100644 .omnius/debug-library/runs/1783061014702-rgaw36/events/turn-0034/2026-07-04T18-01-02-322Z-context-4974d43c40.json
 create mode 100644 .omnius/debug-library/runs/1783061014702-rgaw36/events/turn-0034/2026-07-04T18-03-09-329Z-file_read-837fe48336.json
 create mode 100644 .omnius/debug-library/runs/1783061014702-rgaw36/events/turn-0035/2026-07-03T07-09-14-940Z-context-7ead8a08ad.json
 create mode 100644 .omnius/debug-library/runs/1783061014702-rgaw36/events/turn-0035/2026-07-03T07-11-38-669Z-file_edit-927b138640.json
 create mode 100644 .omnius/debug-library/runs/1783061014702-rgaw36/events/turn-0035/2026-07-03T07-11-39-843Z-file_edit-9a22d9c12a.json
 create mode 100644 .omnius/debug-library/runs/1783061014702-rgaw36/events/turn-0035/2026-07-03T07-11-41-208Z-file_edit-5eda22c0be.json
 create mode 100644 .omnius/debug-library/runs/1783061014702-rgaw36/events/turn-0035/2026-07-03T07-11-42-462Z-file_edit-7cb0590c49.json
 create mode 100644 .omnius/debug-library/runs/1783061014702-rgaw36/events/turn-0035/2026-07-03T07-11-43-682Z-file_edit-0928045d5f.json
 create mode 100644 .omnius/debug-library/runs/1783061014702-rgaw36/events/turn-0035/2026-07-03T07-11-43-836Z-file_edit-779bde35a5.json
 create mode 100644 .omnius/debug-library/runs/1783061014702-rgaw36/events/turn-0035/2026-07-04T04-44-13-327Z-context-d912c740a9.json
 create mode 100644 .omnius/debug-library/runs/1783061014702-rgaw36/events/turn-0035/2026-07-04T04-45-53-985Z-shell-8ce3a9f7ea.json
 create mode 100644 .omnius/debug-library/runs/1783061014702-rgaw36/events/turn-0035/2026-07-04T08-16-40-925Z-context-497fb79496.json
 create mode 100644 .omnius/debug-library/runs/1783061014702-rgaw36/events/turn-0035/2026-07-04T18-02-11-275Z-context-78bdd96ace.json
 create mode 100644 .omnius/debug-library/runs/1783061014702-rgaw36/events/turn-0035/2026-07-04T18-04-09-438Z-file_read-36dcc6f5b8.json
 create mode 100644 .omnius/debug-library/runs/1783061014702-rgaw36/events/turn-0036/2026-07-03T07-10-34-382Z-context-5e97dc9da6.json
 create mode 100644 .omnius/debug-library/runs/1783061014702-rgaw36/events/turn-0036/2026-07-03T07-12-47-264Z-file_edit-927b138640.json
 create mode 100644 .omnius/debug-library/runs/1783061014702-rgaw36/events/turn-0036/2026-07-03T07-12-48-747Z-file_edit-927b138640.json
 create mode 100644 .omnius/debug-library/runs/1783061014702-rgaw36/events/turn-0036/2026-07-04T04-44-53-863Z-context-c57f94655b.json
 create mode 100644 .omnius/debug-library/runs/1783061014702-rgaw36/events/turn-0036/2026-07-04T08-17-38-449Z-context-e8b894ec3c.json
 create mode 100644 .omnius/debug-library/runs/1783061014702-rgaw36/events/turn-0036/2026-07-04T18-03-09-344Z-context-f79845cb3f.json
 create mode 100644 .omnius/debug-library/runs/1783061014702-rgaw36/events/turn-0036/2026-07-04T18-05-25-268Z-file_read-a14c5ff1de.json
 create mode 100644 .omnius/debug-library/runs/1783061014702-rgaw36/events/turn-0037/2026-07-03T07-11-43-857Z-context-80c09d1141.json
 create mode 100644 .omnius/debug-library/runs/1783061014702-rgaw36/events/turn-0037/2026-07-04T04-45-54-021Z-context-d351f373d8.json
 create mode 100644 .omnius/debug-library/runs/1783061014702-rgaw36/events/turn-0037/2026-07-04T08-18-45-033Z-context-b4bc47a347.json
 create mode 100644 .omnius/debug-library/runs/1783061014702-rgaw36/events/turn-0037/2026-07-04T18-04-09-452Z-context-b690c0585d.json
 create mode 100644 .omnius/debug-library/runs/1783061014702-rgaw36/events/turn-0037/2026-07-04T18-06-24-738Z-file_read-5725bf0477.json
 create mode 100644 .omnius/debug-library/runs/1783061014702-rgaw36/events/turn-0038/2026-07-03T07-12-51-882Z-context-2912cefc04.json
 create mode 100644 .omnius/debug-library/runs/1783061014702-rgaw36/events/turn-0038/2026-07-03T07-14-56-753Z-file_edit-829918cd62.json
 create mode 100644 .omnius/debug-library/runs/1783061014702-rgaw36/events/turn-0038/2026-07-03T07-14-58-173Z-file_edit-6a6517cef4.json
 create mode 100644 .omnius/debug-library/runs/1783061014702-rgaw36/events/turn-0038/2026-07-03T07-14-59-533Z-file_edit-2d989b7b80.json
 create mode 100644 .omnius/debug-library/runs/1783061014702-rgaw36/events/turn-0038/2026-07-03T07-15-01-035Z-file_edit-2774e809a9.json
 create mode 100644 .omnius/debug-library/runs/1783061014702-rgaw36/events/turn-0038/2026-07-03T07-15-01-283Z-file_edit-1a9d612c7b.json
 create mode 100644 .omnius/debug-library/runs/1783061014702-rgaw36/events/turn-0038/2026-07-04T04-47-13-948Z-context-83be610ffb.json
 create mode 100644 .omnius/debug-library/runs/1783061014702-rgaw36/events/turn-0038/2026-07-04T08-19-49-050Z-context-0a4cd7f01a.json
 create mode 100644 .omnius/debug-library/runs/1783061014702-rgaw36/events/turn-0038/2026-07-04T18-05-25-281Z-context-76aff924d4.json
 create mode 100644 .omnius/debug-library/runs/1783061014702-rgaw36/events/turn-0039/2026-07-03T07-13-52-154Z-context-5bec991fea.json
 create mode 100644 .omnius/debug-library/runs/1783061014702-rgaw36/events/turn-0039/2026-07-03T07-16-03-083Z-shell-dbb818a9ff.json
 create mode 100644 .omnius/debug-library/runs/1783061014702-rgaw36/events/turn-0039/2026-07-04T04-48-47-383Z-context-9acf70d78a.json
 create mode 100644 .omnius/debug-library/runs/1783061014702-rgaw36/events/turn-0039/2026-07-04T04-50-18-598Z-file_edit-91effeb4e9.json
 create mode 100644 .omnius/debug-library/runs/1783061014702-rgaw36/events/turn-0039/2026-07-04T08-20-52-253Z-context-0bae3b0664.json
 create mode 100644 .omnius/debug-library/runs/1783061014702-rgaw36/events/turn-0039/2026-07-04T08-23-04-721Z-shell-b24bc31b8a.json
 create mode 100644 .omnius/debug-library/runs/1783061014702-rgaw36/events/turn-0039/2026-07-04T18-06-24-752Z-context-c2e472b9cc.json
 create mode 100644 .omnius/debug-library/runs/1783061014702-rgaw36/events/turn-0039/2026-07-04T18-08-38-373Z-file_read-5725bf0477.json
 create mode 100644 .omnius/debug-library/runs/1783061014702-rgaw36/events/turn-0040/2026-07-03T07-15-01-306Z-context-052e41b4ff.json
 create mode 100644 .omnius/debug-library/runs/1783061014702-rgaw36/events/turn-0040/2026-07-03T07-17-05-581Z-file_edit-295a99eb30.json
 create mode 100644 .omnius/debug-library/runs/1783061014702-rgaw36/events/turn-0040/2026-07-04T04-49-30-740Z-context-266e3f55a7.json
 create mode 100644 .omnius/debug-library/runs/1783061014702-rgaw36/events/turn-0040/2026-07-04T08-21-57-044Z-context-827889e062.json
 create mode 100644 .omnius/debug-library/runs/1783061014702-rgaw36/events/turn-0040/2026-07-04T18-07-37-172Z-context-46607ac275.json
 create mode 100644 .omnius/debug-library/runs/1783061014702-rgaw36/events/turn-0040/2026-07-04T18-09-38-313Z-shell-75c5ca77cf.json
 create mode 100644 .omnius/debug-library/runs/1783061014702-rgaw36/events/turn-0041/2026-07-03T07-16-03-134Z-context-2515c6ef3a.json
 create mode 100644 .omnius/debug-library/runs/1783061014702-rgaw36/events/turn-0041/2026-07-03T07-18-03-746Z-file_edit-295a99eb30.json
 create mode 100644 .omnius/debug-library/runs/1783061014702-rgaw36/events/turn-0041/2026-07-04T04-50-18-659Z-context-462e7a7281.json
 create mode 100644 .omnius/debug-library/runs/1783061014702-rgaw36/events/turn-0041/2026-07-04T08-23-04-757Z-context-321516a518.json
 create mode 100644 .omnius/debug-library/runs/1783061014702-rgaw36/events/turn-0041/2026-07-04T08-24-55-837Z-file_read-5dcb4baf28.json
 create mode 100644 .omnius/debug-library/runs/1783061014702-rgaw36/events/turn-0041/2026-07-04T18-08-38-386Z-context-b0e445297d.json
 create mode 100644 .omnius/debug-library/runs/1783061014702-rgaw36/events/turn-0041/2026-07-04T18-10-35-564Z-shell-d285b52c84.json
 create mode 100644 .omnius/debug-library/runs/1783061014702-rgaw36/events/turn-0042/2026-07-03T07-17-05-600Z-context-5e003bd8f3.json
 create mode 100644 .omnius/debug-library/runs/1783061014702-rgaw36/events/turn-0042/2026-07-03T07-19-04-673Z-file_edit-e68c7b96f4.json
 create mode 100644 .omnius/debug-library/runs/1783061014702-rgaw36/events/turn-0042/2026-07-04T04-51-03-079Z-context-bce8489fca.json
 create mode 100644 .omnius/debug-library/runs/1783061014702-rgaw36/events/turn-0042/2026-07-04T04-52-45-864Z-file_edit-91effeb4e9.json
 create mode 100644 .omnius/debug-library/runs/1783061014702-rgaw36/events/turn-0042/2026-07-04T08-24-00-436Z-context-2480923277.json
 create mode 100644 .omnius/debug-library/runs/1783061014702-rgaw36/events/turn-0042/2026-07-04T08-25-55-531Z-file_read-5dcb4baf28.json
 create mode 100644 .omnius/debug-library/runs/1783061014702-rgaw36/events/turn-0042/2026-07-04T18-09-38-329Z-context-4e3d4087ff.json
 create mode 100644 .omnius/debug-library/runs/1783061014702-rgaw36/events/turn-0042/2026-07-04T18-10-53-627Z-file_read-454b9d40f4.json
 create mode 100644 .omnius/debug-library/runs/1783061014702-rgaw36/events/turn-0043/2026-07-03T07-18-03-763Z-context-e840a1dbd2.json
 create mode 100644 .omnius/debug-library/runs/1783061014702-rgaw36/events/turn-0043/2026-07-04T04-51-47-548Z-context-7b3160221b.json
 create mode 100644 .omnius/debug-library/runs/1783061014702-rgaw36/events/turn-0043/2026-07-04T04-53-38-419Z-file_read-27636c6508.json
 create mode 100644 .omnius/debug-library/runs/1783061014702-rgaw36/events/turn-0043/2026-07-04T08-24-55-853Z-context-1f5ccb3bf2.json
 create mode 100644 .omnius/debug-library/runs/1783061014702-rgaw36/events/turn-0043/2026-07-04T08-27-05-224Z-file_write-f63f73774c.json
 create mode 100644 .omnius/debug-library/runs/1783061014702-rgaw36/events/turn-0043/2026-07-04T18-10-35-686Z-context-a224152fa8.json
 create mode 100644 .omnius/debug-library/runs/1783061014702-rgaw36/events/turn-0043/2026-07-04T18-11-34-022Z-file_read-5725bf0477.json
 create mode 100644 .omnius/debug-library/runs/1783061014702-rgaw36/events/turn-0044/2026-07-03T07-19-04-689Z-context-ea0c190606.json
 create mode 100644 .omnius/debug-library/runs/1783061014702-rgaw36/events/turn-0044/2026-07-03T07-21-13-465Z-file_edit-c88003fabe.json
 create mode 100644 .omnius/debug-library/runs/1783061014702-rgaw36/events/turn-0044/2026-07-04T04-52-45-888Z-context-609dd028c5.json
 create mode 100644 .omnius/debug-library/runs/1783061014702-rgaw36/events/turn-0044/2026-07-04T08-25-55-551Z-context-6e080cecf2.json
 create mode 100644 .omnius/debug-library/runs/1783061014702-rgaw36/events/turn-0044/2026-07-04T08-28-16-755Z-shell-b24bc31b8a.json
 create mode 100644 .omnius/debug-library/runs/1783061014702-rgaw36/events/turn-0044/2026-07-04T18-10-53-668Z-context-607e31569f.json
 create mode 100644 .omnius/debug-library/runs/1783061014702-rgaw36/events/turn-0045/2026-07-03T07-20-04-356Z-context-1c4ab4879d.json
 create mode 100644 .omnius/debug-library/runs/1783061014702-rgaw36/events/turn-0045/2026-07-03T07-22-32-172Z-file_edit-c88003fabe.json
 create mode 100644 .omnius/debug-library/runs/1783061014702-rgaw36/events/turn-0045/2026-07-04T04-53-38-442Z-context-ec80ac503a.json
 create mode 100644 .omnius/debug-library/runs/1783061014702-rgaw36/events/turn-0045/2026-07-04T08-27-05-275Z-context-524daac4b9.json
 create mode 100644 .omnius/debug-library/runs/1783061014702-rgaw36/events/turn-0045/2026-07-04T08-29-41-701Z-file_edit-00c359a6cc.json
 create mode 100644 .omnius/debug-library/runs/1783061014702-rgaw36/events/turn-0045/2026-07-04T18-11-34-035Z-context-26f8505dfa.json
 create mode 100644 .omnius/debug-library/runs/1783061014702-rgaw36/events/turn-0046/2026-07-03T07-21-13-519Z-context-0126953c6c.json
 create mode 100644 .omnius/debug-library/runs/1783061014702-rgaw36/events/turn-0046/2026-07-03T07-23-34-763Z-file_edit-77b3053a69.json
 create mode 100644 .omnius/debug-library/runs/1783061014702-rgaw36/events/turn-0046/2026-07-04T04-54-43-679Z-context-03e712fe54.json
 create mode 100644 .omnius/debug-library/runs/1783061014702-rgaw36/events/turn-0046/2026-07-04T08-28-16-790Z-context-ecb67e05b8.json
 create mode 100644 .omnius/debug-library/runs/1783061014702-rgaw36/events/turn-0046/2026-07-04T08-30-45-169Z-file_read-4431984a83.json
 create mode 100644 .omnius/debug-library/runs/1783061014702-rgaw36/events/turn-0047/2026-07-03T07-22-32-190Z-context-b5f0274d92.json
 create mode 100644 .omnius/debug-library/runs/1783061014702-rgaw36/events/turn-0047/2026-07-03T07-24-39-833Z-file_edit-77b3053a69.json
 create mode 100644 .omnius/debug-library/runs/1783061014702-rgaw36/events/turn-0047/2026-07-04T04-55-35-125Z-context-aba8a3ff12.json
 create mode 100644 .omnius/debug-library/runs/1783061014702-rgaw36/events/turn-0047/2026-07-04T04-57-18-535Z-shell-a690c64e95.json
 create mode 100644 .omnius/debug-library/runs/1783061014702-rgaw36/events/turn-0047/2026-07-04T08-29-41-737Z-context-5ba2e2eb6f.json
 create mode 100644 .omnius/debug-library/runs/1783061014702-rgaw36/events/turn-0047/2026-07-04T08-31-56-125Z-file_edit-00c359a6cc.json
 create mode 100644 .omnius/debug-library/runs/1783061014702-rgaw36/events/turn-0048/2026-07-03T07-23-34-782Z-context-2371c47155.json
 create mode 100644 .omnius/debug-library/runs/1783061014702-rgaw36/events/turn-0048/2026-07-03T07-25-53-120Z-file_write-a553a5c2d3.json
 create mode 100644 .omnius/debug-library/runs/1783061014702-rgaw36/events/turn-0048/2026-07-04T04-56-25-268Z-context-d5a05d53b6.json
 create mode 100644 .omnius/debug-library/runs/1783061014702-rgaw36/events/turn-0048/2026-07-04T04-58-14-574Z-file_read-383ad9fb8f.json
 create mode 100644 .omnius/debug-library/runs/1783061014702-rgaw36/events/turn-0048/2026-07-04T04-58-15-085Z-file_read-19265e319f.json
 create mode 100644 .omnius/debug-library/runs/1783061014702-rgaw36/events/turn-0048/2026-07-04T04-58-15-214Z-file_read-27636c6508.json
 create mode 100644 .omnius/debug-library/runs/1783061014702-rgaw36/events/turn-0048/2026-07-04T08-30-45-217Z-context-a0d68f80d2.json
 create mode 100644 .omnius/debug-library/runs/1783061014702-rgaw36/events/turn-0049/2026-07-03T07-24-39-924Z-context-6c3236c679.json
 create mode 100644 .omnius/debug-library/runs/1783061014702-rgaw36/events/turn-0049/2026-07-04T04-57-18-569Z-context-b22350d83c.json
 create mode 100644 .omnius/debug-library/runs/1783061014702-rgaw36/events/turn-0049/2026-07-04T08-31-56-148Z-context-35417b2b3b.json
 create mode 100644 .omnius/debug-library/runs/1783061014702-rgaw36/events/turn-0049/2026-07-04T08-34-16-150Z-batch_edit-604c6a8a77.json
 create mode 100644 .omnius/debug-library/runs/1783061014702-rgaw36/events/turn-0050/2026-07-03T07-25-53-140Z-context-dceba6aeb9.json
 create mode 100644 .omnius/debug-library/runs/1783061014702-rgaw36/events/turn-0050/2026-07-04T04-58-15-238Z-context-8825b80bc5.json
 create mode 100644 .omnius/debug-library/runs/1783061014702-rgaw36/events/turn-0050/2026-07-04T05-00-12-964Z-file_edit-91effeb4e9.json
 create mode 100644 .omnius/debug-library/runs/1783061014702-rgaw36/events/turn-0050/2026-07-04T08-33-04-651Z-context-c4599d5c39.json
 create mode 100644 .omnius/debug-library/runs/1783061014702-rgaw36/events/turn-0051/2026-07-03T07-27-01-179Z-context-c11a3c2ea7.json
 create mode 100644 .omnius/debug-library/runs/1783061014702-rgaw36/events/turn-0051/2026-07-04T04-59-15-231Z-context-e7538084b2.json
 create mode 100644 .omnius/debug-library/runs/1783061014702-rgaw36/events/turn-0051/2026-07-04T05-01-27-119Z-file_write-c8dc8db39d.json
 create mode 100644 .omnius/debug-library/runs/1783061014702-rgaw36/events/turn-0051/2026-07-04T08-34-16-205Z-context-28642e0f5b.json
 create mode 100644 .omnius/debug-library/runs/1783061014702-rgaw36/events/turn-0051/2026-07-04T08-36-38-526Z-shell-b24bc31b8a.json
 create mode 100644 .omnius/debug-library/runs/1783061014702-rgaw36/events/turn-0052/2026-07-03T07-31-53-843Z-context-a229e57e07.json
 create mode 100644 .omnius/debug-library/runs/1783061014702-rgaw36/events/turn-0052/2026-07-04T05-00-12-986Z-context-752fe544a6.json
 create mode 100644 .omnius/debug-library/runs/1783061014702-rgaw36/events/turn-0052/2026-07-04T08-35-20-730Z-context-b57773f3ac.json
 create mode 100644 .omnius/debug-library/runs/1783061014702-rgaw36/events/turn-0052/2026-07-04T08-37-54-513Z-file_edit-428ae9f251.json
 create mode 100644 .omnius/debug-library/runs/1783061014702-rgaw36/events/turn-0053/2026-07-03T07-36-47-632Z-context-48c027cbbf.json
 create mode 100644 .omnius/debug-library/runs/1783061014702-rgaw36/events/turn-0053/2026-07-04T05-01-27-142Z-context-6098f57f99.json
 create mode 100644 .omnius/debug-library/runs/1783061014702-rgaw36/events/turn-0053/2026-07-04T08-36-38-565Z-context-7b290ce839.json
 create mode 100644 .omnius/debug-library/runs/1783061014702-rgaw36/events/turn-0053/2026-07-04T08-39-12-291Z-file_edit-428ae9f251.json
 create mode 100644 .omnius/debug-library/runs/1783061014702-rgaw36/events/turn-0054/2026-07-03T07-37-57-618Z-context-1b6f379363.json
 create mode 100644 .omnius/debug-library/runs/1783061014702-rgaw36/events/turn-0054/2026-07-04T05-02-25-085Z-context-c7b3a36108.json
 create mode 100644 .omnius/debug-library/runs/1783061014702-rgaw36/events/turn-0054/2026-07-04T08-37-54-578Z-context-8336151a51.json
 create mode 100644 .omnius/debug-library/runs/1783061014702-rgaw36/events/turn-0054/2026-07-04T08-40-30-414Z-file_edit-cca8c06b41.json
 create mode 100644 .omnius/debug-library/runs/1783061014702-rgaw36/events/turn-0055/2026-07-04T08-39-12-349Z-context-efb0ccd64f.json
 create mode 100644 .omnius/debug-library/runs/1783061014702-rgaw36/events/turn-0056/2026-07-04T08-40-30-448Z-context-f3f8798650.json
 create mode 100644 .omnius/debug-library/runs/1783061014702-rgaw36/events/turn-0056/2026-07-04T08-43-09-742Z-shell-b24bc31b8a.json
 create mode 100644 .omnius/debug-library/runs/1783061014702-rgaw36/events/turn-0057/2026-07-04T08-41-50-028Z-context-db3bb3244e.json
 create mode 100644 .omnius/debug-library/runs/1783061014702-rgaw36/events/turn-0058/2026-07-04T08-43-09-783Z-context-ebafcb8a1d.json
 create mode 100644 .omnius/debug-library/runs/1783061014702-rgaw36/index.json
 create mode 100644 .omnius/debug-library/runs/1783065197489-zzttvn/README.md
 create mode 100644 .omnius/debug-library/runs/1783065197489-zzttvn/events.jsonl
 create mode 100644 .omnius/debug-library/runs/1783065197489-zzttvn/events/turn-0000/2026-07-03T07-53-18-136Z-context-69a88bb56c.json
 create mode 100644 .omnius/debug-library/runs/1783065197489-zzttvn/events/turn-0000/2026-07-03T07-53-46-578Z-context-bdfc0d5543.json
 create mode 100644 .omnius/debug-library/runs/1783065197489-zzttvn/events/turn-0000/2026-07-03T07-54-20-316Z-context-979103c4a1.json
 create mode 100644 .omnius/debug-library/runs/1783065197489-zzttvn/events/turn-0000/2026-07-03T07-54-28-970Z-context-05c14786a1.json
 create mode 100644 .omnius/debug-library/runs/1783065197489-zzttvn/events/turn-0000/2026-07-03T07-54-59-889Z-context-3c86f2cfbd.json
 create mode 100644 .omnius/debug-library/runs/1783065197489-zzttvn/events/turn-0000/2026-07-03T07-55-34-060Z-context-6f683d9498.json
 create mode 100644 .omnius/debug-library/runs/1783065197489-zzttvn/events/turn-0000/2026-07-03T07-56-06-112Z-context-e40a1a741a.json
 create mode 100644 .omnius/debug-library/runs/1783065197489-zzttvn/events/turn-0000/2026-07-03T07-56-33-605Z-context-eaba3b7f63.json
 create mode 100644 .omnius/debug-library/runs/1783065197489-zzttvn/events/turn-0000/2026-07-03T07-56-41-608Z-context-72efd29a63.json
 create mode 100644 .omnius/debug-library/runs/1783065197489-zzttvn/events/turn-0000/2026-07-03T07-58-49-688Z-context-5c1fb13148.json
 create mode 100644 .omnius/debug-library/runs/1783065197489-zzttvn/events/turn-0000/2026-07-03T07-58-57-636Z-context-916e930af8.json
 create mode 100644 .omnius/debug-library/runs/1783065197489-zzttvn/events/turn-0000/2026-07-03T07-59-31-874Z-context-fadc47ef66.json
 create mode 100644 .omnius/debug-library/runs/1783065197489-zzttvn/events/turn-0000/2026-07-03T08-00-18-921Z-context-630bd36504.json
 create mode 100644 .omnius/debug-library/runs/1783065197489-zzttvn/events/turn-0000/2026-07-03T08-00-26-911Z-context-62e4455ee8.json
 create mode 100644 .omnius/debug-library/runs/1783065197489-zzttvn/events/turn-0000/2026-07-03T08-01-03-606Z-context-57db9ea7ac.json
 create mode 100644 .omnius/debug-library/runs/1783065197489-zzttvn/events/turn-0000/2026-07-03T08-01-11-545Z-context-13c7e214cf.json
 create mode 100644 .omnius/debug-library/runs/1783065197489-zzttvn/events/turn-0000/2026-07-03T08-01-45-434Z-context-4cf77d5b9e.json
 create mode 100644 .omnius/debug-library/runs/1783065197489-zzttvn/events/turn-0000/2026-07-03T08-02-28-334Z-context-74df0e7f30.json
 create mode 100644 .omnius/debug-library/runs/1783065197489-zzttvn/events/turn-0000/2026-07-03T08-03-11-487Z-context-3e8284ff6b.json
 create mode 100644 .omnius/debug-library/runs/1783065197489-zzttvn/events/turn-0000/2026-07-03T08-03-19-198Z-context-26f8818146.json
 create mode 100644 .omnius/debug-library/runs/1783065197489-zzttvn/events/turn-0000/2026-07-03T08-03-56-715Z-context-d590ce38af.json
 create mode 100644 .omnius/debug-library/runs/1783065197489-zzttvn/events/turn-0000/2026-07-03T08-05-42-531Z-context-be4560da85.json
 create mode 100644 .omnius/debug-library/runs/1783065197489-zzttvn/events/turn-0000/2026-07-03T08-05-50-315Z-context-9a36f94952.json
 create mode 100644 .omnius/debug-library/runs/1783065197489-zzttvn/events/turn-0000/2026-07-03T08-06-26-562Z-context-7a16d4e195.json
 create mode 100644 .omnius/debug-library/runs/1783065197489-zzttvn/events/turn-0000/2026-07-03T08-10-47-446Z-context-c4e6310ba0.json
 create mode 100644 .omnius/debug-library/runs/1783065197489-zzttvn/events/turn-0000/2026-07-03T08-10-55-198Z-context-d1a84904b6.json
 create mode 100644 .omnius/debug-library/runs/1783065197489-zzttvn/events/turn-0000/2026-07-03T08-11-32-680Z-context-a655e6ba96.json
 create mode 100644 .omnius/debug-library/runs/1783065197489-zzttvn/events/turn-0000/2026-07-03T08-11-40-482Z-context-b9db150957.json
 create mode 100644 .omnius/debug-library/runs/1783065197489-zzttvn/events/turn-0000/2026-07-03T08-12-20-865Z-context-5778628522.json
 create mode 100644 .omnius/debug-library/runs/1783065197489-zzttvn/events/turn-0000/2026-07-03T08-12-21-000Z-context-e918bf029d.json
 create mode 100644 .omnius/debug-library/runs/1783065197489-zzttvn/events/turn-0000/2026-07-03T08-12-21-141Z-context-2a31544ac9.json
 create mode 100644 .omnius/debug-library/runs/1783065197489-zzttvn/events/turn-0000/2026-07-03T08-12-42-021Z-memory_read-5df2244ada.json
 create mode 100644 .omnius/debug-library/runs/1783065197489-zzttvn/events/turn-0000/2026-07-03T08-12-48-012Z-memory_read-5df2244ada.json
 create mode 100644 .omnius/debug-library/runs/1783065197489-zzttvn/events/turn-0000/2026-07-03T08-14-01-016Z-context-32accde4b6.json
 create mode 100644 .omnius/debug-library/runs/1783065197489-zzttvn/events/turn-0001/2026-07-03T07-53-46-387Z-context-dbf49b0ce2.json
 create mode 100644 .omnius/debug-library/runs/1783065197489-zzttvn/events/turn-0001/2026-07-03T08-12-42-029Z-context-6f138a8422.json
 create mode 100644 .omnius/debug-library/runs/1783065197489-zzttvn/events/turn-0001/2026-07-03T08-12-48-023Z-context-e52f45c197.json
 create mode 100644 .omnius/debug-library/runs/1783065197489-zzttvn/events/turn-0001/2026-07-03T08-13-28-277Z-task_complete-243bca9290.json
 create mode 100644 .omnius/debug-library/runs/1783065197489-zzttvn/events/turn-0001/2026-07-03T08-14-12-929Z-context-5cec2ac7db.json
 create mode 100644 .omnius/debug-library/runs/1783065197489-zzttvn/events/turn-0002/2026-07-03T07-54-03-205Z-context-ae56a2350d.json
 create mode 100644 .omnius/debug-library/runs/1783065197489-zzttvn/events/turn-0002/2026-07-03T07-54-59-674Z-shell-3febfc9d32.json
 create mode 100644 .omnius/debug-library/runs/1783065197489-zzttvn/events/turn-0002/2026-07-03T08-13-19-732Z-context-11029d2103.json
 create mode 100644 .omnius/debug-library/runs/1783065197489-zzttvn/events/turn-0002/2026-07-03T08-13-43-558Z-todo_write-1b8a75c62b.json
 create mode 100644 .omnius/debug-library/runs/1783065197489-zzttvn/events/turn-0002/2026-07-03T08-15-09-984Z-context-099d86a864.json
 create mode 100644 .omnius/debug-library/runs/1783065197489-zzttvn/events/turn-0003/2026-07-03T07-54-21-337Z-context-dbc4984ed7.json
 create mode 100644 .omnius/debug-library/runs/1783065197489-zzttvn/events/turn-0003/2026-07-03T08-13-28-283Z-context-714ec6bc4f.json
 create mode 100644 .omnius/debug-library/runs/1783065197489-zzttvn/events/turn-0003/2026-07-03T08-14-01-008Z-file_write-1461b4b1b9.json
 create mode 100644 .omnius/debug-library/runs/1783065197489-zzttvn/events/turn-0003/2026-07-03T08-15-29-225Z-context-75e1b32708.json
 create mode 100644 .omnius/debug-library/runs/1783065197489-zzttvn/events/turn-0004/2026-07-03T07-54-59-686Z-context-c0c023a510.json
 create mode 100644 .omnius/debug-library/runs/1783065197489-zzttvn/events/turn-0004/2026-07-03T07-56-05-885Z-shell-28b7e930c0.json
 create mode 100644 .omnius/debug-library/runs/1783065197489-zzttvn/events/turn-0004/2026-07-03T08-13-43-565Z-context-45dcb8d0d2.json
 create mode 100644 .omnius/debug-library/runs/1783065197489-zzttvn/events/turn-0004/2026-07-03T08-14-12-925Z-task_complete-243bca9290.json
 create mode 100644 .omnius/debug-library/runs/1783065197489-zzttvn/events/turn-0004/2026-07-03T08-15-16-334Z-task_complete-8b01553fa4.json
 create mode 100644 .omnius/debug-library/runs/1783065197489-zzttvn/events/turn-0004/2026-07-03T08-16-28-536Z-context-f6f390a8a4.json
 create mode 100644 .omnius/debug-library/runs/1783065197489-zzttvn/events/turn-0004/2026-07-03T08-16-40-742Z-task_complete-9305e81667.json
 create mode 100644 .omnius/debug-library/runs/1783065197489-zzttvn/events/turn-0005/2026-07-03T07-55-33-857Z-context-d1fed80fa5.json
 create mode 100644 .omnius/debug-library/runs/1783065197489-zzttvn/events/turn-0005/2026-07-03T07-56-34-131Z-file_read-2b5f63fdb2.json
 create mode 100644 .omnius/debug-library/runs/1783065197489-zzttvn/events/turn-0006/2026-07-03T07-56-05-899Z-context-f9ba44d33d.json
 create mode 100644 .omnius/debug-library/runs/1783065197489-zzttvn/events/turn-0006/2026-07-03T07-57-13-939Z-file_edit-d5516ca211.json
 create mode 100644 .omnius/debug-library/runs/1783065197489-zzttvn/events/turn-0007/2026-07-03T07-56-34-139Z-context-a9848da6db.json
 create mode 100644 .omnius/debug-library/runs/1783065197489-zzttvn/events/turn-0007/2026-07-03T07-57-46-939Z-file_read-c9e23462f9.json
 create mode 100644 .omnius/debug-library/runs/1783065197489-zzttvn/events/turn-0007/2026-07-03T07-57-47-537Z-file_read-2b5f63fdb2.json
 create mode 100644 .omnius/debug-library/runs/1783065197489-zzttvn/events/turn-0008/2026-07-03T07-57-13-962Z-context-c230d41275.json
 create mode 100644 .omnius/debug-library/runs/1783065197489-zzttvn/events/turn-0008/2026-07-03T07-58-49-473Z-file_edit-e15fba3de6.json
 create mode 100644 .omnius/debug-library/runs/1783065197489-zzttvn/events/turn-0009/2026-07-03T07-57-48-147Z-context-796f160962.json
 create mode 100644 .omnius/debug-library/runs/1783065197489-zzttvn/events/turn-0009/2026-07-03T07-59-31-663Z-file_read-2b5f63fdb2.json
 create mode 100644 .omnius/debug-library/runs/1783065197489-zzttvn/events/turn-0010/2026-07-03T07-58-49-489Z-context-e693a65df1.json
 create mode 100644 .omnius/debug-library/runs/1783065197489-zzttvn/events/turn-0010/2026-07-03T08-00-18-700Z-file_edit-40a0b7f06e.json
 create mode 100644 .omnius/debug-library/runs/1783065197489-zzttvn/events/turn-0011/2026-07-03T07-59-31-672Z-context-8dd893a5bf.json
 create mode 100644 .omnius/debug-library/runs/1783065197489-zzttvn/events/turn-0011/2026-07-03T08-01-03-386Z-file_edit-40a0b7f06e.json
 create mode 100644 .omnius/debug-library/runs/1783065197489-zzttvn/events/turn-0012/2026-07-03T08-00-18-716Z-context-89d81fba5f.json
 create mode 100644 .omnius/debug-library/runs/1783065197489-zzttvn/events/turn-0013/2026-07-03T08-01-03-397Z-context-933c3c555e.json
 create mode 100644 .omnius/debug-library/runs/1783065197489-zzttvn/events/turn-0013/2026-07-03T08-02-28-119Z-file_read-1fb2c3600c.json
 create mode 100644 .omnius/debug-library/runs/1783065197489-zzttvn/events/turn-0014/2026-07-03T08-01-45-226Z-context-7c7d5b09a0.json
 create mode 100644 .omnius/debug-library/runs/1783065197489-zzttvn/events/turn-0014/2026-07-03T08-03-11-255Z-file_edit-085bcdaea4.json
 create mode 100644 .omnius/debug-library/runs/1783065197489-zzttvn/events/turn-0015/2026-07-03T08-02-28-129Z-context-4da5f1df67.json
 create mode 100644 .omnius/debug-library/runs/1783065197489-zzttvn/events/turn-0015/2026-07-03T08-03-56-561Z-file_read-2b5f63fdb2.json
 create mode 100644 .omnius/debug-library/runs/1783065197489-zzttvn/events/turn-0016/2026-07-03T08-03-11-273Z-context-aec9fd5b31.json
 create mode 100644 .omnius/debug-library/runs/1783065197489-zzttvn/events/turn-0016/2026-07-03T08-04-44-052Z-file_read-2b5f63fdb2.json
 create mode 100644 .omnius/debug-library/runs/1783065197489-zzttvn/events/turn-0017/2026-07-03T08-03-57-414Z-context-a885b53f5a.json
 create mode 100644 .omnius/debug-library/runs/1783065197489-zzttvn/events/turn-0017/2026-07-03T08-05-42-313Z-shell-c2cc2c1d7f.json
 create mode 100644 .omnius/debug-library/runs/1783065197489-zzttvn/events/turn-0018/2026-07-03T08-04-44-060Z-context-7434e3c9d2.json
 create mode 100644 .omnius/debug-library/runs/1783065197489-zzttvn/events/turn-0019/2026-07-03T08-05-42-329Z-context-d92aba6d05.json
 create mode 100644 .omnius/debug-library/runs/1783065197489-zzttvn/events/turn-0019/2026-07-03T08-11-32-459Z-file_read-c9e23462f9.json
 create mode 100644 .omnius/debug-library/runs/1783065197489-zzttvn/events/turn-0020/2026-07-03T08-06-26-354Z-context-1cf68527ad.json
 create mode 100644 .omnius/debug-library/runs/1783065197489-zzttvn/events/turn-0021/2026-07-03T08-10-47-256Z-context-31bf24b154.json
 create mode 100644 .omnius/debug-library/runs/1783065197489-zzttvn/events/turn-0021/2026-07-03T08-12-20-685Z-file_read-c9e23462f9.json
 create mode 100644 .omnius/debug-library/runs/1783065197489-zzttvn/events/turn-0022/2026-07-03T08-11-32-470Z-context-c2b2efd705.json
 create mode 100644 .omnius/debug-library/runs/1783065197489-zzttvn/index.json
 create mode 100644 .omnius/debug-library/runs/1783066818924-tz2rco/README.md
 create mode 100644 .omnius/debug-library/runs/1783066818924-tz2rco/events.jsonl
 create mode 100644 .omnius/debug-library/runs/1783066818924-tz2rco/events/turn-0000/2026-07-03T08-20-21-843Z-context-67cdfb09c4.json
 create mode 100644 .omnius/debug-library/runs/1783066818924-tz2rco/events/turn-0000/2026-07-03T08-20-39-338Z-context-e59c458da7.json
 create mode 100644 .omnius/debug-library/runs/1783066818924-tz2rco/events/turn-0000/2026-07-03T08-21-06-842Z-context-e4f8c4fa5f.json
 create mode 100644 .omnius/debug-library/runs/1783066818924-tz2rco/events/turn-0000/2026-07-03T08-21-37-096Z-context-d8d7f07fc2.json
 create mode 100644 .omnius/debug-library/runs/1783066818924-tz2rco/events/turn-0000/2026-07-03T08-22-12-791Z-context-13ab2c62ed.json
 create mode 100644 .omnius/debug-library/runs/1783066818924-tz2rco/events/turn-0000/2026-07-03T08-22-41-708Z-context-f4a8554b6f.json
 create mode 100644 .omnius/debug-library/runs/1783066818924-tz2rco/events/turn-0000/2026-07-03T08-23-18-254Z-context-e5c4977273.json
 create mode 100644 .omnius/debug-library/runs/1783066818924-tz2rco/events/turn-0000/2026-07-03T08-24-09-971Z-context-40cccf0b07.json
 create mode 100644 .omnius/debug-library/runs/1783066818924-tz2rco/events/turn-0000/2026-07-03T08-25-32-053Z-context-e71175013f.json
 create mode 100644 .omnius/debug-library/runs/1783066818924-tz2rco/events/turn-0000/2026-07-03T08-26-29-950Z-context-352f619090.json
 create mode 100644 .omnius/debug-library/runs/1783066818924-tz2rco/events/turn-0000/2026-07-03T08-28-23-523Z-context-da806ca929.json
 create mode 100644 .omnius/debug-library/runs/1783066818924-tz2rco/events/turn-0000/2026-07-03T08-28-55-999Z-context-b45c784840.json
 create mode 100644 .omnius/debug-library/runs/1783066818924-tz2rco/events/turn-0000/2026-07-03T08-29-22-297Z-context-d0b19765ee.json
 create mode 100644 .omnius/debug-library/runs/1783066818924-tz2rco/events/turn-0000/2026-07-03T08-30-03-142Z-context-622fc2bd02.json
 create mode 100644 .omnius/debug-library/runs/1783066818924-tz2rco/events/turn-0000/2026-07-03T08-32-01-408Z-context-77f14fab66.json
 create mode 100644 .omnius/debug-library/runs/1783066818924-tz2rco/events/turn-0000/2026-07-03T08-32-01-532Z-context-5afe2044de.json
 create mode 100644 .omnius/debug-library/runs/1783066818924-tz2rco/events/turn-0000/2026-07-03T08-32-25-326Z-memory_read-5df2244ada.json
 create mode 100644 .omnius/debug-library/runs/1783066818924-tz2rco/events/turn-0000/2026-07-03T08-32-55-686Z-repl_exec-90661bdf55.json
 create mode 100644 .omnius/debug-library/runs/1783066818924-tz2rco/events/turn-0000/2026-07-03T08-33-00-298Z-list_directory-4ae486c3a4.json
 create mode 100644 .omnius/debug-library/runs/1783066818924-tz2rco/events/turn-0001/2026-07-03T08-20-39-146Z-context-6cf4f36e45.json
 create mode 100644 .omnius/debug-library/runs/1783066818924-tz2rco/events/turn-0001/2026-07-03T08-21-06-639Z-shell-f716c17cab.json
 create mode 100644 .omnius/debug-library/runs/1783066818924-tz2rco/events/turn-0001/2026-07-03T08-32-25-332Z-context-eed588b0e0.json
 create mode 100644 .omnius/debug-library/runs/1783066818924-tz2rco/events/turn-0001/2026-07-03T08-32-35-320Z-context-f6e8387755.json
 create mode 100644 .omnius/debug-library/runs/1783066818924-tz2rco/events/turn-0001/2026-07-03T08-33-12-122Z-task_complete-522ddc065b.json
 create mode 100644 .omnius/debug-library/runs/1783066818924-tz2rco/events/turn-0001/2026-07-03T08-33-20-157Z-todo_write-46bc600ed4.json
 create mode 100644 .omnius/debug-library/runs/1783066818924-tz2rco/events/turn-0002/2026-07-03T08-20-53-225Z-context-59713218ab.json
 create mode 100644 .omnius/debug-library/runs/1783066818924-tz2rco/events/turn-0002/2026-07-03T08-21-20-683Z-shell-f716c17cab.json
 create mode 100644 .omnius/debug-library/runs/1783066818924-tz2rco/events/turn-0002/2026-07-03T08-32-55-691Z-context-df01cef479.json
 create mode 100644 .omnius/debug-library/runs/1783066818924-tz2rco/events/turn-0002/2026-07-03T08-33-00-301Z-context-1b57441e21.json
 create mode 100644 .omnius/debug-library/runs/1783066818924-tz2rco/events/turn-0002/2026-07-03T08-33-29-872Z-todo_write-b2042fc6ea.json
 create mode 100644 .omnius/debug-library/runs/1783066818924-tz2rco/events/turn-0002/2026-07-03T08-33-35-513Z-memory_search-01200fbc7e.json
 create mode 100644 .omnius/debug-library/runs/1783066818924-tz2rco/events/turn-0003/2026-07-03T08-21-06-646Z-context-587ca4d9b0.json
 create mode 100644 .omnius/debug-library/runs/1783066818924-tz2rco/events/turn-0003/2026-07-03T08-21-36-877Z-shell-a033c38532.json
 create mode 100644 .omnius/debug-library/runs/1783066818924-tz2rco/events/turn-0003/2026-07-03T08-33-12-127Z-context-85d1d2b7d8.json
 create mode 100644 .omnius/debug-library/runs/1783066818924-tz2rco/events/turn-0003/2026-07-03T08-33-20-160Z-context-314bbf7a17.json
 create mode 100644 .omnius/debug-library/runs/1783066818924-tz2rco/events/turn-0004/2026-07-03T08-21-20-690Z-context-d6db2280e9.json
 create mode 100644 .omnius/debug-library/runs/1783066818924-tz2rco/events/turn-0004/2026-07-03T08-21-55-563Z-shell-9c35d5995f.json
 create mode 100644 .omnius/debug-library/runs/1783066818924-tz2rco/events/turn-0004/2026-07-03T08-33-29-877Z-context-d3780daba0.json
 create mode 100644 .omnius/debug-library/runs/1783066818924-tz2rco/events/turn-0004/2026-07-03T08-33-35-517Z-context-d75f465f99.json
 create mode 100644 .omnius/debug-library/runs/1783066818924-tz2rco/events/turn-0005/2026-07-03T08-21-36-887Z-context-ab89cf1567.json
 create mode 100644 .omnius/debug-library/runs/1783066818924-tz2rco/events/turn-0005/2026-07-03T08-22-12-557Z-shell-38b15da4d7.json
 create mode 100644 .omnius/debug-library/runs/1783066818924-tz2rco/events/turn-0006/2026-07-03T08-21-55-569Z-context-c7d89c2f59.json
 create mode 100644 .omnius/debug-library/runs/1783066818924-tz2rco/events/turn-0007/2026-07-03T08-22-12-569Z-context-4cfccbd0e4.json
 create mode 100644 .omnius/debug-library/runs/1783066818924-tz2rco/events/turn-0008/2026-07-03T08-22-41-464Z-context-0d6af73432.json
 create mode 100644 .omnius/debug-library/runs/1783066818924-tz2rco/events/turn-0009/2026-07-03T08-22-59-318Z-context-e80745d7c4.json
 create mode 100644 .omnius/debug-library/runs/1783066818924-tz2rco/events/turn-0010/2026-07-03T08-23-18-194Z-context-ee4689d213.json
 create mode 100644 .omnius/debug-library/runs/1783066818924-tz2rco/events/turn-0011/2026-07-03T08-23-39-550Z-context-f04851d3d0.json
 create mode 100644 .omnius/debug-library/runs/1783066818924-tz2rco/events/turn-0011/2026-07-03T08-24-35-103Z-file_edit-42f1bec4e5.json
 create mode 100644 .omnius/debug-library/runs/1783066818924-tz2rco/events/turn-0012/2026-07-03T08-24-09-861Z-context-a8fc54c548.json
 create mode 100644 .omnius/debug-library/runs/1783066818924-tz2rco/events/turn-0013/2026-07-03T08-24-35-113Z-context-170e4a07a7.json
 create mode 100644 .omnius/debug-library/runs/1783066818924-tz2rco/events/turn-0013/2026-07-03T08-25-31-710Z-file_read-2b5f63fdb2.json
 create mode 100644 .omnius/debug-library/runs/1783066818924-tz2rco/events/turn-0014/2026-07-03T08-24-59-546Z-context-6d9cc768c8.json
 create mode 100644 .omnius/debug-library/runs/1783066818924-tz2rco/events/turn-0015/2026-07-03T08-25-31-720Z-context-3855e5a751.json
 create mode 100644 .omnius/debug-library/runs/1783066818924-tz2rco/events/turn-0015/2026-07-03T08-26-29-771Z-file_edit-a0a4af862f.json
 create mode 100644 .omnius/debug-library/runs/1783066818924-tz2rco/events/turn-0016/2026-07-03T08-25-55-649Z-context-74909270c1.json
 create mode 100644 .omnius/debug-library/runs/1783066818924-tz2rco/events/turn-0017/2026-07-03T08-26-29-782Z-context-5c44e9b500.json
 create mode 100644 .omnius/debug-library/runs/1783066818924-tz2rco/events/turn-0017/2026-07-03T08-27-26-207Z-file_read-2b5f63fdb2.json
 create mode 100644 .omnius/debug-library/runs/1783066818924-tz2rco/events/turn-0018/2026-07-03T08-26-54-999Z-context-05dcf3c413.json
 create mode 100644 .omnius/debug-library/runs/1783066818924-tz2rco/events/turn-0019/2026-07-03T08-27-26-219Z-context-0e2ea43b8e.json
 create mode 100644 .omnius/debug-library/runs/1783066818924-tz2rco/events/turn-0019/2026-07-03T08-28-23-304Z-file_edit-bd07d8d536.json
 create mode 100644 .omnius/debug-library/runs/1783066818924-tz2rco/events/turn-0020/2026-07-03T08-27-53-187Z-context-31db73980b.json
 create mode 100644 .omnius/debug-library/runs/1783066818924-tz2rco/events/turn-0020/2026-07-03T08-28-55-786Z-file_edit-bd07d8d536.json
 create mode 100644 .omnius/debug-library/runs/1783066818924-tz2rco/events/turn-0021/2026-07-03T08-28-23-315Z-context-17bb6521e9.json
 create mode 100644 .omnius/debug-library/runs/1783066818924-tz2rco/events/turn-0022/2026-07-03T08-28-55-798Z-context-8861ba4010.json
 create mode 100644 .omnius/debug-library/runs/1783066818924-tz2rco/events/turn-0022/2026-07-03T08-30-02-926Z-file_edit-93f78dad1e.json
 create mode 100644 .omnius/debug-library/runs/1783066818924-tz2rco/events/turn-0023/2026-07-03T08-29-22-075Z-context-7a2b2fa579.json
 create mode 100644 .omnius/debug-library/runs/1783066818924-tz2rco/events/turn-0023/2026-07-03T08-30-39-458Z-file_read-3be1b4df68.json
 create mode 100644 .omnius/debug-library/runs/1783066818924-tz2rco/events/turn-0024/2026-07-03T08-30-02-942Z-context-63c3667cea.json
 create mode 100644 .omnius/debug-library/runs/1783066818924-tz2rco/events/turn-0024/2026-07-03T08-31-14-566Z-file_read-3be1b4df68.json
 create mode 100644 .omnius/debug-library/runs/1783066818924-tz2rco/events/turn-0025/2026-07-03T08-30-39-573Z-context-4d642e5087.json
 create mode 100644 .omnius/debug-library/runs/1783066818924-tz2rco/events/turn-0025/2026-07-03T08-32-01-155Z-file_read-3be1b4df68.json
 create mode 100644 .omnius/debug-library/runs/1783066818924-tz2rco/events/turn-0026/2026-07-03T08-31-14-576Z-context-a32cfef920.json
 create mode 100644 .omnius/debug-library/runs/1783066818924-tz2rco/index.json
 create mode 100644 .omnius/debug-library/runs/1783067649743-p1k5kq/README.md
 create mode 100644 .omnius/debug-library/runs/1783067649743-p1k5kq/events.jsonl
 create mode 100644 .omnius/debug-library/runs/1783067649743-p1k5kq/events/turn-0000/2026-07-03T08-34-10-395Z-context-764926d262.json
 create mode 100644 .omnius/debug-library/runs/1783067649743-p1k5kq/events/turn-0000/2026-07-03T08-34-27-015Z-context-003cd0ca5a.json
 create mode 100644 .omnius/debug-library/runs/1783067649743-p1k5kq/events/turn-0000/2026-07-03T08-34-53-186Z-context-54c28b20ad.json
 create mode 100644 .omnius/debug-library/runs/1783067649743-p1k5kq/events/turn-0000/2026-07-03T08-38-16-553Z-context-20cf5fc70b.json
 create mode 100644 .omnius/debug-library/runs/1783067649743-p1k5kq/events/turn-0000/2026-07-03T08-39-20-130Z-context-9432acc9ce.json
 create mode 100644 .omnius/debug-library/runs/1783067649743-p1k5kq/events/turn-0000/2026-07-03T08-39-56-560Z-context-b0a9778e2a.json
 create mode 100644 .omnius/debug-library/runs/1783067649743-p1k5kq/events/turn-0000/2026-07-03T08-40-33-463Z-context-bf65e866c1.json
 create mode 100644 .omnius/debug-library/runs/1783067649743-p1k5kq/events/turn-0000/2026-07-03T08-41-01-980Z-context-1dca810c20.json
 create mode 100644 .omnius/debug-library/runs/1783067649743-p1k5kq/events/turn-0000/2026-07-03T08-41-41-129Z-context-78b6d13055.json
 create mode 100644 .omnius/debug-library/runs/1783067649743-p1k5kq/events/turn-0000/2026-07-03T08-42-19-648Z-context-f554848409.json
 create mode 100644 .omnius/debug-library/runs/1783067649743-p1k5kq/events/turn-0000/2026-07-03T08-46-56-650Z-context-0da1a16875.json
 create mode 100644 .omnius/debug-library/runs/1783067649743-p1k5kq/events/turn-0000/2026-07-03T08-47-37-532Z-context-700e2ec138.json
 create mode 100644 .omnius/debug-library/runs/1783067649743-p1k5kq/events/turn-0000/2026-07-03T08-48-19-160Z-context-693c605925.json
 create mode 100644 .omnius/debug-library/runs/1783067649743-p1k5kq/events/turn-0000/2026-07-03T08-49-08-471Z-context-329fc36433.json
 create mode 100644 .omnius/debug-library/runs/1783067649743-p1k5kq/events/turn-0000/2026-07-03T08-49-54-067Z-context-bd6e5c8016.json
 create mode 100644 .omnius/debug-library/runs/1783067649743-p1k5kq/events/turn-0000/2026-07-03T08-50-38-985Z-context-8e2363096f.json
 create mode 100644 .omnius/debug-library/runs/1783067649743-p1k5kq/events/turn-0000/2026-07-03T08-51-26-152Z-context-d986504ea0.json
 create mode 100644 .omnius/debug-library/runs/1783067649743-p1k5kq/events/turn-0000/2026-07-03T08-52-31-535Z-context-5bcdeed734.json
 create mode 100644 .omnius/debug-library/runs/1783067649743-p1k5kq/events/turn-0000/2026-07-03T08-53-13-828Z-context-4be4923aee.json
 create mode 100644 .omnius/debug-library/runs/1783067649743-p1k5kq/events/turn-0000/2026-07-03T08-54-51-624Z-context-93d7395faa.json
 create mode 100644 .omnius/debug-library/runs/1783067649743-p1k5kq/events/turn-0000/2026-07-03T08-55-45-324Z-context-ff47c2f0d7.json
 create mode 100644 .omnius/debug-library/runs/1783067649743-p1k5kq/events/turn-0000/2026-07-03T08-56-43-232Z-context-518d20424a.json
 create mode 100644 .omnius/debug-library/runs/1783067649743-p1k5kq/events/turn-0000/2026-07-03T08-57-25-918Z-context-81c6abb7a5.json
 create mode 100644 .omnius/debug-library/runs/1783067649743-p1k5kq/events/turn-0000/2026-07-03T08-58-14-418Z-context-2059b7ca31.json
 create mode 100644 .omnius/debug-library/runs/1783067649743-p1k5kq/events/turn-0000/2026-07-03T08-59-00-744Z-context-de1578b523.json
 create mode 100644 .omnius/debug-library/runs/1783067649743-p1k5kq/events/turn-0000/2026-07-03T09-00-05-905Z-context-77d702deb6.json
 create mode 100644 .omnius/debug-library/runs/1783067649743-p1k5kq/events/turn-0000/2026-07-03T09-00-53-290Z-context-fe9c8731c4.json
 create mode 100644 .omnius/debug-library/runs/1783067649743-p1k5kq/events/turn-0000/2026-07-03T09-01-42-199Z-context-0abfea571e.json
 create mode 100644 .omnius/debug-library/runs/1783067649743-p1k5kq/events/turn-0000/2026-07-03T09-02-25-855Z-context-9bd1d385c0.json
 create mode 100644 .omnius/debug-library/runs/1783067649743-p1k5kq/events/turn-0000/2026-07-03T09-03-03-853Z-context-295e277f94.json
 create mode 100644 .omnius/debug-library/runs/1783067649743-p1k5kq/events/turn-0000/2026-07-03T09-03-43-492Z-context-68159c3aee.json
 create mode 100644 .omnius/debug-library/runs/1783067649743-p1k5kq/events/turn-0000/2026-07-03T09-04-27-035Z-context-a05881ea46.json
 create mode 100644 .omnius/debug-library/runs/1783067649743-p1k5kq/events/turn-0000/2026-07-03T09-07-45-504Z-context-88b5d232a7.json
 create mode 100644 .omnius/debug-library/runs/1783067649743-p1k5kq/events/turn-0000/2026-07-03T09-08-26-936Z-context-c6ae7f624b.json
 create mode 100644 .omnius/debug-library/runs/1783067649743-p1k5kq/events/turn-0000/2026-07-03T09-09-09-507Z-context-96f2d44e3e.json
 create mode 100644 .omnius/debug-library/runs/1783067649743-p1k5kq/events/turn-0000/2026-07-03T09-13-39-093Z-context-43ac18e7c0.json
 create mode 100644 .omnius/debug-library/runs/1783067649743-p1k5kq/events/turn-0000/2026-07-03T09-14-27-989Z-context-f5ca4e7225.json
 create mode 100644 .omnius/debug-library/runs/1783067649743-p1k5kq/events/turn-0000/2026-07-03T09-15-03-644Z-context-33d2ee5714.json
 create mode 100644 .omnius/debug-library/runs/1783067649743-p1k5kq/events/turn-0000/2026-07-03T09-15-35-399Z-context-abef23b42f.json
 create mode 100644 .omnius/debug-library/runs/1783067649743-p1k5kq/events/turn-0000/2026-07-03T09-16-02-657Z-context-7df066fdd0.json
 create mode 100644 .omnius/debug-library/runs/1783067649743-p1k5kq/events/turn-0000/2026-07-03T09-16-46-845Z-context-36c8e25a76.json
 create mode 100644 .omnius/debug-library/runs/1783067649743-p1k5kq/events/turn-0000/2026-07-03T09-17-33-957Z-context-a8264b0e44.json
 create mode 100644 .omnius/debug-library/runs/1783067649743-p1k5kq/events/turn-0000/2026-07-03T09-18-27-695Z-context-dbf0c7a508.json
 create mode 100644 .omnius/debug-library/runs/1783067649743-p1k5kq/events/turn-0000/2026-07-03T09-18-54-121Z-context-2b860c6cb0.json
 create mode 100644 .omnius/debug-library/runs/1783067649743-p1k5kq/events/turn-0000/2026-07-03T09-19-52-589Z-context-bd225d0da1.json
 create mode 100644 .omnius/debug-library/runs/1783067649743-p1k5kq/events/turn-0000/2026-07-03T09-20-39-914Z-context-a78ea414af.json
 create mode 100644 .omnius/debug-library/runs/1783067649743-p1k5kq/events/turn-0000/2026-07-03T09-21-11-343Z-context-1ff5ac5e84.json
 create mode 100644 .omnius/debug-library/runs/1783067649743-p1k5kq/events/turn-0000/2026-07-03T09-21-41-715Z-context-4965abb3e8.json
 create mode 100644 .omnius/debug-library/runs/1783067649743-p1k5kq/events/turn-0000/2026-07-03T09-23-05-719Z-context-9689b72d28.json
 create mode 100644 .omnius/debug-library/runs/1783067649743-p1k5kq/events/turn-0000/2026-07-03T09-23-44-144Z-context-53a8260546.json
 create mode 100644 .omnius/debug-library/runs/1783067649743-p1k5kq/events/turn-0000/2026-07-03T09-24-15-983Z-context-48487dffc5.json
 create mode 100644 .omnius/debug-library/runs/1783067649743-p1k5kq/events/turn-0000/2026-07-03T09-25-10-210Z-context-e2e3aa5e5c.json
 create mode 100644 .omnius/debug-library/runs/1783067649743-p1k5kq/events/turn-0000/2026-07-03T09-26-56-644Z-context-81bc447197.json
 create mode 100644 .omnius/debug-library/runs/1783067649743-p1k5kq/events/turn-0000/2026-07-03T09-27-50-215Z-context-c00287c259.json
 create mode 100644 .omnius/debug-library/runs/1783067649743-p1k5kq/events/turn-0000/2026-07-03T09-28-41-869Z-context-2c2bba6d8f.json
 create mode 100644 .omnius/debug-library/runs/1783067649743-p1k5kq/events/turn-0000/2026-07-03T09-32-42-335Z-context-7723d3723e.json
 create mode 100644 .omnius/debug-library/runs/1783067649743-p1k5kq/events/turn-0000/2026-07-03T09-33-11-638Z-context-5d3fcca6ad.json
 create mode 100644 .omnius/debug-library/runs/1783067649743-p1k5kq/events/turn-0000/2026-07-03T09-34-01-486Z-context-ada62a3cb9.json
 create mode 100644 .omnius/debug-library/runs/1783067649743-p1k5kq/events/turn-0000/2026-07-03T09-34-14-803Z-context-fd11cca970.json
 create mode 100644 .omnius/debug-library/runs/1783067649743-p1k5kq/events/turn-0000/2026-07-03T09-34-14-921Z-context-4c00f0fad1.json
 create mode 100644 .omnius/debug-library/runs/1783067649743-p1k5kq/events/turn-0000/2026-07-03T09-34-34-834Z-memory_read-5df2244ada.json
 create mode 100644 .omnius/debug-library/runs/1783067649743-p1k5kq/events/turn-0000/2026-07-03T09-34-40-630Z-shell-36c078ea6e.json
 create mode 100644 .omnius/debug-library/runs/1783067649743-p1k5kq/events/turn-0000/2026-07-03T09-34-40-631Z-memory_read-308ed4d540.json
 create mode 100644 .omnius/debug-library/runs/1783067649743-p1k5kq/events/turn-0000/2026-07-03T09-34-40-666Z-memory_read-7b0ee48767.json
 create mode 100644 .omnius/debug-library/runs/1783067649743-p1k5kq/events/turn-0000/2026-07-03T09-34-58-331Z-memory_search-59d4ea3666.json
 create mode 100644 .omnius/debug-library/runs/1783067649743-p1k5kq/events/turn-0000/2026-07-03T09-35-40-420Z-context-388983f7a5.json
 create mode 100644 .omnius/debug-library/runs/1783067649743-p1k5kq/events/turn-0000/2026-07-03T09-35-45-437Z-context-7fbc2327fe.json
 create mode 100644 .omnius/debug-library/runs/1783067649743-p1k5kq/events/turn-0000/2026-07-03T09-38-13-239Z-context-366a7b699e.json
 create mode 100644 .omnius/debug-library/runs/1783067649743-p1k5kq/events/turn-0000/2026-07-03T09-38-26-403Z-context-f7c94c9c53.json
 create mode 100644 .omnius/debug-library/runs/1783067649743-p1k5kq/events/turn-0000/2026-07-04T21-35-57-673Z-context-d1892906ea.json
 create mode 100644 .omnius/debug-library/runs/1783067649743-p1k5kq/events/turn-0001/2026-07-03T08-34-26-827Z-context-0aa6117262.json
 create mode 100644 .omnius/debug-library/runs/1783067649743-p1k5kq/events/turn-0001/2026-07-03T08-34-52-959Z-shell-2241a11a36.json
 create mode 100644 .omnius/debug-library/runs/1783067649743-p1k5kq/events/turn-0001/2026-07-03T09-14-27-768Z-context-83a77c1711.json
 create mode 100644 .omnius/debug-library/runs/1783067649743-p1k5kq/events/turn-0001/2026-07-03T09-34-34-839Z-context-cd262f9a20.json
 create mode 100644 .omnius/debug-library/runs/1783067649743-p1k5kq/events/turn-0001/2026-07-03T09-34-40-670Z-context-1bc2d70479.json
 create mode 100644 .omnius/debug-library/runs/1783067649743-p1k5kq/events/turn-0001/2026-07-03T09-35-03-688Z-list_directory-503c865d36.json
 create mode 100644 .omnius/debug-library/runs/1783067649743-p1k5kq/events/turn-0001/2026-07-03T09-35-08-895Z-todo_write-181d1abd8a.json
 create mode 100644 .omnius/debug-library/runs/1783067649743-p1k5kq/events/turn-0001/2026-07-03T09-35-53-142Z-context-dda8628685.json
 create mode 100644 .omnius/debug-library/runs/1783067649743-p1k5kq/events/turn-0001/2026-07-03T09-36-03-481Z-context-75adfb1214.json
 create mode 100644 .omnius/debug-library/runs/1783067649743-p1k5kq/events/turn-0001/2026-07-03T09-39-00-050Z-context-6ac8dbba04.json
 create mode 100644 .omnius/debug-library/runs/1783067649743-p1k5kq/events/turn-0001/2026-07-03T09-39-09-849Z-context-ea13ba17e2.json
 create mode 100644 .omnius/debug-library/runs/1783067649743-p1k5kq/events/turn-0001/2026-07-04T21-36-28-796Z-context-b109e33ec6.json
 create mode 100644 .omnius/debug-library/runs/1783067649743-p1k5kq/events/turn-0002/2026-07-03T08-34-39-621Z-context-f0dc315836.json
 create mode 100644 .omnius/debug-library/runs/1783067649743-p1k5kq/events/turn-0002/2026-07-03T09-14-51-439Z-context-77cef8a036.json
 create mode 100644 .omnius/debug-library/runs/1783067649743-p1k5kq/events/turn-0002/2026-07-03T09-34-50-086Z-context-8f4022a8ad.json
 create mode 100644 .omnius/debug-library/runs/1783067649743-p1k5kq/events/turn-0002/2026-07-03T09-34-58-358Z-context-dc7bd72fb6.json
 create mode 100644 .omnius/debug-library/runs/1783067649743-p1k5kq/events/turn-0002/2026-07-03T09-35-25-696Z-memory_search-6041a39879.json
 create mode 100644 .omnius/debug-library/runs/1783067649743-p1k5kq/events/turn-0002/2026-07-03T09-35-30-883Z-memory_read-308ed4d540.json
 create mode 100644 .omnius/debug-library/runs/1783067649743-p1k5kq/events/turn-0002/2026-07-03T09-35-30-960Z-memory_read-7b0ee48767.json
 create mode 100644 .omnius/debug-library/runs/1783067649743-p1k5kq/events/turn-0002/2026-07-03T09-36-17-197Z-context-4a60bcafa4.json
 create mode 100644 .omnius/debug-library/runs/1783067649743-p1k5kq/events/turn-0002/2026-07-03T09-36-33-546Z-context-905cac5f13.json
 create mode 100644 .omnius/debug-library/runs/1783067649743-p1k5kq/events/turn-0002/2026-07-04T21-38-33-860Z-context-04801a98bf.json
 create mode 100644 .omnius/debug-library/runs/1783067649743-p1k5kq/events/turn-0003/2026-07-03T08-34-52-966Z-context-1a95d8d73e.json
 create mode 100644 .omnius/debug-library/runs/1783067649743-p1k5kq/events/turn-0003/2026-07-03T09-15-03-594Z-context-a1451e3177.json
 create mode 100644 .omnius/debug-library/runs/1783067649743-p1k5kq/events/turn-0003/2026-07-03T09-35-03-692Z-context-15f144fc3a.json
 create mode 100644 .omnius/debug-library/runs/1783067649743-p1k5kq/events/turn-0003/2026-07-03T09-35-08-901Z-context-92622ed740.json
 create mode 100644 .omnius/debug-library/runs/1783067649743-p1k5kq/events/turn-0003/2026-07-03T09-35-40-415Z-file_write-6adf01bde7.json
 create mode 100644 .omnius/debug-library/runs/1783067649743-p1k5kq/events/turn-0003/2026-07-03T09-35-45-434Z-list_directory-9eee5e709a.json
 create mode 100644 .omnius/debug-library/runs/1783067649743-p1k5kq/events/turn-0003/2026-07-03T09-36-43-934Z-context-ed1b75a6a0.json
 create mode 100644 .omnius/debug-library/runs/1783067649743-p1k5kq/events/turn-0003/2026-07-03T09-36-53-078Z-context-8b56dc9254.json
 create mode 100644 .omnius/debug-library/runs/1783067649743-p1k5kq/events/turn-0003/2026-07-04T21-39-02-812Z-context-a710361a80.json
 create mode 100644 .omnius/debug-library/runs/1783067649743-p1k5kq/events/turn-0004/2026-07-03T08-35-07-483Z-context-30cf3e1b6e.json
 create mode 100644 .omnius/debug-library/runs/1783067649743-p1k5kq/events/turn-0004/2026-07-03T09-15-35-197Z-context-9b34286d6e.json
 create mode 100644 .omnius/debug-library/runs/1783067649743-p1k5kq/events/turn-0004/2026-07-03T09-35-25-700Z-context-4ae4b1ccc5.json
 create mode 100644 .omnius/debug-library/runs/1783067649743-p1k5kq/events/turn-0004/2026-07-03T09-35-30-963Z-context-b99c771e73.json
 create mode 100644 .omnius/debug-library/runs/1783067649743-p1k5kq/events/turn-0004/2026-07-03T09-35-53-104Z-memory_search-6041a39879.json
 create mode 100644 .omnius/debug-library/runs/1783067649743-p1k5kq/events/turn-0004/2026-07-03T09-36-03-476Z-task_complete-c146904165.json
 create mode 100644 .omnius/debug-library/runs/1783067649743-p1k5kq/events/turn-0004/2026-07-03T09-36-17-192Z-todo_write-37cebe81bc.json
 create mode 100644 .omnius/debug-library/runs/1783067649743-p1k5kq/events/turn-0004/2026-07-03T09-36-33-542Z-todo_write-e56668e6b6.json
 create mode 100644 .omnius/debug-library/runs/1783067649743-p1k5kq/events/turn-0004/2026-07-03T09-36-43-931Z-task_complete-033f8e68d4.json
 create mode 100644 .omnius/debug-library/runs/1783067649743-p1k5kq/events/turn-0004/2026-07-03T09-36-53-073Z-task_complete-366c81924b.json
 create mode 100644 .omnius/debug-library/runs/1783067649743-p1k5kq/events/turn-0004/2026-07-03T09-37-50-065Z-context-6bc2bef370.json
 create mode 100644 .omnius/debug-library/runs/1783067649743-p1k5kq/events/turn-0004/2026-07-03T09-37-58-855Z-task_complete-eb2c6615d6.json
 create mode 100644 .omnius/debug-library/runs/1783067649743-p1k5kq/events/turn-0004/2026-07-03T09-37-58-858Z-context-6bd5680a84.json
 create mode 100644 .omnius/debug-library/runs/1783067649743-p1k5kq/events/turn-0004/2026-07-03T09-38-13-235Z-task_complete-b929a84099.json
 create mode 100644 .omnius/debug-library/runs/1783067649743-p1k5kq/events/turn-0004/2026-07-03T09-38-26-398Z-file_write-b9f22fc49c.json
 create mode 100644 .omnius/debug-library/runs/1783067649743-p1k5kq/events/turn-0004/2026-07-03T09-39-00-045Z-task_complete-9901c6a33e.json
 create mode 100644 .omnius/debug-library/runs/1783067649743-p1k5kq/events/turn-0004/2026-07-04T21-39-29-227Z-context-93dbcedc17.json
 create mode 100644 .omnius/debug-library/runs/1783067649743-p1k5kq/events/turn-0005/2026-07-03T08-35-22-754Z-context-c0467594a6.json
 create mode 100644 .omnius/debug-library/runs/1783067649743-p1k5kq/events/turn-0005/2026-07-03T09-16-02-563Z-context-f43bd8dfab.json
 create mode 100644 .omnius/debug-library/runs/1783067649743-p1k5kq/events/turn-0005/2026-07-04T21-39-56-428Z-context-7a5c795242.json
 create mode 100644 .omnius/debug-library/runs/1783067649743-p1k5kq/events/turn-0006/2026-07-03T08-35-39-490Z-context-f6145b5ed3.json
 create mode 100644 .omnius/debug-library/runs/1783067649743-p1k5kq/events/turn-0006/2026-07-03T09-16-46-752Z-context-9691b88fb1.json
 create mode 100644 .omnius/debug-library/runs/1783067649743-p1k5kq/events/turn-0006/2026-07-04T21-40-25-596Z-context-0420b82304.json
 create mode 100644 .omnius/debug-library/runs/1783067649743-p1k5kq/events/turn-0006/2026-07-04T21-41-26-562Z-file_edit-cf4cf2b1d3.json
 create mode 100644 .omnius/debug-library/runs/1783067649743-p1k5kq/events/turn-0007/2026-07-03T08-35-58-632Z-context-fb5a32c7df.json
 create mode 100644 .omnius/debug-library/runs/1783067649743-p1k5kq/events/turn-0007/2026-07-03T08-37-39-759Z-shell-1567cbf633.json
 create mode 100644 .omnius/debug-library/runs/1783067649743-p1k5kq/events/turn-0007/2026-07-03T09-17-04-427Z-context-e9203919e9.json
 create mode 100644 .omnius/debug-library/runs/1783067649743-p1k5kq/events/turn-0007/2026-07-04T21-41-01-603Z-context-b449e3f34b.json
 create mode 100644 .omnius/debug-library/runs/1783067649743-p1k5kq/events/turn-0008/2026-07-03T08-37-12-765Z-context-50325ddf08.json
 create mode 100644 .omnius/debug-library/runs/1783067649743-p1k5kq/events/turn-0008/2026-07-03T08-38-16-324Z-file_write-a2d12ed70c.json
 create mode 100644 .omnius/debug-library/runs/1783067649743-p1k5kq/events/turn-0008/2026-07-03T09-17-33-864Z-context-9210b86ca2.json
 create mode 100644 .omnius/debug-library/runs/1783067649743-p1k5kq/events/turn-0008/2026-07-04T21-41-26-582Z-context-37acab2f9d.json
 create mode 100644 .omnius/debug-library/runs/1783067649743-p1k5kq/events/turn-0008/2026-07-04T21-42-31-393Z-file_edit-cf4cf2b1d3.json
 create mode 100644 .omnius/debug-library/runs/1783067649743-p1k5kq/events/turn-0009/2026-07-03T08-37-39-770Z-context-6c6a238ca5.json
 create mode 100644 .omnius/debug-library/runs/1783067649743-p1k5kq/events/turn-0009/2026-07-03T09-18-17-769Z-context-a7c05ec468.json
 create mode 100644 .omnius/debug-library/runs/1783067649743-p1k5kq/events/turn-0009/2026-07-04T21-41-57-372Z-context-d036edb242.json
 create mode 100644 .omnius/debug-library/runs/1783067649743-p1k5kq/events/turn-0010/2026-07-03T08-38-16-342Z-context-55fa72a9b7.json
 create mode 100644 .omnius/debug-library/runs/1783067649743-p1k5kq/events/turn-0010/2026-07-03T08-39-19-991Z-file_write-6b67715651.json
 create mode 100644 .omnius/debug-library/runs/1783067649743-p1k5kq/events/turn-0010/2026-07-03T09-18-28-918Z-context-40cd3541b4.json
 create mode 100644 .omnius/debug-library/runs/1783067649743-p1k5kq/events/turn-0010/2026-07-04T21-42-31-416Z-context-70f221e6bd.json
 create mode 100644 .omnius/debug-library/runs/1783067649743-p1k5kq/events/turn-0010/2026-07-04T21-43-38-411Z-file_read-53eec49ab1.json
 create mode 100644 .omnius/debug-library/runs/1783067649743-p1k5kq/events/turn-0011/2026-07-03T08-38-37-957Z-context-43b5ca11fa.json
 create mode 100644 .omnius/debug-library/runs/1783067649743-p1k5kq/events/turn-0011/2026-07-03T08-39-56-346Z-file_edit-4d3d032b28.json
 create mode 100644 .omnius/debug-library/runs/1783067649743-p1k5kq/events/turn-0011/2026-07-03T09-18-45-813Z-context-52c78dc0e6.json
 create mode 100644 .omnius/debug-library/runs/1783067649743-p1k5kq/events/turn-0011/2026-07-04T21-43-07-319Z-context-c9143630ac.json
 create mode 100644 .omnius/debug-library/runs/1783067649743-p1k5kq/events/turn-0011/2026-07-04T21-44-26-186Z-file_edit-cf4cf2b1d3.json
 create mode 100644 .omnius/debug-library/runs/1783067649743-p1k5kq/events/turn-0012/2026-07-03T08-39-20-001Z-context-2edb26ecfd.json
 create mode 100644 .omnius/debug-library/runs/1783067649743-p1k5kq/events/turn-0012/2026-07-03T08-40-33-147Z-file_edit-4d3d032b28.json
 create mode 100644 .omnius/debug-library/runs/1783067649743-p1k5kq/events/turn-0012/2026-07-03T09-18-54-066Z-context-92d6e07fc1.json
 create mode 100644 .omnius/debug-library/runs/1783067649743-p1k5kq/events/turn-0012/2026-07-04T21-43-38-425Z-context-54d45e54d3.json
 create mode 100644 .omnius/debug-library/runs/1783067649743-p1k5kq/events/turn-0012/2026-07-04T21-45-12-816Z-file_patch-d11aaab779.json
 create mode 100644 .omnius/debug-library/runs/1783067649743-p1k5kq/events/turn-0013/2026-07-03T08-39-56-358Z-context-68208fc4b7.json
 create mode 100644 .omnius/debug-library/runs/1783067649743-p1k5kq/events/turn-0013/2026-07-03T08-41-01-778Z-file_read-c9e23462f9.json
 create mode 100644 .omnius/debug-library/runs/1783067649743-p1k5kq/events/turn-0013/2026-07-03T09-19-44-795Z-context-4fbc7d359d.json
 create mode 100644 .omnius/debug-library/runs/1783067649743-p1k5kq/events/turn-0013/2026-07-04T21-44-26-202Z-context-469ed1474f.json
 create mode 100644 .omnius/debug-library/runs/1783067649743-p1k5kq/events/turn-0013/2026-07-04T21-45-49-914Z-shell-7dbd11d0dd.json
 create mode 100644 .omnius/debug-library/runs/1783067649743-p1k5kq/events/turn-0014/2026-07-03T08-40-33-159Z-context-cb8b2f25f7.json
 create mode 100644 .omnius/debug-library/runs/1783067649743-p1k5kq/events/turn-0014/2026-07-03T08-41-40-913Z-file_edit-4d3d032b28.json
 create mode 100644 .omnius/debug-library/runs/1783067649743-p1k5kq/events/turn-0014/2026-07-03T09-19-52-394Z-context-223500ed28.json
 create mode 100644 .omnius/debug-library/runs/1783067649743-p1k5kq/events/turn-0014/2026-07-04T21-45-12-843Z-context-d170a59e41.json
 create mode 100644 .omnius/debug-library/runs/1783067649743-p1k5kq/events/turn-0014/2026-07-04T21-46-27-936Z-shell-c510b5a50b.json
 create mode 100644 .omnius/debug-library/runs/1783067649743-p1k5kq/events/turn-0015/2026-07-03T08-41-01-788Z-context-6020f720f3.json
 create mode 100644 .omnius/debug-library/runs/1783067649743-p1k5kq/events/turn-0015/2026-07-03T09-20-00-711Z-context-3b7438cd06.json
 create mode 100644 .omnius/debug-library/runs/1783067649743-p1k5kq/events/turn-0015/2026-07-04T21-45-49-938Z-context-8e6e326faf.json
 create mode 100644 .omnius/debug-library/runs/1783067649743-p1k5kq/events/turn-0015/2026-07-04T21-47-01-658Z-file_read-53eec49ab1.json
 create mode 100644 .omnius/debug-library/runs/1783067649743-p1k5kq/events/turn-0016/2026-07-03T08-41-40-930Z-context-9ef565571e.json
 create mode 100644 .omnius/debug-library/runs/1783067649743-p1k5kq/events/turn-0016/2026-07-03T09-20-39-716Z-context-47b8728be8.json
 create mode 100644 .omnius/debug-library/runs/1783067649743-p1k5kq/events/turn-0016/2026-07-04T21-46-27-954Z-context-48085cf5da.json
 create mode 100644 .omnius/debug-library/runs/1783067649743-p1k5kq/events/turn-0016/2026-07-04T21-47-43-048Z-shell-385d5f4830.json
 create mode 100644 .omnius/debug-library/runs/1783067649743-p1k5kq/events/turn-0017/2026-07-03T08-42-19-371Z-context-1994b74423.json
 create mode 100644 .omnius/debug-library/runs/1783067649743-p1k5kq/events/turn-0017/2026-07-03T09-20-49-488Z-context-7b4a8047de.json
 create mode 100644 .omnius/debug-library/runs/1783067649743-p1k5kq/events/turn-0017/2026-07-04T21-47-01-675Z-context-95eaa114bc.json
 create mode 100644 .omnius/debug-library/runs/1783067649743-p1k5kq/events/turn-0018/2026-07-03T08-42-49-115Z-context-0dc796ad92.json
 create mode 100644 .omnius/debug-library/runs/1783067649743-p1k5kq/events/turn-0018/2026-07-03T08-44-10-946Z-shell-b70dbf06b4.json
 create mode 100644 .omnius/debug-library/runs/1783067649743-p1k5kq/events/turn-0018/2026-07-03T09-20-59-738Z-context-bca53ad7ee.json
 create mode 100644 .omnius/debug-library/runs/1783067649743-p1k5kq/events/turn-0018/2026-07-04T21-47-43-069Z-context-55eae7d9af.json
 create mode 100644 .omnius/debug-library/runs/1783067649743-p1k5kq/events/turn-0018/2026-07-04T21-48-55-390Z-shell-9d5b008d83.json
 create mode 100644 .omnius/debug-library/runs/1783067649743-p1k5kq/events/turn-0019/2026-07-03T08-43-27-957Z-context-42fc4660ab.json
 create mode 100644 .omnius/debug-library/runs/1783067649743-p1k5kq/events/turn-0019/2026-07-03T08-45-06-782Z-shell-b70dbf06b4.json
 create mode 100644 .omnius/debug-library/runs/1783067649743-p1k5kq/events/turn-0019/2026-07-03T09-21-11-219Z-context-40e7ae8522.json
 create mode 100644 .omnius/debug-library/runs/1783067649743-p1k5kq/events/turn-0019/2026-07-04T21-48-19-176Z-context-6c7d3d9997.json
 create mode 100644 .omnius/debug-library/runs/1783067649743-p1k5kq/events/turn-0019/2026-07-04T21-49-33-879Z-file_read-c9e23462f9.json
 create mode 100644 .omnius/debug-library/runs/1783067649743-p1k5kq/events/turn-0020/2026-07-03T09-21-20-995Z-context-afc7281e48.json
 create mode 100644 .omnius/debug-library/runs/1783067649743-p1k5kq/events/turn-0020/2026-07-04T21-48-55-409Z-context-dbe49b23aa.json
 create mode 100644 .omnius/debug-library/runs/1783067649743-p1k5kq/events/turn-0021/2026-07-03T08-44-24-468Z-context-6a9c90b929.json
 create mode 100644 .omnius/debug-library/runs/1783067649743-p1k5kq/events/turn-0021/2026-07-03T08-46-02-851Z-shell-ad265fa618.json
 create mode 100644 .omnius/debug-library/runs/1783067649743-p1k5kq/events/turn-0021/2026-07-03T09-21-29-117Z-context-12bedfaf89.json
 create mode 100644 .omnius/debug-library/runs/1783067649743-p1k5kq/events/turn-0021/2026-07-04T21-49-33-899Z-context-c1282d0657.json
 create mode 100644 .omnius/debug-library/runs/1783067649743-p1k5kq/events/turn-0021/2026-07-04T21-50-58-118Z-file_read-c9e23462f9.json
 create mode 100644 .omnius/debug-library/runs/1783067649743-p1k5kq/events/turn-0022/2026-07-03T09-21-41-634Z-context-0928fb775a.json
 create mode 100644 .omnius/debug-library/runs/1783067649743-p1k5kq/events/turn-0022/2026-07-04T21-50-14-257Z-context-0ff84aa8e9.json
 create mode 100644 .omnius/debug-library/runs/1783067649743-p1k5kq/events/turn-0023/2026-07-03T08-45-20-498Z-context-b7e8528724.json
 create mode 100644 .omnius/debug-library/runs/1783067649743-p1k5kq/events/turn-0023/2026-07-03T08-46-56-396Z-shell-ef608c8ad2.json
 create mode 100644 .omnius/debug-library/runs/1783067649743-p1k5kq/events/turn-0023/2026-07-03T09-21-52-869Z-context-d933f5661d.json
 create mode 100644 .omnius/debug-library/runs/1783067649743-p1k5kq/events/turn-0023/2026-07-04T21-50-58-134Z-context-02a6ffed99.json
 create mode 100644 .omnius/debug-library/runs/1783067649743-p1k5kq/events/turn-0023/2026-07-04T21-52-26-028Z-file_read-c9e23462f9.json
 create mode 100644 .omnius/debug-library/runs/1783067649743-p1k5kq/events/turn-0024/2026-07-03T09-22-03-212Z-context-6a86c70d5f.json
 create mode 100644 .omnius/debug-library/runs/1783067649743-p1k5kq/events/turn-0024/2026-07-04T21-51-45-928Z-context-b348175992.json
 create mode 100644 .omnius/debug-library/runs/1783067649743-p1k5kq/events/turn-0024/2026-07-04T21-53-21-829Z-file_read-c9e23462f9.json
 create mode 100644 .omnius/debug-library/runs/1783067649743-p1k5kq/events/turn-0025/2026-07-03T08-46-15-287Z-context-2c6b511c77.json
 create mode 100644 .omnius/debug-library/runs/1783067649743-p1k5kq/events/turn-0025/2026-07-03T08-47-37-291Z-shell-ef608c8ad2.json
 create mode 100644 .omnius/debug-library/runs/1783067649743-p1k5kq/events/turn-0025/2026-07-03T09-22-44-847Z-context-1870c05b85.json
 create mode 100644 .omnius/debug-library/runs/1783067649743-p1k5kq/events/turn-0025/2026-07-04T21-52-26-045Z-context-ce92c5c281.json
 create mode 100644 .omnius/debug-library/runs/1783067649743-p1k5kq/events/turn-0026/2026-07-03T08-46-56-408Z-context-2e63175fe6.json
 create mode 100644 .omnius/debug-library/runs/1783067649743-p1k5kq/events/turn-0026/2026-07-03T08-48-18-906Z-shell-a08fd6b26f.json
 create mode 100644 .omnius/debug-library/runs/1783067649743-p1k5kq/events/turn-0026/2026-07-03T09-22-55-582Z-context-9f0a67d7a5.json
 create mode 100644 .omnius/debug-library/runs/1783067649743-p1k5kq/events/turn-0026/2026-07-04T21-53-21-844Z-context-aac932350f.json
 create mode 100644 .omnius/debug-library/runs/1783067649743-p1k5kq/events/turn-0026/2026-07-04T21-55-01-507Z-file_patch-5c324e00b4.json
 create mode 100644 .omnius/debug-library/runs/1783067649743-p1k5kq/events/turn-0027/2026-07-03T08-47-37-303Z-context-4acfd3f1b0.json
 create mode 100644 .omnius/debug-library/runs/1783067649743-p1k5kq/events/turn-0027/2026-07-03T09-23-05-472Z-context-4c71c91536.json
 create mode 100644 .omnius/debug-library/runs/1783067649743-p1k5kq/events/turn-0027/2026-07-04T21-54-15-974Z-context-283007fa40.json
 create mode 100644 .omnius/debug-library/runs/1783067649743-p1k5kq/events/turn-0027/2026-07-04T21-55-45-897Z-file_read-c9e23462f9.json
 create mode 100644 .omnius/debug-library/runs/1783067649743-p1k5kq/events/turn-0028/2026-07-03T08-48-18-919Z-context-d1ce205554.json
 create mode 100644 .omnius/debug-library/runs/1783067649743-p1k5kq/events/turn-0028/2026-07-03T08-49-53-846Z-file_edit-569cf663ae.json
 create mode 100644 .omnius/debug-library/runs/1783067649743-p1k5kq/events/turn-0028/2026-07-03T09-23-18-667Z-context-1caafa786f.json
 create mode 100644 .omnius/debug-library/runs/1783067649743-p1k5kq/events/turn-0028/2026-07-04T21-55-01-527Z-context-eb94368648.json
 create mode 100644 .omnius/debug-library/runs/1783067649743-p1k5kq/events/turn-0028/2026-07-04T21-56-51-228Z-shell-71cb1611b1.json
 create mode 100644 .omnius/debug-library/runs/1783067649743-p1k5kq/events/turn-0029/2026-07-03T08-49-08-263Z-context-5de716dc97.json
 create mode 100644 .omnius/debug-library/runs/1783067649743-p1k5kq/events/turn-0029/2026-07-03T08-50-38-707Z-shell-b5f8c3d9b9.json
 create mode 100644 .omnius/debug-library/runs/1783067649743-p1k5kq/events/turn-0029/2026-07-03T09-23-44-033Z-context-a0c74a9dd4.json
 create mode 100644 .omnius/debug-library/runs/1783067649743-p1k5kq/events/turn-0029/2026-07-04T21-55-45-911Z-context-c38cbe8fc1.json
 create mode 100644 .omnius/debug-library/runs/1783067649743-p1k5kq/events/turn-0029/2026-07-04T21-57-39-318Z-shell-bf72408335.json
 create mode 100644 .omnius/debug-library/runs/1783067649743-p1k5kq/events/turn-0030/2026-07-03T08-49-53-863Z-context-1587f56f20.json
 create mode 100644 .omnius/debug-library/runs/1783067649743-p1k5kq/events/turn-0030/2026-07-03T09-23-57-674Z-context-8bff97e671.json
 create mode 100644 .omnius/debug-library/runs/1783067649743-p1k5kq/events/turn-0030/2026-07-04T21-56-51-259Z-context-b1a764a239.json
 create mode 100644 .omnius/debug-library/runs/1783067649743-p1k5kq/events/turn-0030/2026-07-04T21-58-25-273Z-file_read-7b800f7892.json
 create mode 100644 .omnius/debug-library/runs/1783067649743-p1k5kq/events/turn-0031/2026-07-03T08-50-38-725Z-context-ac0698cc62.json
 create mode 100644 .omnius/debug-library/runs/1783067649743-p1k5kq/events/turn-0031/2026-07-03T09-24-15-816Z-context-8fdf9b3a8e.json
 create mode 100644 .omnius/debug-library/runs/1783067649743-p1k5kq/events/turn-0031/2026-07-04T21-57-39-336Z-context-e11efadb92.json
 create mode 100644 .omnius/debug-library/runs/1783067649743-p1k5kq/events/turn-0031/2026-07-04T21-59-13-558Z-shell-1cddaf94e2.json
 create mode 100644 .omnius/debug-library/runs/1783067649743-p1k5kq/events/turn-0032/2026-07-03T08-51-25-937Z-context-5cd44d9506.json
 create mode 100644 .omnius/debug-library/runs/1783067649743-p1k5kq/events/turn-0032/2026-07-03T09-24-26-041Z-context-dc562fbc93.json
 create mode 100644 .omnius/debug-library/runs/1783067649743-p1k5kq/events/turn-0032/2026-07-04T21-58-25-293Z-context-c66b323f7b.json
 create mode 100644 .omnius/debug-library/runs/1783067649743-p1k5kq/events/turn-0032/2026-07-04T22-00-04-845Z-file_patch-df60df8ed4.json
 create mode 100644 .omnius/debug-library/runs/1783067649743-p1k5kq/events/turn-0033/2026-07-03T08-52-31-247Z-context-12d0086eb3.json
 create mode 100644 .omnius/debug-library/runs/1783067649743-p1k5kq/events/turn-0033/2026-07-03T08-53-55-953Z-file_read-7c3d24eb4b.json
 create mode 100644 .omnius/debug-library/runs/1783067649743-p1k5kq/events/turn-0033/2026-07-03T09-24-38-863Z-context-b4ac3cd425.json
 create mode 100644 .omnius/debug-library/runs/1783067649743-p1k5kq/events/turn-0033/2026-07-04T21-59-13-586Z-context-a2355c6fec.json
 create mode 100644 .omnius/debug-library/runs/1783067649743-p1k5kq/events/turn-0033/2026-07-04T22-00-54-137Z-shell-fa22764269.json
 create mode 100644 .omnius/debug-library/runs/1783067649743-p1k5kq/events/turn-0034/2026-07-03T08-53-13-630Z-context-00d16588bc.json
 create mode 100644 .omnius/debug-library/runs/1783067649743-p1k5kq/events/turn-0034/2026-07-03T08-54-51-318Z-file_write-b45298bd90.json
 create mode 100644 .omnius/debug-library/runs/1783067649743-p1k5kq/events/turn-0034/2026-07-03T09-25-10-138Z-context-d908622d6a.json
 create mode 100644 .omnius/debug-library/runs/1783067649743-p1k5kq/events/turn-0034/2026-07-04T22-00-04-867Z-context-caebc43456.json
 create mode 100644 .omnius/debug-library/runs/1783067649743-p1k5kq/events/turn-0034/2026-07-04T22-01-50-000Z-shell-ebc52cf54a.json
 create mode 100644 .omnius/debug-library/runs/1783067649743-p1k5kq/events/turn-0035/2026-07-03T08-53-55-965Z-context-59e04f4d50.json
 create mode 100644 .omnius/debug-library/runs/1783067649743-p1k5kq/events/turn-0035/2026-07-03T08-55-45-041Z-file_patch-310026ef1c.json
 create mode 100644 .omnius/debug-library/runs/1783067649743-p1k5kq/events/turn-0035/2026-07-03T09-25-54-753Z-context-17394161c5.json
 create mode 100644 .omnius/debug-library/runs/1783067649743-p1k5kq/events/turn-0035/2026-07-04T22-00-54-160Z-context-73222a2cbc.json
 create mode 100644 .omnius/debug-library/runs/1783067649743-p1k5kq/events/turn-0035/2026-07-04T22-02-40-124Z-file_read-8eb1b07c1f.json
 create mode 100644 .omnius/debug-library/runs/1783067649743-p1k5kq/events/turn-0035/2026-07-04T22-02-40-299Z-file_read-ef152ce586.json
 create mode 100644 .omnius/debug-library/runs/1783067649743-p1k5kq/events/turn-0036/2026-07-03T08-54-51-334Z-context-fc8abcf31f.json
 create mode 100644 .omnius/debug-library/runs/1783067649743-p1k5kq/events/turn-0036/2026-07-03T08-56-43-018Z-file_edit-2dcbdd73c7.json
 create mode 100644 .omnius/debug-library/runs/1783067649743-p1k5kq/events/turn-0036/2026-07-03T09-26-17-372Z-context-f358e331fd.json
 create mode 100644 .omnius/debug-library/runs/1783067649743-p1k5kq/events/turn-0036/2026-07-04T22-01-50-021Z-context-ccfc22b07d.json
 create mode 100644 .omnius/debug-library/runs/1783067649743-p1k5kq/events/turn-0036/2026-07-04T22-03-29-328Z-file_read-1fb2c3600c.json
 create mode 100644 .omnius/debug-library/runs/1783067649743-p1k5kq/events/turn-0037/2026-07-03T08-55-45-056Z-context-56e75ddd91.json
 create mode 100644 .omnius/debug-library/runs/1783067649743-p1k5kq/events/turn-0037/2026-07-03T09-26-46-663Z-context-13433b6ebe.json
 create mode 100644 .omnius/debug-library/runs/1783067649743-p1k5kq/events/turn-0037/2026-07-04T22-02-40-318Z-context-48bf8f1d7a.json
 create mode 100644 .omnius/debug-library/runs/1783067649743-p1k5kq/events/turn-0038/2026-07-03T08-56-43-030Z-context-a4bdd13add.json
 create mode 100644 .omnius/debug-library/runs/1783067649743-p1k5kq/events/turn-0038/2026-07-03T09-26-56-294Z-context-f95b194211.json
 create mode 100644 .omnius/debug-library/runs/1783067649743-p1k5kq/events/turn-0038/2026-07-04T22-03-29-349Z-context-59eced37a1.json
 create mode 100644 .omnius/debug-library/runs/1783067649743-p1k5kq/events/turn-0038/2026-07-04T22-05-09-658Z-shell-947246f8c5.json
 create mode 100644 .omnius/debug-library/runs/1783067649743-p1k5kq/events/turn-0039/2026-07-03T08-57-25-691Z-context-6d10fdfb03.json
 create mode 100644 .omnius/debug-library/runs/1783067649743-p1k5kq/events/turn-0039/2026-07-03T09-27-49-999Z-context-39aab35650.json
 create mode 100644 .omnius/debug-library/runs/1783067649743-p1k5kq/events/turn-0039/2026-07-04T22-04-18-225Z-context-170caab6ee.json
 create mode 100644 .omnius/debug-library/runs/1783067649743-p1k5kq/events/turn-0039/2026-07-04T22-06-00-308Z-shell-fa22764269.json
 create mode 100644 .omnius/debug-library/runs/1783067649743-p1k5kq/events/turn-0039/2026-07-04T22-06-01-450Z-shell-947246f8c5.json
 create mode 100644 .omnius/debug-library/runs/1783067649743-p1k5kq/events/turn-0040/2026-07-03T08-58-14-221Z-context-84ce3eb22a.json
 create mode 100644 .omnius/debug-library/runs/1783067649743-p1k5kq/events/turn-0040/2026-07-03T09-00-05-788Z-file_write-88e2a2759c.json
 create mode 100644 .omnius/debug-library/runs/1783067649743-p1k5kq/events/turn-0040/2026-07-03T09-28-41-803Z-context-4a97132f60.json
 create mode 100644 .omnius/debug-library/runs/1783067649743-p1k5kq/events/turn-0040/2026-07-04T22-05-09-688Z-context-720b9d63a4.json
 create mode 100644 .omnius/debug-library/runs/1783067649743-p1k5kq/events/turn-0041/2026-07-03T08-59-00-529Z-context-dc524ac454.json
 create mode 100644 .omnius/debug-library/runs/1783067649743-p1k5kq/events/turn-0041/2026-07-03T09-00-53-065Z-file_edit-020b5a684b.json
 create mode 100644 .omnius/debug-library/runs/1783067649743-p1k5kq/events/turn-0041/2026-07-03T09-32-42-133Z-context-afbe411842.json
 create mode 100644 .omnius/debug-library/runs/1783067649743-p1k5kq/events/turn-0041/2026-07-04T22-06-01-576Z-context-c2e1d4fd43.json
 create mode 100644 .omnius/debug-library/runs/1783067649743-p1k5kq/events/turn-0041/2026-07-04T22-07-41-706Z-shell-1cddaf94e2.json
 create mode 100644 .omnius/debug-library/runs/1783067649743-p1k5kq/events/turn-0042/2026-07-03T09-00-05-802Z-context-23c06611cf.json
 create mode 100644 .omnius/debug-library/runs/1783067649743-p1k5kq/events/turn-0042/2026-07-03T09-33-11-451Z-context-2bbe8897c0.json
 create mode 100644 .omnius/debug-library/runs/1783067649743-p1k5kq/events/turn-0042/2026-07-04T22-06-48-501Z-context-72ed5dfb0a.json
 create mode 100644 .omnius/debug-library/runs/1783067649743-p1k5kq/events/turn-0042/2026-07-04T22-08-41-509Z-shell-02df4c4191.json
 create mode 100644 .omnius/debug-library/runs/1783067649743-p1k5kq/events/turn-0043/2026-07-03T09-00-53-081Z-context-5ef848d38e.json
 create mode 100644 .omnius/debug-library/runs/1783067649743-p1k5kq/events/turn-0043/2026-07-03T09-02-25-652Z-file_write-ba16f47f23.json
 create mode 100644 .omnius/debug-library/runs/1783067649743-p1k5kq/events/turn-0043/2026-07-03T09-33-21-239Z-context-7a47489dad.json
 create mode 100644 .omnius/debug-library/runs/1783067649743-p1k5kq/events/turn-0043/2026-07-04T22-07-41-730Z-context-2052fec849.json
 create mode 100644 .omnius/debug-library/runs/1783067649743-p1k5kq/events/turn-0043/2026-07-04T22-09-30-193Z-grep_search-20142c73de.json
 create mode 100644 .omnius/debug-library/runs/1783067649743-p1k5kq/events/turn-0044/2026-07-03T09-01-41-998Z-context-94c4367bd6.json
 create mode 100644 .omnius/debug-library/runs/1783067649743-p1k5kq/events/turn-0044/2026-07-03T09-33-31-137Z-context-0772fa492e.json
 create mode 100644 .omnius/debug-library/runs/1783067649743-p1k5kq/events/turn-0044/2026-07-04T22-08-41-529Z-context-2b01ada9d9.json
 create mode 100644 .omnius/debug-library/runs/1783067649743-p1k5kq/events/turn-0044/2026-07-04T22-10-18-624Z-file_read-aec4a5dadd.json
 create mode 100644 .omnius/debug-library/runs/1783067649743-p1k5kq/events/turn-0045/2026-07-03T09-02-25-665Z-context-7dbdf4eebc.json
 create mode 100644 .omnius/debug-library/runs/1783067649743-p1k5kq/events/turn-0045/2026-07-03T09-34-01-435Z-context-39707fce72.json
 create mode 100644 .omnius/debug-library/runs/1783067649743-p1k5kq/events/turn-0045/2026-07-04T22-09-30-216Z-context-d1317f1c2a.json
 create mode 100644 .omnius/debug-library/runs/1783067649743-p1k5kq/events/turn-0045/2026-07-04T22-11-08-106Z-file_read-db15c37eca.json
 create mode 100644 .omnius/debug-library/runs/1783067649743-p1k5kq/events/turn-0046/2026-07-03T09-03-03-662Z-context-8102913f79.json
 create mode 100644 .omnius/debug-library/runs/1783067649743-p1k5kq/events/turn-0046/2026-07-03T09-04-26-774Z-shell-15d15331b0.json
 create mode 100644 .omnius/debug-library/runs/1783067649743-p1k5kq/events/turn-0046/2026-07-04T22-10-18-647Z-context-eb792b2771.json
 create mode 100644 .omnius/debug-library/runs/1783067649743-p1k5kq/events/turn-0046/2026-07-04T22-12-00-845Z-file_read-84e402897d.json
 create mode 100644 .omnius/debug-library/runs/1783067649743-p1k5kq/events/turn-0047/2026-07-03T09-03-43-274Z-context-6cada8da30.json
 create mode 100644 .omnius/debug-library/runs/1783067649743-p1k5kq/events/turn-0047/2026-07-03T09-05-08-429Z-shell-15d15331b0.json
 create mode 100644 .omnius/debug-library/runs/1783067649743-p1k5kq/events/turn-0047/2026-07-04T22-11-08-133Z-context-9ad26f7f9a.json
 create mode 100644 .omnius/debug-library/runs/1783067649743-p1k5kq/events/turn-0047/2026-07-04T22-12-54-881Z-file_edit-0a702692e9.json
 create mode 100644 .omnius/debug-library/runs/1783067649743-p1k5kq/events/turn-0048/2026-07-03T09-04-26-791Z-context-ee4bf6541d.json
 create mode 100644 .omnius/debug-library/runs/1783067649743-p1k5kq/events/turn-0048/2026-07-03T09-05-55-700Z-shell-9aa77de427.json
 create mode 100644 .omnius/debug-library/runs/1783067649743-p1k5kq/events/turn-0048/2026-07-04T22-12-00-872Z-context-5d5763dc6b.json
 create mode 100644 .omnius/debug-library/runs/1783067649743-p1k5kq/events/turn-0049/2026-07-03T09-05-08-442Z-context-2130c56775.json
 create mode 100644 .omnius/debug-library/runs/1783067649743-p1k5kq/events/turn-0049/2026-07-03T09-06-36-240Z-file_read-7c3d24eb4b.json
 create mode 100644 .omnius/debug-library/runs/1783067649743-p1k5kq/events/turn-0049/2026-07-04T22-12-54-908Z-context-7de9cb1ae6.json
 create mode 100644 .omnius/debug-library/runs/1783067649743-p1k5kq/events/turn-0050/2026-07-03T09-05-55-718Z-context-221dac461c.json
 create mode 100644 .omnius/debug-library/runs/1783067649743-p1k5kq/events/turn-0050/2026-07-03T09-07-45-391Z-file_write-9bfbfc2198.json
 create mode 100644 .omnius/debug-library/runs/1783067649743-p1k5kq/events/turn-0050/2026-07-04T22-17-35-428Z-context-fd3de07c3b.json
 create mode 100644 .omnius/debug-library/runs/1783067649743-p1k5kq/events/turn-0051/2026-07-03T09-06-36-252Z-context-5f6f19b5c0.json
 create mode 100644 .omnius/debug-library/runs/1783067649743-p1k5kq/events/turn-0051/2026-07-03T09-08-26-719Z-file_edit-d7c1a9d049.json
 create mode 100644 .omnius/debug-library/runs/1783067649743-p1k5kq/events/turn-0052/2026-07-03T09-07-45-404Z-context-8e888ce6ea.json
 create mode 100644 .omnius/debug-library/runs/1783067649743-p1k5kq/events/turn-0053/2026-07-03T09-08-26-732Z-context-3f2314ea87.json
 create mode 100644 .omnius/debug-library/runs/1783067649743-p1k5kq/events/turn-0053/2026-07-03T09-09-56-667Z-file_edit-de88534f71.json
 create mode 100644 .omnius/debug-library/runs/1783067649743-p1k5kq/events/turn-0054/2026-07-03T09-09-10-102Z-context-96c8398c6e.json
 create mode 100644 .omnius/debug-library/runs/1783067649743-p1k5kq/events/turn-0054/2026-07-03T09-10-43-525Z-file_edit-de88534f71.json
 create mode 100644 .omnius/debug-library/runs/1783067649743-p1k5kq/events/turn-0055/2026-07-03T09-09-56-680Z-context-831870145c.json
 create mode 100644 .omnius/debug-library/runs/1783067649743-p1k5kq/events/turn-0055/2026-07-03T09-11-25-957Z-file_edit-c51a5a247f.json
 create mode 100644 .omnius/debug-library/runs/1783067649743-p1k5kq/events/turn-0056/2026-07-03T09-10-43-542Z-context-c14981dab2.json
 create mode 100644 .omnius/debug-library/runs/1783067649743-p1k5kq/events/turn-0056/2026-07-03T09-12-09-990Z-file_edit-dff5374b56.json
 create mode 100644 .omnius/debug-library/runs/1783067649743-p1k5kq/events/turn-0057/2026-07-03T09-11-25-971Z-context-d0782c36b0.json
 create mode 100644 .omnius/debug-library/runs/1783067649743-p1k5kq/events/turn-0057/2026-07-03T09-12-54-714Z-file_edit-dff5374b56.json
 create mode 100644 .omnius/debug-library/runs/1783067649743-p1k5kq/events/turn-0058/2026-07-03T09-12-10-003Z-context-01ba397880.json
 create mode 100644 .omnius/debug-library/runs/1783067649743-p1k5kq/events/turn-0058/2026-07-03T09-13-39-081Z-file_edit-020b5a684b.json
 create mode 100644 .omnius/debug-library/runs/1783067649743-p1k5kq/events/turn-0059/2026-07-03T09-12-54-728Z-context-2957221e34.json
 create mode 100644 .omnius/debug-library/runs/1783067649743-p1k5kq/events/turn-0059/2026-07-03T09-14-31-888Z-shell-c510b5a50b.json
 create mode 100644 .omnius/debug-library/runs/1783067649743-p1k5kq/events/turn-0059/2026-07-03T09-14-42-492Z-shell-04226db438.json
 create mode 100644 .omnius/debug-library/runs/1783067649743-p1k5kq/events/turn-0059/2026-07-03T09-15-03-327Z-file_read-c9e23462f9.json
 create mode 100644 .omnius/debug-library/runs/1783067649743-p1k5kq/events/turn-0059/2026-07-03T09-15-03-481Z-file_read-2b5f63fdb2.json
 create mode 100644 .omnius/debug-library/runs/1783067649743-p1k5kq/events/turn-0059/2026-07-03T09-16-02-487Z-file_read-1179d375ec.json
 create mode 100644 .omnius/debug-library/runs/1783067649743-p1k5kq/events/turn-0059/2026-07-03T09-16-46-683Z-file_read-c6669ca3e1.json
 create mode 100644 .omnius/debug-library/runs/1783067649743-p1k5kq/events/turn-0059/2026-07-03T09-17-04-355Z-file_read-7c95b24d4b.json
 create mode 100644 .omnius/debug-library/runs/1783067649743-p1k5kq/events/turn-0059/2026-07-03T09-17-33-792Z-file_read-1fb2c3600c.json
 create mode 100644 .omnius/debug-library/runs/1783067649743-p1k5kq/events/turn-0059/2026-07-03T09-18-27-474Z-shell-eece0524f2.json
 create mode 100644 .omnius/debug-library/runs/1783067649743-p1k5kq/events/turn-0059/2026-07-03T09-18-45-758Z-file_edit-020b5a684b.json
 create mode 100644 .omnius/debug-library/runs/1783067649743-p1k5kq/events/turn-0059/2026-07-03T09-18-53-999Z-file_edit-020b5a684b.json
 create mode 100644 .omnius/debug-library/runs/1783067649743-p1k5kq/events/turn-0059/2026-07-03T09-19-44-873Z-file_edit-020b5a684b.json
 create mode 100644 .omnius/debug-library/runs/1783067649743-p1k5kq/events/turn-0059/2026-07-03T09-19-52-484Z-file_edit-020b5a684b.json
 create mode 100644 .omnius/debug-library/runs/1783067649743-p1k5kq/events/turn-0059/2026-07-03T09-20-00-791Z-file_edit-020b5a684b.json
 create mode 100644 .omnius/debug-library/runs/1783067649743-p1k5kq/events/turn-0059/2026-07-03T09-20-39-818Z-file_edit-020b5a684b.json
 create mode 100644 .omnius/debug-library/runs/1783067649743-p1k5kq/events/turn-0059/2026-07-03T09-21-11-329Z-file_edit-020b5a684b.json
 create mode 100644 .omnius/debug-library/runs/1783067649743-p1k5kq/events/turn-0059/2026-07-03T09-21-20-934Z-file_edit-020b5a684b.json
 create mode 100644 .omnius/debug-library/runs/1783067649743-p1k5kq/events/turn-0059/2026-07-03T09-21-52-806Z-file_edit-020b5a684b.json
 create mode 100644 .omnius/debug-library/runs/1783067649743-p1k5kq/events/turn-0059/2026-07-03T09-22-03-292Z-file_edit-020b5a684b.json
 create mode 100644 .omnius/debug-library/runs/1783067649743-p1k5kq/events/turn-0059/2026-07-03T09-22-44-942Z-file_edit-020b5a684b.json
 create mode 100644 .omnius/debug-library/runs/1783067649743-p1k5kq/events/turn-0059/2026-07-03T09-22-55-396Z-shell-95ac63ed21.json
 create mode 100644 .omnius/debug-library/runs/1783067649743-p1k5kq/events/turn-0059/2026-07-03T09-23-18-598Z-file_edit-020b5a684b.json
 create mode 100644 .omnius/debug-library/runs/1783067649743-p1k5kq/events/turn-0059/2026-07-03T09-23-44-116Z-file_edit-020b5a684b.json
 create mode 100644 .omnius/debug-library/runs/1783067649743-p1k5kq/events/turn-0059/2026-07-03T09-23-57-762Z-file_edit-020b5a684b.json
 create mode 100644 .omnius/debug-library/runs/1783067649743-p1k5kq/events/turn-0059/2026-07-03T09-25-54-874Z-file_edit-020b5a684b.json
 create mode 100644 .omnius/debug-library/runs/1783067649743-p1k5kq/events/turn-0059/2026-07-03T09-26-46-765Z-file_edit-020b5a684b.json
 create mode 100644 .omnius/debug-library/runs/1783067649743-p1k5kq/events/turn-0059/2026-07-03T09-27-50-112Z-file_edit-020b5a684b.json
 create mode 100644 .omnius/debug-library/runs/1783067649743-p1k5kq/events/turn-0059/2026-07-03T09-28-41-710Z-file_read-981104ac31.json
 create mode 100644 .omnius/debug-library/runs/1783067649743-p1k5kq/index.json
 create mode 100644 .omnius/debug-library/runs/1783095123826-r2p6do/README.md
 create mode 100644 .omnius/debug-library/runs/1783095123826-r2p6do/events.jsonl
 create mode 100644 .omnius/debug-library/runs/1783095123826-r2p6do/events/turn-0000/2026-07-03T16-12-04-782Z-context-1d02420465.json
 create mode 100644 .omnius/debug-library/runs/1783095123826-r2p6do/events/turn-0000/2026-07-03T16-12-30-070Z-context-da26cb8c08.json
 create mode 100644 .omnius/debug-library/runs/1783095123826-r2p6do/events/turn-0000/2026-07-03T16-12-57-091Z-context-63eb948c64.json
 create mode 100644 .omnius/debug-library/runs/1783095123826-r2p6do/events/turn-0000/2026-07-03T16-13-05-290Z-context-54a2f9c358.json
 create mode 100644 .omnius/debug-library/runs/1783095123826-r2p6do/events/turn-0000/2026-07-03T16-15-22-921Z-context-8fdb812703.json
 create mode 100644 .omnius/debug-library/runs/1783095123826-r2p6do/events/turn-0000/2026-07-03T16-16-03-029Z-context-8e8e6f76ec.json
 create mode 100644 .omnius/debug-library/runs/1783095123826-r2p6do/events/turn-0000/2026-07-03T16-16-31-635Z-context-4c6af8d8de.json
 create mode 100644 .omnius/debug-library/runs/1783095123826-r2p6do/events/turn-0000/2026-07-03T16-17-21-375Z-context-bf57d49a8c.json
 create mode 100644 .omnius/debug-library/runs/1783095123826-r2p6do/events/turn-0000/2026-07-03T16-18-02-544Z-context-2a910ed485.json
 create mode 100644 .omnius/debug-library/runs/1783095123826-r2p6do/events/turn-0000/2026-07-03T16-19-05-177Z-context-4f7cf2638f.json
 create mode 100644 .omnius/debug-library/runs/1783095123826-r2p6do/events/turn-0000/2026-07-03T16-19-48-129Z-context-a1ab13ab31.json
 create mode 100644 .omnius/debug-library/runs/1783095123826-r2p6do/events/turn-0000/2026-07-03T16-20-34-238Z-context-fd2cc10cd6.json
 create mode 100644 .omnius/debug-library/runs/1783095123826-r2p6do/events/turn-0000/2026-07-03T16-21-42-790Z-context-02ce1bc44f.json
 create mode 100644 .omnius/debug-library/runs/1783095123826-r2p6do/events/turn-0000/2026-07-03T16-22-33-553Z-context-c81dab0102.json
 create mode 100644 .omnius/debug-library/runs/1783095123826-r2p6do/events/turn-0000/2026-07-03T16-23-24-018Z-context-e150ee8985.json
 create mode 100644 .omnius/debug-library/runs/1783095123826-r2p6do/events/turn-0000/2026-07-03T16-24-15-418Z-context-b7bf7ef3b6.json
 create mode 100644 .omnius/debug-library/runs/1783095123826-r2p6do/events/turn-0000/2026-07-03T16-25-08-590Z-context-c59c1924cb.json
 create mode 100644 .omnius/debug-library/runs/1783095123826-r2p6do/events/turn-0000/2026-07-03T16-26-03-602Z-context-b3c1f4a432.json
 create mode 100644 .omnius/debug-library/runs/1783095123826-r2p6do/events/turn-0000/2026-07-03T16-26-57-386Z-context-0b04f84c5d.json
 create mode 100644 .omnius/debug-library/runs/1783095123826-r2p6do/events/turn-0000/2026-07-03T16-27-57-275Z-context-4f7d103dc4.json
 create mode 100644 .omnius/debug-library/runs/1783095123826-r2p6do/events/turn-0000/2026-07-03T16-29-06-063Z-context-f44ca4ac82.json
 create mode 100644 .omnius/debug-library/runs/1783095123826-r2p6do/events/turn-0000/2026-07-03T16-29-58-146Z-context-102fc4bb4c.json
 create mode 100644 .omnius/debug-library/runs/1783095123826-r2p6do/events/turn-0000/2026-07-03T16-31-11-495Z-context-02ea7d5db2.json
 create mode 100644 .omnius/debug-library/runs/1783095123826-r2p6do/events/turn-0000/2026-07-03T16-32-19-758Z-context-9d94987c6e.json
 create mode 100644 .omnius/debug-library/runs/1783095123826-r2p6do/events/turn-0000/2026-07-03T16-33-41-531Z-context-42acb8737a.json
 create mode 100644 .omnius/debug-library/runs/1783095123826-r2p6do/events/turn-0000/2026-07-03T16-34-51-736Z-context-f12a3c59f0.json
 create mode 100644 .omnius/debug-library/runs/1783095123826-r2p6do/events/turn-0000/2026-07-03T16-36-11-869Z-context-91644a0536.json
 create mode 100644 .omnius/debug-library/runs/1783095123826-r2p6do/events/turn-0000/2026-07-03T16-37-29-596Z-context-24bfef1438.json
 create mode 100644 .omnius/debug-library/runs/1783095123826-r2p6do/events/turn-0000/2026-07-03T16-39-00-999Z-context-f3be8c0f04.json
 create mode 100644 .omnius/debug-library/runs/1783095123826-r2p6do/events/turn-0000/2026-07-03T16-40-38-578Z-context-ad82150a96.json
 create mode 100644 .omnius/debug-library/runs/1783095123826-r2p6do/events/turn-0000/2026-07-03T16-43-08-798Z-context-834be6eea3.json
 create mode 100644 .omnius/debug-library/runs/1783095123826-r2p6do/events/turn-0000/2026-07-03T16-44-45-337Z-context-62b3bc0258.json
 create mode 100644 .omnius/debug-library/runs/1783095123826-r2p6do/events/turn-0000/2026-07-03T16-46-18-825Z-context-754059ae9f.json
 create mode 100644 .omnius/debug-library/runs/1783095123826-r2p6do/events/turn-0000/2026-07-03T16-47-49-197Z-context-d6d0cad7cb.json
 create mode 100644 .omnius/debug-library/runs/1783095123826-r2p6do/events/turn-0000/2026-07-03T16-49-34-253Z-context-9428aea49a.json
 create mode 100644 .omnius/debug-library/runs/1783095123826-r2p6do/events/turn-0000/2026-07-03T16-50-54-323Z-context-8b59a7476d.json
 create mode 100644 .omnius/debug-library/runs/1783095123826-r2p6do/events/turn-0000/2026-07-03T16-52-18-447Z-context-435fe0425a.json
 create mode 100644 .omnius/debug-library/runs/1783095123826-r2p6do/events/turn-0001/2026-07-03T16-12-29-880Z-context-5533f8093a.json
 create mode 100644 .omnius/debug-library/runs/1783095123826-r2p6do/events/turn-0002/2026-07-03T16-12-43-603Z-context-7715af0b41.json
 create mode 100644 .omnius/debug-library/runs/1783095123826-r2p6do/events/turn-0002/2026-07-03T16-13-26-108Z-shell-93c370b44d.json
 create mode 100644 .omnius/debug-library/runs/1783095123826-r2p6do/events/turn-0002/2026-07-03T16-13-26-952Z-shell-2287d5dfb4.json
 create mode 100644 .omnius/debug-library/runs/1783095123826-r2p6do/events/turn-0002/2026-07-03T16-13-27-083Z-shell-6b7c5bdcc3.json
 create mode 100644 .omnius/debug-library/runs/1783095123826-r2p6do/events/turn-0003/2026-07-03T16-12-57-568Z-context-8518cd66e7.json
 create mode 100644 .omnius/debug-library/runs/1783095123826-r2p6do/events/turn-0004/2026-07-03T16-13-27-090Z-context-e85304b59f.json
 create mode 100644 .omnius/debug-library/runs/1783095123826-r2p6do/events/turn-0005/2026-07-03T16-13-47-738Z-context-32b62a81d7.json
 create mode 100644 .omnius/debug-library/runs/1783095123826-r2p6do/events/turn-0005/2026-07-03T16-14-30-796Z-file_read-c9e23462f9.json
 create mode 100644 .omnius/debug-library/runs/1783095123826-r2p6do/events/turn-0006/2026-07-03T16-14-12-065Z-context-50f2bbb194.json
 create mode 100644 .omnius/debug-library/runs/1783095123826-r2p6do/events/turn-0006/2026-07-03T16-14-52-653Z-file_edit-4a08385c60.json
 create mode 100644 .omnius/debug-library/runs/1783095123826-r2p6do/events/turn-0007/2026-07-03T16-14-30-805Z-context-d9f5fbc1c4.json
 create mode 100644 .omnius/debug-library/runs/1783095123826-r2p6do/events/turn-0007/2026-07-03T16-15-22-115Z-file_edit-4a08385c60.json
 create mode 100644 .omnius/debug-library/runs/1783095123826-r2p6do/events/turn-0008/2026-07-03T16-14-52-728Z-context-2e2da2cde8.json
 create mode 100644 .omnius/debug-library/runs/1783095123826-r2p6do/events/turn-0008/2026-07-03T16-15-42-610Z-file_edit-c4ed0f21fe.json
 create mode 100644 .omnius/debug-library/runs/1783095123826-r2p6do/events/turn-0009/2026-07-03T16-15-22-128Z-context-9ac4cea48f.json
 create mode 100644 .omnius/debug-library/runs/1783095123826-r2p6do/events/turn-0009/2026-07-03T16-16-02-741Z-file_read-a6bdb59c7e.json
 create mode 100644 .omnius/debug-library/runs/1783095123826-r2p6do/events/turn-0010/2026-07-03T16-15-42-621Z-context-b0619cab9a.json
 create mode 100644 .omnius/debug-library/runs/1783095123826-r2p6do/events/turn-0010/2026-07-03T16-16-31-436Z-grep_search-59b40da04b.json
 create mode 100644 .omnius/debug-library/runs/1783095123826-r2p6do/events/turn-0011/2026-07-03T16-16-02-751Z-context-ebb7a6cb60.json
 create mode 100644 .omnius/debug-library/runs/1783095123826-r2p6do/events/turn-0011/2026-07-03T16-16-53-984Z-file_edit-c4ed0f21fe.json
 create mode 100644 .omnius/debug-library/runs/1783095123826-r2p6do/events/turn-0012/2026-07-03T16-16-31-448Z-context-06dd28e9b1.json
 create mode 100644 .omnius/debug-library/runs/1783095123826-r2p6do/events/turn-0012/2026-07-03T16-17-21-244Z-file_edit-c4ed0f21fe.json
 create mode 100644 .omnius/debug-library/runs/1783095123826-r2p6do/events/turn-0013/2026-07-03T16-16-53-995Z-context-5c5268f033.json
 create mode 100644 .omnius/debug-library/runs/1783095123826-r2p6do/events/turn-0013/2026-07-03T16-18-02-293Z-file_edit-61e4cc0fdc.json
 create mode 100644 .omnius/debug-library/runs/1783095123826-r2p6do/events/turn-0014/2026-07-03T16-17-21-255Z-context-0678c3ec3a.json
 create mode 100644 .omnius/debug-library/runs/1783095123826-r2p6do/events/turn-0014/2026-07-03T16-18-24-430Z-file_read-53eec49ab1.json
 create mode 100644 .omnius/debug-library/runs/1783095123826-r2p6do/events/turn-0015/2026-07-03T16-18-02-307Z-context-5edf0e7e5c.json
 create mode 100644 .omnius/debug-library/runs/1783095123826-r2p6do/events/turn-0015/2026-07-03T16-19-05-040Z-file_edit-cf39bb4cb7.json
 create mode 100644 .omnius/debug-library/runs/1783095123826-r2p6do/events/turn-0016/2026-07-03T16-18-24-443Z-context-0cfb7bb657.json
 create mode 100644 .omnius/debug-library/runs/1783095123826-r2p6do/events/turn-0016/2026-07-03T16-19-47-926Z-file_edit-cf39bb4cb7.json
 create mode 100644 .omnius/debug-library/runs/1783095123826-r2p6do/events/turn-0017/2026-07-03T16-19-05-087Z-context-15436f1423.json
 create mode 100644 .omnius/debug-library/runs/1783095123826-r2p6do/events/turn-0017/2026-07-03T16-20-34-031Z-file_read-3be1b4df68.json
 create mode 100644 .omnius/debug-library/runs/1783095123826-r2p6do/events/turn-0018/2026-07-03T16-19-47-939Z-context-7a180a207c.json
 create mode 100644 .omnius/debug-library/runs/1783095123826-r2p6do/events/turn-0018/2026-07-03T16-21-42-569Z-file_edit-5c240d458f.json
 create mode 100644 .omnius/debug-library/runs/1783095123826-r2p6do/events/turn-0019/2026-07-03T16-20-34-041Z-context-f4d2e37945.json
 create mode 100644 .omnius/debug-library/runs/1783095123826-r2p6do/events/turn-0019/2026-07-03T16-22-33-340Z-file_edit-5c240d458f.json
 create mode 100644 .omnius/debug-library/runs/1783095123826-r2p6do/events/turn-0020/2026-07-03T16-21-42-586Z-context-a7e22f3d6d.json
 create mode 100644 .omnius/debug-library/runs/1783095123826-r2p6do/events/turn-0021/2026-07-03T16-22-33-353Z-context-1f2519f263.json
 create mode 100644 .omnius/debug-library/runs/1783095123826-r2p6do/events/turn-0021/2026-07-03T16-24-15-210Z-file_read-3be1b4df68.json
 create mode 100644 .omnius/debug-library/runs/1783095123826-r2p6do/events/turn-0022/2026-07-03T16-23-23-824Z-context-44d5104b32.json
 create mode 100644 .omnius/debug-library/runs/1783095123826-r2p6do/events/turn-0022/2026-07-03T16-25-08-370Z-file_edit-4d695574a6.json
 create mode 100644 .omnius/debug-library/runs/1783095123826-r2p6do/events/turn-0023/2026-07-03T16-24-15-221Z-context-74990f354c.json
 create mode 100644 .omnius/debug-library/runs/1783095123826-r2p6do/events/turn-0023/2026-07-03T16-26-03-389Z-file_edit-4d695574a6.json
 create mode 100644 .omnius/debug-library/runs/1783095123826-r2p6do/events/turn-0024/2026-07-03T16-25-08-387Z-context-434b75e802.json
 create mode 100644 .omnius/debug-library/runs/1783095123826-r2p6do/events/turn-0024/2026-07-03T16-26-57-176Z-file_read-53eec49ab1.json
 create mode 100644 .omnius/debug-library/runs/1783095123826-r2p6do/events/turn-0025/2026-07-03T16-26-03-401Z-context-c76e067911.json
 create mode 100644 .omnius/debug-library/runs/1783095123826-r2p6do/events/turn-0025/2026-07-03T16-27-57-065Z-file_edit-4eedd0c624.json
 create mode 100644 .omnius/debug-library/runs/1783095123826-r2p6do/events/turn-0026/2026-07-03T16-26-57-188Z-context-fa1b1814c2.json
 create mode 100644 .omnius/debug-library/runs/1783095123826-r2p6do/events/turn-0026/2026-07-03T16-29-05-836Z-shell-77d14fdb0e.json
 create mode 100644 .omnius/debug-library/runs/1783095123826-r2p6do/events/turn-0027/2026-07-03T16-27-57-081Z-context-c47af51788.json
 create mode 100644 .omnius/debug-library/runs/1783095123826-r2p6do/events/turn-0027/2026-07-03T16-29-57-913Z-shell-77d14fdb0e.json
 create mode 100644 .omnius/debug-library/runs/1783095123826-r2p6do/events/turn-0028/2026-07-03T16-29-05-858Z-context-1b96499d57.json
 create mode 100644 .omnius/debug-library/runs/1783095123826-r2p6do/events/turn-0028/2026-07-03T16-31-11-268Z-shell-1f8cee4bd9.json
 create mode 100644 .omnius/debug-library/runs/1783095123826-r2p6do/events/turn-0029/2026-07-03T16-29-57-926Z-context-fc2c9efb30.json
 create mode 100644 .omnius/debug-library/runs/1783095123826-r2p6do/events/turn-0029/2026-07-03T16-32-19-435Z-file_read-1fb2c3600c.json
 create mode 100644 .omnius/debug-library/runs/1783095123826-r2p6do/events/turn-0029/2026-07-03T16-32-19-561Z-file_read-2b5f63fdb2.json
 create mode 100644 .omnius/debug-library/runs/1783095123826-r2p6do/events/turn-0030/2026-07-03T16-31-11-287Z-context-af17c6ff6a.json
 create mode 100644 .omnius/debug-library/runs/1783095123826-r2p6do/events/turn-0031/2026-07-03T16-32-19-573Z-context-fb8e8f84a1.json
 create mode 100644 .omnius/debug-library/runs/1783095123826-r2p6do/events/turn-0032/2026-07-03T16-33-41-324Z-context-ee60234d86.json
 create mode 100644 .omnius/debug-library/runs/1783095123826-r2p6do/events/turn-0032/2026-07-03T16-36-11-705Z-file_read-c9e23462f9.json
 create mode 100644 .omnius/debug-library/runs/1783095123826-r2p6do/events/turn-0032/2026-07-03T16-36-12-237Z-file_read-2b5f63fdb2.json
 create mode 100644 .omnius/debug-library/runs/1783095123826-r2p6do/events/turn-0032/2026-07-03T16-36-12-360Z-file_read-1fb2c3600c.json
 create mode 100644 .omnius/debug-library/runs/1783095123826-r2p6do/events/turn-0033/2026-07-03T16-34-51-533Z-context-807f54a6be.json
 create mode 100644 .omnius/debug-library/runs/1783095123826-r2p6do/events/turn-0033/2026-07-03T16-37-29-280Z-file_read-c9e23462f9.json
 create mode 100644 .omnius/debug-library/runs/1783095123826-r2p6do/events/turn-0033/2026-07-03T16-37-29-395Z-file_read-2b5f63fdb2.json
 create mode 100644 .omnius/debug-library/runs/1783095123826-r2p6do/events/turn-0034/2026-07-03T16-36-12-370Z-context-3a6e0a8ee7.json
 create mode 100644 .omnius/debug-library/runs/1783095123826-r2p6do/events/turn-0034/2026-07-03T16-39-00-682Z-file_edit-4004fb422a.json
 create mode 100644 .omnius/debug-library/runs/1783095123826-r2p6do/events/turn-0035/2026-07-03T16-37-29-405Z-context-9e27d2f97e.json
 create mode 100644 .omnius/debug-library/runs/1783095123826-r2p6do/events/turn-0035/2026-07-03T16-40-38-324Z-shell-ca6d15c9fe.json
 create mode 100644 .omnius/debug-library/runs/1783095123826-r2p6do/events/turn-0036/2026-07-03T16-39-00-697Z-context-0eff29df45.json
 create mode 100644 .omnius/debug-library/runs/1783095123826-r2p6do/events/turn-0036/2026-07-03T16-43-08-511Z-file_read-a6edc00188.json
 create mode 100644 .omnius/debug-library/runs/1783095123826-r2p6do/events/turn-0037/2026-07-03T16-40-38-337Z-context-8c5786977b.json
 create mode 100644 .omnius/debug-library/runs/1783095123826-r2p6do/events/turn-0037/2026-07-03T16-44-45-108Z-agent-c5ee41046d.json
 create mode 100644 .omnius/debug-library/runs/1783095123826-r2p6do/events/turn-0038/2026-07-03T16-43-08-527Z-context-35da139461.json
 create mode 100644 .omnius/debug-library/runs/1783095123826-r2p6do/events/turn-0038/2026-07-03T16-46-18-528Z-file_write-4e7bd73ade.json
 create mode 100644 .omnius/debug-library/runs/1783095123826-r2p6do/events/turn-0039/2026-07-03T16-44-45-122Z-context-0ba5894b10.json
 create mode 100644 .omnius/debug-library/runs/1783095123826-r2p6do/events/turn-0039/2026-07-03T16-47-48-888Z-task_complete-8a0179fa84.json
 create mode 100644 .omnius/debug-library/runs/1783095123826-r2p6do/events/turn-0040/2026-07-03T16-46-18-597Z-context-688df11a45.json
 create mode 100644 .omnius/debug-library/runs/1783095123826-r2p6do/events/turn-0040/2026-07-03T16-50-53-995Z-file_read-3be1b4df68.json
 create mode 100644 .omnius/debug-library/runs/1783095123826-r2p6do/events/turn-0040/2026-07-03T16-50-54-116Z-file_read-53eec49ab1.json
 create mode 100644 .omnius/debug-library/runs/1783095123826-r2p6do/events/turn-0041/2026-07-03T16-49-34-039Z-context-b589e5b430.json
 create mode 100644 .omnius/debug-library/runs/1783095123826-r2p6do/events/turn-0041/2026-07-03T16-52-18-164Z-file_read-53eec49ab1.json
 create mode 100644 .omnius/debug-library/runs/1783095123826-r2p6do/events/turn-0042/2026-07-03T16-50-54-129Z-context-5b06b32a53.json
 create mode 100644 .omnius/debug-library/runs/1783095123826-r2p6do/events/turn-0043/2026-07-03T16-52-18-225Z-context-7aa6e66ff1.json
 create mode 100644 .omnius/debug-library/runs/1783095123826-r2p6do/index.json
 create mode 100644 .omnius/debug-library/runs/1783097556372-khio3d/README.md
 create mode 100644 .omnius/debug-library/runs/1783097556372-khio3d/events.jsonl
 create mode 100644 .omnius/debug-library/runs/1783097556372-khio3d/events/turn-0000/2026-07-03T16-52-37-038Z-context-26c064a02f.json
 create mode 100644 .omnius/debug-library/runs/1783097556372-khio3d/events/turn-0000/2026-07-03T16-53-08-276Z-context-42aebb0458.json
 create mode 100644 .omnius/debug-library/runs/1783097556372-khio3d/events/turn-0000/2026-07-03T16-53-51-085Z-context-3344ba70c6.json
 create mode 100644 .omnius/debug-library/runs/1783097556372-khio3d/events/turn-0000/2026-07-03T16-55-59-719Z-context-7d10c5bf79.json
 create mode 100644 .omnius/debug-library/runs/1783097556372-khio3d/events/turn-0000/2026-07-03T16-56-33-142Z-context-781e1d2aee.json
 create mode 100644 .omnius/debug-library/runs/1783097556372-khio3d/events/turn-0000/2026-07-03T16-57-29-928Z-context-f46f2d4225.json
 create mode 100644 .omnius/debug-library/runs/1783097556372-khio3d/events/turn-0000/2026-07-03T16-58-15-080Z-context-c95eb3e9ac.json
 create mode 100644 .omnius/debug-library/runs/1783097556372-khio3d/events/turn-0000/2026-07-03T16-58-46-653Z-context-c7a8fc6770.json
 create mode 100644 .omnius/debug-library/runs/1783097556372-khio3d/events/turn-0000/2026-07-03T16-59-46-234Z-context-0e727233e0.json
 create mode 100644 .omnius/debug-library/runs/1783097556372-khio3d/events/turn-0000/2026-07-03T17-00-46-666Z-context-e43eb39a56.json
 create mode 100644 .omnius/debug-library/runs/1783097556372-khio3d/events/turn-0000/2026-07-03T17-01-43-523Z-context-7ac9000847.json
 create mode 100644 .omnius/debug-library/runs/1783097556372-khio3d/events/turn-0000/2026-07-03T17-02-42-487Z-context-3d508b9d3c.json
 create mode 100644 .omnius/debug-library/runs/1783097556372-khio3d/events/turn-0000/2026-07-03T17-03-44-294Z-context-cbc9708423.json
 create mode 100644 .omnius/debug-library/runs/1783097556372-khio3d/events/turn-0000/2026-07-03T17-04-50-647Z-context-f307e907d5.json
 create mode 100644 .omnius/debug-library/runs/1783097556372-khio3d/events/turn-0000/2026-07-03T17-05-57-018Z-context-bbfe7a3d0b.json
 create mode 100644 .omnius/debug-library/runs/1783097556372-khio3d/events/turn-0000/2026-07-03T17-06-57-449Z-context-2efb82a738.json
 create mode 100644 .omnius/debug-library/runs/1783097556372-khio3d/events/turn-0000/2026-07-03T17-07-05-491Z-context-87812ca6ae.json
 create mode 100644 .omnius/debug-library/runs/1783097556372-khio3d/events/turn-0001/2026-07-03T16-53-08-049Z-context-50d0dcd9b6.json
 create mode 100644 .omnius/debug-library/runs/1783097556372-khio3d/events/turn-0002/2026-07-03T16-53-51-016Z-context-0b1defb51f.json
 create mode 100644 .omnius/debug-library/runs/1783097556372-khio3d/events/turn-0003/2026-07-03T16-54-04-643Z-context-1f456b01ec.json
 create mode 100644 .omnius/debug-library/runs/1783097556372-khio3d/events/turn-0004/2026-07-03T16-54-31-839Z-context-1a24b8800b.json
 create mode 100644 .omnius/debug-library/runs/1783097556372-khio3d/events/turn-0005/2026-07-03T16-54-52-134Z-context-c001bd80d5.json
 create mode 100644 .omnius/debug-library/runs/1783097556372-khio3d/events/turn-0006/2026-07-03T16-55-12-170Z-context-f604d45ddc.json
 create mode 100644 .omnius/debug-library/runs/1783097556372-khio3d/events/turn-0006/2026-07-03T16-55-59-009Z-shell-3febfc9d32.json
 create mode 100644 .omnius/debug-library/runs/1783097556372-khio3d/events/turn-0007/2026-07-03T16-55-34-408Z-context-f4363d82bc.json
 create mode 100644 .omnius/debug-library/runs/1783097556372-khio3d/events/turn-0007/2026-07-03T16-56-32-898Z-shell-3febfc9d32.json
 create mode 100644 .omnius/debug-library/runs/1783097556372-khio3d/events/turn-0008/2026-07-03T16-55-59-034Z-context-1325b2f573.json
 create mode 100644 .omnius/debug-library/runs/1783097556372-khio3d/events/turn-0008/2026-07-03T16-57-29-616Z-shell-28b7e930c0.json
 create mode 100644 .omnius/debug-library/runs/1783097556372-khio3d/events/turn-0009/2026-07-03T16-56-32-910Z-context-68c3f1885e.json
 create mode 100644 .omnius/debug-library/runs/1783097556372-khio3d/events/turn-0010/2026-07-03T16-57-29-632Z-context-aa871be1e1.json
 create mode 100644 .omnius/debug-library/runs/1783097556372-khio3d/events/turn-0010/2026-07-03T16-58-46-492Z-file_edit-05d738bc94.json
 create mode 100644 .omnius/debug-library/runs/1783097556372-khio3d/events/turn-0010/2026-07-03T16-58-47-904Z-file_edit-80b1c61b1a.json
 create mode 100644 .omnius/debug-library/runs/1783097556372-khio3d/events/turn-0011/2026-07-03T16-58-14-732Z-context-349316897e.json
 create mode 100644 .omnius/debug-library/runs/1783097556372-khio3d/events/turn-0011/2026-07-03T16-58-47-968Z-file_edit-eb7a5430fd.json
 create mode 100644 .omnius/debug-library/runs/1783097556372-khio3d/events/turn-0011/2026-07-03T16-59-46-024Z-file_edit-05d738bc94.json
 create mode 100644 .omnius/debug-library/runs/1783097556372-khio3d/events/turn-0012/2026-07-03T16-58-47-984Z-context-56005a0ef6.json
 create mode 100644 .omnius/debug-library/runs/1783097556372-khio3d/events/turn-0012/2026-07-03T17-00-46-431Z-file_edit-8583b2130e.json
 create mode 100644 .omnius/debug-library/runs/1783097556372-khio3d/events/turn-0013/2026-07-03T16-59-46-035Z-context-a3ae8733f4.json
 create mode 100644 .omnius/debug-library/runs/1783097556372-khio3d/events/turn-0013/2026-07-03T17-01-43-297Z-file_edit-8583b2130e.json
 create mode 100644 .omnius/debug-library/runs/1783097556372-khio3d/events/turn-0014/2026-07-03T17-00-46-446Z-context-e5a5d0a13d.json
 create mode 100644 .omnius/debug-library/runs/1783097556372-khio3d/events/turn-0014/2026-07-03T17-02-42-248Z-file_read-1fb2c3600c.json
 create mode 100644 .omnius/debug-library/runs/1783097556372-khio3d/events/turn-0015/2026-07-03T17-01-43-310Z-context-69d842b043.json
 create mode 100644 .omnius/debug-library/runs/1783097556372-khio3d/events/turn-0015/2026-07-03T17-03-44-075Z-file_edit-8583b2130e.json
 create mode 100644 .omnius/debug-library/runs/1783097556372-khio3d/events/turn-0016/2026-07-03T17-02-42-264Z-context-8909c15439.json
 create mode 100644 .omnius/debug-library/runs/1783097556372-khio3d/events/turn-0017/2026-07-03T17-03-44-088Z-context-ac028de2cc.json
 create mode 100644 .omnius/debug-library/runs/1783097556372-khio3d/events/turn-0017/2026-07-03T17-05-56-765Z-shell-02cf4c1415.json
 create mode 100644 .omnius/debug-library/runs/1783097556372-khio3d/events/turn-0018/2026-07-03T17-04-50-442Z-context-69e17e8d22.json
 create mode 100644 .omnius/debug-library/runs/1783097556372-khio3d/events/turn-0019/2026-07-03T17-05-56-775Z-context-17d567567e.json
 create mode 100644 .omnius/debug-library/runs/1783097556372-khio3d/events/turn-0020/2026-07-03T17-06-57-244Z-context-333a32fc42.json
 create mode 100644 .omnius/debug-library/runs/1783097556372-khio3d/index.json
 create mode 100644 .omnius/debug-library/runs/1783098484662-k0bt4g/README.md
 create mode 100644 .omnius/debug-library/runs/1783098484662-k0bt4g/events.jsonl
 create mode 100644 .omnius/debug-library/runs/1783098484662-k0bt4g/events/turn-0000/2026-07-03T17-08-05-407Z-context-1e47c031a7.json
 create mode 100644 .omnius/debug-library/runs/1783098484662-k0bt4g/events/turn-0000/2026-07-03T17-08-23-936Z-context-975733e446.json
 create mode 100644 .omnius/debug-library/runs/1783098484662-k0bt4g/events/turn-0000/2026-07-03T17-08-51-240Z-context-11895f7d50.json
 create mode 100644 .omnius/debug-library/runs/1783098484662-k0bt4g/events/turn-0000/2026-07-03T17-09-56-151Z-context-05ff87237b.json
 create mode 100644 .omnius/debug-library/runs/1783098484662-k0bt4g/events/turn-0000/2026-07-03T17-10-46-322Z-context-6998881fd4.json
 create mode 100644 .omnius/debug-library/runs/1783098484662-k0bt4g/events/turn-0000/2026-07-03T17-11-22-312Z-context-6cf337fdcd.json
 create mode 100644 .omnius/debug-library/runs/1783098484662-k0bt4g/events/turn-0000/2026-07-03T17-11-50-108Z-context-519452e25d.json
 create mode 100644 .omnius/debug-library/runs/1783098484662-k0bt4g/events/turn-0000/2026-07-03T17-13-07-000Z-context-0504790915.json
 create mode 100644 .omnius/debug-library/runs/1783098484662-k0bt4g/events/turn-0000/2026-07-03T17-13-48-955Z-context-30461a1b83.json
 create mode 100644 .omnius/debug-library/runs/1783098484662-k0bt4g/events/turn-0000/2026-07-03T17-14-16-791Z-context-2ed04348b2.json
 create mode 100644 .omnius/debug-library/runs/1783098484662-k0bt4g/events/turn-0000/2026-07-03T17-14-51-389Z-context-0106c5195d.json
 create mode 100644 .omnius/debug-library/runs/1783098484662-k0bt4g/events/turn-0000/2026-07-03T17-15-31-745Z-context-9abb40ceda.json
 create mode 100644 .omnius/debug-library/runs/1783098484662-k0bt4g/events/turn-0000/2026-07-03T17-16-04-196Z-context-2032df8b9d.json
 create mode 100644 .omnius/debug-library/runs/1783098484662-k0bt4g/events/turn-0000/2026-07-03T17-16-46-991Z-context-da2f317e8a.json
 create mode 100644 .omnius/debug-library/runs/1783098484662-k0bt4g/events/turn-0000/2026-07-03T17-18-05-382Z-context-5ba1827227.json
 create mode 100644 .omnius/debug-library/runs/1783098484662-k0bt4g/events/turn-0000/2026-07-03T17-18-43-445Z-context-5729397a6e.json
 create mode 100644 .omnius/debug-library/runs/1783098484662-k0bt4g/events/turn-0000/2026-07-03T17-19-22-839Z-context-cd4c3788fd.json
 create mode 100644 .omnius/debug-library/runs/1783098484662-k0bt4g/events/turn-0000/2026-07-03T17-20-03-102Z-context-ede072597d.json
 create mode 100644 .omnius/debug-library/runs/1783098484662-k0bt4g/events/turn-0000/2026-07-03T17-21-01-664Z-context-d67ab5334c.json
 create mode 100644 .omnius/debug-library/runs/1783098484662-k0bt4g/events/turn-0000/2026-07-03T17-21-48-934Z-context-0c01d26040.json
 create mode 100644 .omnius/debug-library/runs/1783098484662-k0bt4g/events/turn-0000/2026-07-03T17-22-32-616Z-context-2457e4b902.json
 create mode 100644 .omnius/debug-library/runs/1783098484662-k0bt4g/events/turn-0000/2026-07-03T17-23-15-642Z-context-cc4192cb0c.json
 create mode 100644 .omnius/debug-library/runs/1783098484662-k0bt4g/events/turn-0000/2026-07-03T17-23-41-002Z-context-9ec1cff277.json
 create mode 100644 .omnius/debug-library/runs/1783098484662-k0bt4g/events/turn-0000/2026-07-03T17-24-28-893Z-context-f5c392324b.json
 create mode 100644 .omnius/debug-library/runs/1783098484662-k0bt4g/events/turn-0000/2026-07-03T17-25-15-054Z-context-b944326fa0.json
 create mode 100644 .omnius/debug-library/runs/1783098484662-k0bt4g/events/turn-0000/2026-07-03T17-25-58-536Z-context-0a264afb5b.json
 create mode 100644 .omnius/debug-library/runs/1783098484662-k0bt4g/events/turn-0000/2026-07-03T17-26-53-843Z-context-3c0893523f.json
 create mode 100644 .omnius/debug-library/runs/1783098484662-k0bt4g/events/turn-0000/2026-07-03T17-31-32-231Z-context-6c0032a5a3.json
 create mode 100644 .omnius/debug-library/runs/1783098484662-k0bt4g/events/turn-0000/2026-07-03T17-32-23-042Z-context-5c652f1248.json
 create mode 100644 .omnius/debug-library/runs/1783098484662-k0bt4g/events/turn-0000/2026-07-03T17-33-21-519Z-context-1cde3defe1.json
 create mode 100644 .omnius/debug-library/runs/1783098484662-k0bt4g/events/turn-0000/2026-07-03T17-34-22-166Z-context-9990eb144b.json
 create mode 100644 .omnius/debug-library/runs/1783098484662-k0bt4g/events/turn-0000/2026-07-03T17-35-16-736Z-context-4e32103487.json
 create mode 100644 .omnius/debug-library/runs/1783098484662-k0bt4g/events/turn-0001/2026-07-03T17-08-23-737Z-context-157a34a901.json
 create mode 100644 .omnius/debug-library/runs/1783098484662-k0bt4g/events/turn-0002/2026-07-03T17-08-37-181Z-context-a1e92a397c.json
 create mode 100644 .omnius/debug-library/runs/1783098484662-k0bt4g/events/turn-0002/2026-07-03T17-09-08-178Z-shell-75c3df812f.json
 create mode 100644 .omnius/debug-library/runs/1783098484662-k0bt4g/events/turn-0003/2026-07-03T17-08-51-737Z-context-8345b05906.json
 create mode 100644 .omnius/debug-library/runs/1783098484662-k0bt4g/events/turn-0004/2026-07-03T17-09-08-188Z-context-b55f2d85eb.json
 create mode 100644 .omnius/debug-library/runs/1783098484662-k0bt4g/events/turn-0004/2026-07-03T17-09-55-916Z-shell-1204fc4d29.json
 create mode 100644 .omnius/debug-library/runs/1783098484662-k0bt4g/events/turn-0005/2026-07-03T17-09-29-497Z-context-6967031ef3.json
 create mode 100644 .omnius/debug-library/runs/1783098484662-k0bt4g/events/turn-0005/2026-07-03T17-10-18-628Z-shell-1204fc4d29.json
 create mode 100644 .omnius/debug-library/runs/1783098484662-k0bt4g/events/turn-0006/2026-07-03T17-09-55-934Z-context-6ec171b1a2.json
 create mode 100644 .omnius/debug-library/runs/1783098484662-k0bt4g/events/turn-0006/2026-07-03T17-10-45-461Z-shell-30353d795b.json
 create mode 100644 .omnius/debug-library/runs/1783098484662-k0bt4g/events/turn-0007/2026-07-03T17-10-18-641Z-context-6e4d4213d5.json
 create mode 100644 .omnius/debug-library/runs/1783098484662-k0bt4g/events/turn-0007/2026-07-03T17-11-21-466Z-shell-a634306c68.json
 create mode 100644 .omnius/debug-library/runs/1783098484662-k0bt4g/events/turn-0008/2026-07-03T17-10-45-481Z-context-04da02984e.json
 create mode 100644 .omnius/debug-library/runs/1783098484662-k0bt4g/events/turn-0008/2026-07-03T17-11-49-368Z-shell-4df330b5a6.json
 create mode 100644 .omnius/debug-library/runs/1783098484662-k0bt4g/events/turn-0009/2026-07-03T17-11-21-484Z-context-d67546d82c.json
 create mode 100644 .omnius/debug-library/runs/1783098484662-k0bt4g/events/turn-0010/2026-07-03T17-11-49-385Z-context-c83c3a15ad.json
 create mode 100644 .omnius/debug-library/runs/1783098484662-k0bt4g/events/turn-0010/2026-07-03T17-13-06-285Z-shell-5b5b93bf4d.json
 create mode 100644 .omnius/debug-library/runs/1783098484662-k0bt4g/events/turn-0011/2026-07-03T17-12-27-564Z-context-69eea7c4ac.json
 create mode 100644 .omnius/debug-library/runs/1783098484662-k0bt4g/events/turn-0011/2026-07-03T17-13-48-283Z-shell-5b5b93bf4d.json
 create mode 100644 .omnius/debug-library/runs/1783098484662-k0bt4g/events/turn-0012/2026-07-03T17-13-06-301Z-context-3d5599c056.json
 create mode 100644 .omnius/debug-library/runs/1783098484662-k0bt4g/events/turn-0012/2026-07-03T17-14-16-501Z-shell-0cf9f9c432.json
 create mode 100644 .omnius/debug-library/runs/1783098484662-k0bt4g/events/turn-0013/2026-07-03T17-13-48-295Z-context-9d81da475d.json
 create mode 100644 .omnius/debug-library/runs/1783098484662-k0bt4g/events/turn-0013/2026-07-03T17-14-51-150Z-shell-1d05f3ad1c.json
 create mode 100644 .omnius/debug-library/runs/1783098484662-k0bt4g/events/turn-0014/2026-07-03T17-14-16-515Z-context-5eeb5d5758.json
 create mode 100644 .omnius/debug-library/runs/1783098484662-k0bt4g/events/turn-0014/2026-07-03T17-15-31-424Z-shell-b225ca6ae8.json
 create mode 100644 .omnius/debug-library/runs/1783098484662-k0bt4g/events/turn-0015/2026-07-03T17-14-51-169Z-context-1f0d16a88c.json
 create mode 100644 .omnius/debug-library/runs/1783098484662-k0bt4g/events/turn-0015/2026-07-03T17-16-03-910Z-shell-212381c07f.json
 create mode 100644 .omnius/debug-library/runs/1783098484662-k0bt4g/events/turn-0016/2026-07-03T17-15-31-452Z-context-6a502c46fb.json
 create mode 100644 .omnius/debug-library/runs/1783098484662-k0bt4g/events/turn-0016/2026-07-03T17-16-46-747Z-shell-0cf9f9c432.json
 create mode 100644 .omnius/debug-library/runs/1783098484662-k0bt4g/events/turn-0017/2026-07-03T17-16-03-962Z-context-6d62081eb7.json
 create mode 100644 .omnius/debug-library/runs/1783098484662-k0bt4g/events/turn-0017/2026-07-03T17-18-05-251Z-file_edit-ad4bf6d3e4.json
 create mode 100644 .omnius/debug-library/runs/1783098484662-k0bt4g/events/turn-0018/2026-07-03T17-16-46-762Z-context-3467bb3a2d.json
 create mode 100644 .omnius/debug-library/runs/1783098484662-k0bt4g/events/turn-0018/2026-07-03T17-18-43-171Z-shell-58a24aba6a.json
 create mode 100644 .omnius/debug-library/runs/1783098484662-k0bt4g/events/turn-0019/2026-07-03T17-18-05-269Z-context-7681191f69.json
 create mode 100644 .omnius/debug-library/runs/1783098484662-k0bt4g/events/turn-0019/2026-07-03T17-19-22-616Z-file_read-53eec49ab1.json
 create mode 100644 .omnius/debug-library/runs/1783098484662-k0bt4g/events/turn-0020/2026-07-03T17-18-43-186Z-context-821f4e7c74.json
 create mode 100644 .omnius/debug-library/runs/1783098484662-k0bt4g/events/turn-0020/2026-07-03T17-20-12-680Z-shell-0cf9f9c432.json
 create mode 100644 .omnius/debug-library/runs/1783098484662-k0bt4g/events/turn-0021/2026-07-03T17-19-22-629Z-context-74562d5251.json
 create mode 100644 .omnius/debug-library/runs/1783098484662-k0bt4g/events/turn-0021/2026-07-03T17-21-01-547Z-file_edit-cb5bb80304.json
 create mode 100644 .omnius/debug-library/runs/1783098484662-k0bt4g/events/turn-0022/2026-07-03T17-20-12-694Z-context-1c5dd01434.json
 create mode 100644 .omnius/debug-library/runs/1783098484662-k0bt4g/events/turn-0022/2026-07-03T17-21-49-537Z-file_read-2b5f63fdb2.json
 create mode 100644 .omnius/debug-library/runs/1783098484662-k0bt4g/events/turn-0023/2026-07-03T17-21-01-561Z-context-03f4360cd4.json
 create mode 100644 .omnius/debug-library/runs/1783098484662-k0bt4g/events/turn-0023/2026-07-03T17-22-32-406Z-file_edit-da4c755f2a.json
 create mode 100644 .omnius/debug-library/runs/1783098484662-k0bt4g/events/turn-0024/2026-07-03T17-21-49-554Z-context-0ba80e942a.json
 create mode 100644 .omnius/debug-library/runs/1783098484662-k0bt4g/events/turn-0025/2026-07-03T17-22-32-418Z-context-8092e14ff1.json
 create mode 100644 .omnius/debug-library/runs/1783098484662-k0bt4g/events/turn-0025/2026-07-03T17-23-40-793Z-file_edit-0b474671fc.json
 create mode 100644 .omnius/debug-library/runs/1783098484662-k0bt4g/events/turn-0026/2026-07-03T17-23-15-429Z-context-f1491d919a.json
 create mode 100644 .omnius/debug-library/runs/1783098484662-k0bt4g/events/turn-0026/2026-07-03T17-24-28-651Z-shell-58a24aba6a.json
 create mode 100644 .omnius/debug-library/runs/1783098484662-k0bt4g/events/turn-0027/2026-07-03T17-23-40-805Z-context-c09ac34052.json
 create mode 100644 .omnius/debug-library/runs/1783098484662-k0bt4g/events/turn-0027/2026-07-03T17-25-14-834Z-file_read-c9e23462f9.json
 create mode 100644 .omnius/debug-library/runs/1783098484662-k0bt4g/events/turn-0028/2026-07-03T17-24-28-665Z-context-927dd73806.json
 create mode 100644 .omnius/debug-library/runs/1783098484662-k0bt4g/events/turn-0028/2026-07-03T17-25-58-320Z-file_read-c9e23462f9.json
 create mode 100644 .omnius/debug-library/runs/1783098484662-k0bt4g/events/turn-0029/2026-07-03T17-25-14-847Z-context-df608e1ac4.json
 create mode 100644 .omnius/debug-library/runs/1783098484662-k0bt4g/events/turn-0029/2026-07-03T17-26-53-651Z-file_read-c9e23462f9.json
 create mode 100644 .omnius/debug-library/runs/1783098484662-k0bt4g/events/turn-0030/2026-07-03T17-25-58-336Z-context-5fbc9fc0f6.json
 create mode 100644 .omnius/debug-library/runs/1783098484662-k0bt4g/events/turn-0030/2026-07-03T17-27-45-378Z-file_read-c9e23462f9.json
 create mode 100644 .omnius/debug-library/runs/1783098484662-k0bt4g/events/turn-0031/2026-07-03T17-26-53-665Z-context-4caa07f903.json
 create mode 100644 .omnius/debug-library/runs/1783098484662-k0bt4g/events/turn-0031/2026-07-03T17-28-40-603Z-file_read-c9e23462f9.json
 create mode 100644 .omnius/debug-library/runs/1783098484662-k0bt4g/events/turn-0032/2026-07-03T17-27-45-393Z-context-779a499d81.json
 create mode 100644 .omnius/debug-library/runs/1783098484662-k0bt4g/events/turn-0032/2026-07-03T17-29-40-523Z-file_edit-26b9d4dc43.json
 create mode 100644 .omnius/debug-library/runs/1783098484662-k0bt4g/events/turn-0033/2026-07-03T17-28-40-614Z-context-ab1f232a0c.json
 create mode 100644 .omnius/debug-library/runs/1783098484662-k0bt4g/events/turn-0034/2026-07-03T17-29-40-534Z-context-c22b4544f7.json
 create mode 100644 .omnius/debug-library/runs/1783098484662-k0bt4g/events/turn-0034/2026-07-03T17-31-32-014Z-file_edit-d85512d4f5.json
 create mode 100644 .omnius/debug-library/runs/1783098484662-k0bt4g/events/turn-0035/2026-07-03T17-30-31-357Z-context-2b63623585.json
 create mode 100644 .omnius/debug-library/runs/1783098484662-k0bt4g/events/turn-0035/2026-07-03T17-32-22-809Z-file_read-38ac059e2c.json
 create mode 100644 .omnius/debug-library/runs/1783098484662-k0bt4g/events/turn-0036/2026-07-03T17-31-32-029Z-context-79433ba5d6.json
 create mode 100644 .omnius/debug-library/runs/1783098484662-k0bt4g/events/turn-0036/2026-07-03T17-33-21-404Z-file_edit-edf6e1fd5a.json
 create mode 100644 .omnius/debug-library/runs/1783098484662-k0bt4g/events/turn-0037/2026-07-03T17-32-22-825Z-context-cb9f9b9ecc.json
 create mode 100644 .omnius/debug-library/runs/1783098484662-k0bt4g/events/turn-0038/2026-07-03T17-33-21-418Z-context-f9ba0cc10e.json
 create mode 100644 .omnius/debug-library/runs/1783098484662-k0bt4g/events/turn-0038/2026-07-03T17-34-29-364Z-shell-ebc52cf54a.json
 create mode 100644 .omnius/debug-library/runs/1783098484662-k0bt4g/events/turn-0039/2026-07-03T17-34-21-803Z-context-f05a910b2d.json
 create mode 100644 .omnius/debug-library/runs/1783098484662-k0bt4g/events/turn-0039/2026-07-03T17-35-16-027Z-file_read-c9e23462f9.json
 create mode 100644 .omnius/debug-library/runs/1783098484662-k0bt4g/events/turn-0040/2026-07-03T17-34-29-383Z-context-ae231a0d00.json
 create mode 100644 .omnius/debug-library/runs/1783098484662-k0bt4g/events/turn-0041/2026-07-03T17-35-16-043Z-context-e29409970a.json
 create mode 100644 .omnius/debug-library/runs/1783098484662-k0bt4g/index.json
 create mode 100644 .omnius/debug-library/runs/1783100178105-dgntvm/README.md
 create mode 100644 .omnius/debug-library/runs/1783100178105-dgntvm/events.jsonl
 create mode 100644 .omnius/debug-library/runs/1783100178105-dgntvm/events/turn-0000/2026-07-03T17-36-18-819Z-context-eae22b152e.json
 create mode 100644 .omnius/debug-library/runs/1783100178105-dgntvm/events/turn-0000/2026-07-03T17-36-44-779Z-context-f5fae39b5d.json
 create mode 100644 .omnius/debug-library/runs/1783100178105-dgntvm/events/turn-0000/2026-07-03T17-37-37-378Z-context-ced4c7fc5f.json
 create mode 100644 .omnius/debug-library/runs/1783100178105-dgntvm/events/turn-0001/2026-07-03T17-36-44-570Z-context-d4e41321d5.json
 create mode 100644 .omnius/debug-library/runs/1783100178105-dgntvm/events/turn-0002/2026-07-03T17-37-40-145Z-context-fa73275cf6.json
 create mode 100644 .omnius/debug-library/runs/1783100178105-dgntvm/events/turn-0003/2026-07-03T17-38-41-976Z-context-6ec05aa0f7.json
 create mode 100644 .omnius/debug-library/runs/1783100178105-dgntvm/events/turn-0003/2026-07-03T17-41-44-139Z-file_read-7c3d24eb4b.json
 create mode 100644 .omnius/debug-library/runs/1783100178105-dgntvm/events/turn-0003/2026-07-03T17-41-44-810Z-file_read-7c3d24eb4b.json
 create mode 100644 .omnius/debug-library/runs/1783100178105-dgntvm/events/turn-0003/2026-07-03T17-41-45-421Z-file_read-7c3d24eb4b.json
 create mode 100644 .omnius/debug-library/runs/1783100178105-dgntvm/events/turn-0003/2026-07-03T17-41-46-037Z-file_read-7c3d24eb4b.json
 create mode 100644 .omnius/debug-library/runs/1783100178105-dgntvm/events/turn-0003/2026-07-03T17-41-46-145Z-file_read-7c3d24eb4b.json
 create mode 100644 .omnius/debug-library/runs/1783100178105-dgntvm/events/turn-0004/2026-07-03T17-40-33-256Z-context-bf588509b5.json
 create mode 100644 .omnius/debug-library/runs/1783100178105-dgntvm/events/turn-0005/2026-07-03T17-41-46-154Z-context-62952fda12.json
 create mode 100644 .omnius/debug-library/runs/1783100178105-dgntvm/index.json
 create mode 100644 .omnius/debug-library/runs/1783100539534-ttnzaw/README.md
 create mode 100644 .omnius/debug-library/runs/1783100539534-ttnzaw/events.jsonl
 create mode 100644 .omnius/debug-library/runs/1783100539534-ttnzaw/events/turn-0000/2026-07-03T17-42-20-374Z-context-c0e84239ee.json
 create mode 100644 .omnius/debug-library/runs/1783100539534-ttnzaw/events/turn-0000/2026-07-03T17-42-36-453Z-context-99844880ad.json
 create mode 100644 .omnius/debug-library/runs/1783100539534-ttnzaw/events/turn-0000/2026-07-03T17-43-08-310Z-context-a72d1c84ba.json
 create mode 100644 .omnius/debug-library/runs/1783100539534-ttnzaw/events/turn-0000/2026-07-03T17-46-08-662Z-context-f673fd6682.json
 create mode 100644 .omnius/debug-library/runs/1783100539534-ttnzaw/events/turn-0000/2026-07-03T17-47-02-852Z-context-1430a3e8e1.json
 create mode 100644 .omnius/debug-library/runs/1783100539534-ttnzaw/events/turn-0000/2026-07-03T17-48-39-939Z-context-2ce9ee9d12.json
 create mode 100644 .omnius/debug-library/runs/1783100539534-ttnzaw/events/turn-0000/2026-07-03T17-48-48-006Z-context-139cd10cd3.json
 create mode 100644 .omnius/debug-library/runs/1783100539534-ttnzaw/events/turn-0000/2026-07-03T17-49-11-019Z-context-3a218f9af1.json
 create mode 100644 .omnius/debug-library/runs/1783100539534-ttnzaw/events/turn-0000/2026-07-03T17-49-19-029Z-context-4a5fe6acd4.json
 create mode 100644 .omnius/debug-library/runs/1783100539534-ttnzaw/events/turn-0000/2026-07-03T17-51-34-015Z-context-56f25413a1.json
 create mode 100644 .omnius/debug-library/runs/1783100539534-ttnzaw/events/turn-0000/2026-07-03T17-51-42-161Z-context-2084a9fe73.json
 create mode 100644 .omnius/debug-library/runs/1783100539534-ttnzaw/events/turn-0000/2026-07-03T17-52-17-986Z-context-73002d8633.json
 create mode 100644 .omnius/debug-library/runs/1783100539534-ttnzaw/events/turn-0000/2026-07-03T17-52-26-219Z-context-6e4a2a5816.json
 create mode 100644 .omnius/debug-library/runs/1783100539534-ttnzaw/events/turn-0000/2026-07-03T17-52-56-909Z-context-eda4688bb8.json
 create mode 100644 .omnius/debug-library/runs/1783100539534-ttnzaw/events/turn-0000/2026-07-03T17-53-04-943Z-context-fb569f34f1.json
 create mode 100644 .omnius/debug-library/runs/1783100539534-ttnzaw/events/turn-0000/2026-07-03T17-54-18-404Z-context-91c1327b82.json
 create mode 100644 .omnius/debug-library/runs/1783100539534-ttnzaw/events/turn-0000/2026-07-03T17-56-05-371Z-context-79f188be8b.json
 create mode 100644 .omnius/debug-library/runs/1783100539534-ttnzaw/events/turn-0000/2026-07-03T17-56-13-525Z-context-fa53f17da3.json
 create mode 100644 .omnius/debug-library/runs/1783100539534-ttnzaw/events/turn-0000/2026-07-03T17-57-28-974Z-context-82f8ddcffc.json
 create mode 100644 .omnius/debug-library/runs/1783100539534-ttnzaw/events/turn-0000/2026-07-03T17-58-13-702Z-context-277e084595.json
 create mode 100644 .omnius/debug-library/runs/1783100539534-ttnzaw/events/turn-0000/2026-07-03T17-58-17-959Z-context-b258a4ee87.json
 create mode 100644 .omnius/debug-library/runs/1783100539534-ttnzaw/events/turn-0000/2026-07-03T17-59-02-978Z-context-18897b918a.json
 create mode 100644 .omnius/debug-library/runs/1783100539534-ttnzaw/events/turn-0000/2026-07-03T18-00-37-094Z-context-fa3a0b29b8.json
 create mode 100644 .omnius/debug-library/runs/1783100539534-ttnzaw/events/turn-0000/2026-07-03T18-00-45-313Z-context-b01f337bca.json
 create mode 100644 .omnius/debug-library/runs/1783100539534-ttnzaw/events/turn-0000/2026-07-03T18-08-46-073Z-context-e8e0b708ed.json
 create mode 100644 .omnius/debug-library/runs/1783100539534-ttnzaw/events/turn-0000/2026-07-03T18-08-54-179Z-context-819424946f.json
 create mode 100644 .omnius/debug-library/runs/1783100539534-ttnzaw/events/turn-0000/2026-07-03T18-09-28-054Z-context-23b9e5833f.json
 create mode 100644 .omnius/debug-library/runs/1783100539534-ttnzaw/events/turn-0001/2026-07-03T17-42-36-261Z-context-a1cb46da2d.json
 create mode 100644 .omnius/debug-library/runs/1783100539534-ttnzaw/events/turn-0002/2026-07-03T17-42-51-271Z-context-d2299dc1e8.json
 create mode 100644 .omnius/debug-library/runs/1783100539534-ttnzaw/events/turn-0003/2026-07-03T17-43-08-112Z-context-ead4dda7c8.json
 create mode 100644 .omnius/debug-library/runs/1783100539534-ttnzaw/events/turn-0004/2026-07-03T17-43-45-391Z-context-26888a0448.json
 create mode 100644 .omnius/debug-library/runs/1783100539534-ttnzaw/events/turn-0005/2026-07-03T17-44-28-490Z-context-0ad3ec52a8.json
 create mode 100644 .omnius/debug-library/runs/1783100539534-ttnzaw/events/turn-0005/2026-07-03T17-46-06-421Z-file_read-981104ac31.json
 create mode 100644 .omnius/debug-library/runs/1783100539534-ttnzaw/events/turn-0005/2026-07-03T17-46-06-987Z-file_read-981104ac31.json
 create mode 100644 .omnius/debug-library/runs/1783100539534-ttnzaw/events/turn-0005/2026-07-03T17-46-07-629Z-file_read-981104ac31.json
 create mode 100644 .omnius/debug-library/runs/1783100539534-ttnzaw/events/turn-0005/2026-07-03T17-46-08-231Z-file_read-981104ac31.json
 create mode 100644 .omnius/debug-library/runs/1783100539534-ttnzaw/events/turn-0005/2026-07-03T17-46-08-342Z-file_read-981104ac31.json
 create mode 100644 .omnius/debug-library/runs/1783100539534-ttnzaw/events/turn-0006/2026-07-03T17-45-17-790Z-context-9447a2e09b.json
 create mode 100644 .omnius/debug-library/runs/1783100539534-ttnzaw/events/turn-0006/2026-07-03T17-47-02-724Z-file_edit-c758744f96.json
 create mode 100644 .omnius/debug-library/runs/1783100539534-ttnzaw/events/turn-0007/2026-07-03T17-46-08-354Z-context-d218e8bf47.json
 create mode 100644 .omnius/debug-library/runs/1783100539534-ttnzaw/events/turn-0008/2026-07-03T17-47-02-743Z-context-d6c443e943.json
 create mode 100644 .omnius/debug-library/runs/1783100539534-ttnzaw/events/turn-0008/2026-07-03T17-48-39-722Z-file_edit-683dcc00d4.json
 create mode 100644 .omnius/debug-library/runs/1783100539534-ttnzaw/events/turn-0009/2026-07-03T17-47-37-397Z-context-3ca307cb2e.json
 create mode 100644 .omnius/debug-library/runs/1783100539534-ttnzaw/events/turn-0010/2026-07-03T17-48-39-735Z-context-12d6ad208a.json
 create mode 100644 .omnius/debug-library/runs/1783100539534-ttnzaw/events/turn-0010/2026-07-03T17-49-47-333Z-file_edit-367cfff8f9.json
 create mode 100644 .omnius/debug-library/runs/1783100539534-ttnzaw/events/turn-0011/2026-07-03T17-49-10-751Z-context-2108b00777.json
 create mode 100644 .omnius/debug-library/runs/1783100539534-ttnzaw/events/turn-0012/2026-07-03T17-49-47-345Z-context-0b0ec5f643.json
 create mode 100644 .omnius/debug-library/runs/1783100539534-ttnzaw/events/turn-0013/2026-07-03T17-50-25-950Z-context-4dbc00ab31.json
 create mode 100644 .omnius/debug-library/runs/1783100539534-ttnzaw/events/turn-0013/2026-07-03T17-52-17-716Z-file_edit-e99e96582a.json
 create mode 100644 .omnius/debug-library/runs/1783100539534-ttnzaw/events/turn-0014/2026-07-03T17-51-34-128Z-context-dc6467a9c3.json
 create mode 100644 .omnius/debug-library/runs/1783100539534-ttnzaw/events/turn-0015/2026-07-03T17-52-17-730Z-context-fc4916c257.json
 create mode 100644 .omnius/debug-library/runs/1783100539534-ttnzaw/events/turn-0016/2026-07-03T17-52-56-662Z-context-ac2bbf430b.json
 create mode 100644 .omnius/debug-library/runs/1783100539534-ttnzaw/events/turn-0017/2026-07-03T17-53-35-341Z-context-59bff35f4a.json
 create mode 100644 .omnius/debug-library/runs/1783100539534-ttnzaw/events/turn-0017/2026-07-03T17-55-08-128Z-shell-73415aeba7.json
 create mode 100644 .omnius/debug-library/runs/1783100539534-ttnzaw/events/turn-0018/2026-07-03T17-54-18-150Z-context-40a77ad345.json
 create mode 100644 .omnius/debug-library/runs/1783100539534-ttnzaw/events/turn-0018/2026-07-03T17-56-05-087Z-shell-73415aeba7.json
 create mode 100644 .omnius/debug-library/runs/1783100539534-ttnzaw/events/turn-0019/2026-07-03T17-55-08-143Z-context-0f0f38a8e7.json
 create mode 100644 .omnius/debug-library/runs/1783100539534-ttnzaw/events/turn-0019/2026-07-03T17-57-28-716Z-shell-1cfe85cc44.json
 create mode 100644 .omnius/debug-library/runs/1783100539534-ttnzaw/events/turn-0020/2026-07-03T17-56-05-107Z-context-0bd82376e4.json
 create mode 100644 .omnius/debug-library/runs/1783100539534-ttnzaw/events/turn-0020/2026-07-03T17-58-13-085Z-grep_search-b2526d8a6f.json
 create mode 100644 .omnius/debug-library/runs/1783100539534-ttnzaw/events/turn-0020/2026-07-03T17-58-13-950Z-grep_search-f29e50cb1f.json
 create mode 100644 .omnius/debug-library/runs/1783100539534-ttnzaw/events/turn-0020/2026-07-03T17-58-14-819Z-grep_search-437c8666df.json
 create mode 100644 .omnius/debug-library/runs/1783100539534-ttnzaw/events/turn-0020/2026-07-03T17-58-14-877Z-grep_search-62d059d039.json
 create mode 100644 .omnius/debug-library/runs/1783100539534-ttnzaw/events/turn-0021/2026-07-03T17-57-28-734Z-context-6bfa9b4081.json
 create mode 100644 .omnius/debug-library/runs/1783100539534-ttnzaw/events/turn-0022/2026-07-03T17-58-14-903Z-context-d1f617d260.json
 create mode 100644 .omnius/debug-library/runs/1783100539534-ttnzaw/events/turn-0023/2026-07-03T17-59-02-871Z-context-73ae853db5.json
 create mode 100644 .omnius/debug-library/runs/1783100539534-ttnzaw/events/turn-0024/2026-07-03T18-00-36-997Z-context-3ef1dfe695.json
 create mode 100644 .omnius/debug-library/runs/1783100539534-ttnzaw/events/turn-0024/2026-07-03T18-02-07-299Z-file_edit-0d73351107.json
 create mode 100644 .omnius/debug-library/runs/1783100539534-ttnzaw/events/turn-0025/2026-07-03T18-01-22-295Z-context-a3906ec927.json
 create mode 100644 .omnius/debug-library/runs/1783100539534-ttnzaw/events/turn-0026/2026-07-03T18-02-07-315Z-context-72227d67a5.json
 create mode 100644 .omnius/debug-library/runs/1783100539534-ttnzaw/events/turn-0026/2026-07-03T18-03-37-825Z-file_read-53eec49ab1.json
 create mode 100644 .omnius/debug-library/runs/1783100539534-ttnzaw/events/turn-0027/2026-07-03T18-02-50-474Z-context-dbb675f178.json
 create mode 100644 .omnius/debug-library/runs/1783100539534-ttnzaw/events/turn-0028/2026-07-03T18-03-38-080Z-context-e1d0041d04.json
 create mode 100644 .omnius/debug-library/runs/1783100539534-ttnzaw/events/turn-0028/2026-07-03T18-05-08-547Z-file_edit-5855a38506.json
 create mode 100644 .omnius/debug-library/runs/1783100539534-ttnzaw/events/turn-0029/2026-07-03T18-04-22-291Z-context-54467336f0.json
 create mode 100644 .omnius/debug-library/runs/1783100539534-ttnzaw/events/turn-0029/2026-07-03T18-06-02-813Z-file_edit-5855a38506.json
 create mode 100644 .omnius/debug-library/runs/1783100539534-ttnzaw/events/turn-0030/2026-07-03T18-05-08-564Z-context-7beb1e1a01.json
 create mode 100644 .omnius/debug-library/runs/1783100539534-ttnzaw/events/turn-0031/2026-07-03T18-06-02-866Z-context-95b44e2618.json
 create mode 100644 .omnius/debug-library/runs/1783100539534-ttnzaw/events/turn-0031/2026-07-03T18-07-35-080Z-file_edit-629c5efdcf.json
 create mode 100644 .omnius/debug-library/runs/1783100539534-ttnzaw/events/turn-0032/2026-07-03T18-06-44-291Z-context-a4d6184f6a.json
 create mode 100644 .omnius/debug-library/runs/1783100539534-ttnzaw/events/turn-0032/2026-07-03T18-08-45-816Z-shell-877b5e79d5.json
 create mode 100644 .omnius/debug-library/runs/1783100539534-ttnzaw/events/turn-0033/2026-07-03T18-07-35-110Z-context-fe29d99fbc.json
 create mode 100644 .omnius/debug-library/runs/1783100539534-ttnzaw/events/turn-0033/2026-07-03T18-09-27-756Z-file_read-4a80a0c2e9.json
 create mode 100644 .omnius/debug-library/runs/1783100539534-ttnzaw/events/turn-0034/2026-07-03T18-08-45-832Z-context-e288145985.json
 create mode 100644 .omnius/debug-library/runs/1783100539534-ttnzaw/events/turn-0035/2026-07-03T18-09-27-773Z-context-85cd36107a.json
 create mode 100644 .omnius/debug-library/runs/1783100539534-ttnzaw/events/turn-0036/2026-07-03T18-10-11-273Z-context-a6bc1f31ae.json
 create mode 100644 .omnius/debug-library/runs/1783100539534-ttnzaw/index.json
 create mode 100644 .omnius/debug-library/runs/1783102391191-glhboy/README.md
 create mode 100644 .omnius/debug-library/runs/1783102391191-glhboy/events.jsonl
 create mode 100644 .omnius/debug-library/runs/1783102391191-glhboy/events/turn-0000/2026-07-03T18-13-12-089Z-context-677bb46ec3.json
 create mode 100644 .omnius/debug-library/runs/1783102391191-glhboy/events/turn-0000/2026-07-03T18-13-37-694Z-context-ee18b5d42c.json
 create mode 100644 .omnius/debug-library/runs/1783102391191-glhboy/events/turn-0000/2026-07-03T18-14-17-985Z-context-692db3c242.json
 create mode 100644 .omnius/debug-library/runs/1783102391191-glhboy/events/turn-0000/2026-07-03T18-21-39-589Z-context-c94132e17e.json
 create mode 100644 .omnius/debug-library/runs/1783102391191-glhboy/events/turn-0000/2026-07-03T18-22-45-949Z-context-216564f6a0.json
 create mode 100644 .omnius/debug-library/runs/1783102391191-glhboy/events/turn-0000/2026-07-03T18-23-54-980Z-context-34c366435f.json
 create mode 100644 .omnius/debug-library/runs/1783102391191-glhboy/events/turn-0000/2026-07-03T18-24-59-757Z-context-68bfc75575.json
 create mode 100644 .omnius/debug-library/runs/1783102391191-glhboy/events/turn-0000/2026-07-03T18-26-16-591Z-context-69be0973ea.json
 create mode 100644 .omnius/debug-library/runs/1783102391191-glhboy/events/turn-0000/2026-07-03T18-27-33-101Z-context-1ecd965504.json
 create mode 100644 .omnius/debug-library/runs/1783102391191-glhboy/events/turn-0000/2026-07-03T18-28-54-971Z-context-0aad5ebab0.json
 create mode 100644 .omnius/debug-library/runs/1783102391191-glhboy/events/turn-0000/2026-07-03T18-30-16-347Z-context-e4de190e21.json
 create mode 100644 .omnius/debug-library/runs/1783102391191-glhboy/events/turn-0000/2026-07-03T18-31-41-495Z-context-7e6e2870f3.json
 create mode 100644 .omnius/debug-library/runs/1783102391191-glhboy/events/turn-0000/2026-07-03T18-33-10-002Z-context-e0bf7562d2.json
 create mode 100644 .omnius/debug-library/runs/1783102391191-glhboy/events/turn-0000/2026-07-03T18-34-02-408Z-context-a19ef3054c.json
 create mode 100644 .omnius/debug-library/runs/1783102391191-glhboy/events/turn-0000/2026-07-03T18-35-42-008Z-context-8cbbaad174.json
 create mode 100644 .omnius/debug-library/runs/1783102391191-glhboy/events/turn-0000/2026-07-03T18-37-13-491Z-context-1217e72984.json
 create mode 100644 .omnius/debug-library/runs/1783102391191-glhboy/events/turn-0001/2026-07-03T18-13-37-024Z-context-2c9289c044.json
 create mode 100644 .omnius/debug-library/runs/1783102391191-glhboy/events/turn-0001/2026-07-03T18-15-11-630Z-file_read-2b5f63fdb2.json
 create mode 100644 .omnius/debug-library/runs/1783102391191-glhboy/events/turn-0001/2026-07-03T18-15-12-214Z-file_read-2b5f63fdb2.json
 create mode 100644 .omnius/debug-library/runs/1783102391191-glhboy/events/turn-0002/2026-07-03T18-14-20-349Z-context-0d35da8580.json
 create mode 100644 .omnius/debug-library/runs/1783102391191-glhboy/events/turn-0003/2026-07-03T18-15-12-345Z-context-6ddf3d0be6.json
 create mode 100644 .omnius/debug-library/runs/1783102391191-glhboy/events/turn-0003/2026-07-03T18-16-58-830Z-file_write-e1b3e68a2e.json
 create mode 100644 .omnius/debug-library/runs/1783102391191-glhboy/events/turn-0004/2026-07-03T18-16-00-003Z-context-f6ae74f8e6.json
 create mode 100644 .omnius/debug-library/runs/1783102391191-glhboy/events/turn-0005/2026-07-03T18-16-58-864Z-context-61379d95bd.json
 create mode 100644 .omnius/debug-library/runs/1783102391191-glhboy/events/turn-0005/2026-07-03T18-19-31-934Z-file_write-928289f69b.json
 create mode 100644 .omnius/debug-library/runs/1783102391191-glhboy/events/turn-0006/2026-07-03T18-18-13-036Z-context-31989a27c6.json
 create mode 100644 .omnius/debug-library/runs/1783102391191-glhboy/events/turn-0007/2026-07-03T18-19-31-963Z-context-6016d8198c.json
 create mode 100644 .omnius/debug-library/runs/1783102391191-glhboy/events/turn-0007/2026-07-03T18-21-39-336Z-file_edit-a43492f708.json
 create mode 100644 .omnius/debug-library/runs/1783102391191-glhboy/events/turn-0008/2026-07-03T18-20-32-614Z-context-439bf70ef4.json
 create mode 100644 .omnius/debug-library/runs/1783102391191-glhboy/events/turn-0008/2026-07-03T18-22-45-773Z-file_edit-169ffdce4c.json
 create mode 100644 .omnius/debug-library/runs/1783102391191-glhboy/events/turn-0009/2026-07-03T18-21-39-361Z-context-e98933534b.json
 create mode 100644 .omnius/debug-library/runs/1783102391191-glhboy/events/turn-0009/2026-07-03T18-23-54-831Z-file_edit-169ffdce4c.json
 create mode 100644 .omnius/debug-library/runs/1783102391191-glhboy/events/turn-0010/2026-07-03T18-22-45-799Z-context-f6a31deef3.json
 create mode 100644 .omnius/debug-library/runs/1783102391191-glhboy/events/turn-0011/2026-07-03T18-23-54-856Z-context-a2813f12d5.json
 create mode 100644 .omnius/debug-library/runs/1783102391191-glhboy/events/turn-0012/2026-07-03T18-25-01-009Z-context-b1972a4341.json
 create mode 100644 .omnius/debug-library/runs/1783102391191-glhboy/events/turn-0012/2026-07-03T18-27-32-826Z-file_read-1fb2c3600c.json
 create mode 100644 .omnius/debug-library/runs/1783102391191-glhboy/events/turn-0013/2026-07-03T18-26-16-461Z-context-8bec1835bb.json
 create mode 100644 .omnius/debug-library/runs/1783102391191-glhboy/events/turn-0013/2026-07-03T18-28-54-828Z-file_edit-37a54fae21.json
 create mode 100644 .omnius/debug-library/runs/1783102391191-glhboy/events/turn-0014/2026-07-03T18-27-32-851Z-context-0d0a16d3bf.json
 create mode 100644 .omnius/debug-library/runs/1783102391191-glhboy/events/turn-0014/2026-07-03T18-30-16-192Z-file_edit-37a54fae21.json
 create mode 100644 .omnius/debug-library/runs/1783102391191-glhboy/events/turn-0015/2026-07-03T18-28-54-857Z-context-6c8a9447b9.json
 create mode 100644 .omnius/debug-library/runs/1783102391191-glhboy/events/turn-0015/2026-07-03T18-31-41-240Z-file_edit-9a42be88c0.json
 create mode 100644 .omnius/debug-library/runs/1783102391191-glhboy/events/turn-0016/2026-07-03T18-30-16-228Z-context-aa481ee75c.json
 create mode 100644 .omnius/debug-library/runs/1783102391191-glhboy/events/turn-0016/2026-07-03T18-33-09-666Z-file_edit-9a42be88c0.json
 create mode 100644 .omnius/debug-library/runs/1783102391191-glhboy/events/turn-0017/2026-07-03T18-31-41-264Z-context-7ea808ac19.json
 create mode 100644 .omnius/debug-library/runs/1783102391191-glhboy/events/turn-0017/2026-07-03T18-34-01-700Z-file_edit-f9810f3c52.json
 create mode 100644 .omnius/debug-library/runs/1783102391191-glhboy/events/turn-0018/2026-07-03T18-33-09-695Z-context-e7f8803fdb.json
 create mode 100644 .omnius/debug-library/runs/1783102391191-glhboy/events/turn-0018/2026-07-03T18-35-41-235Z-file_edit-f9810f3c52.json
 create mode 100644 .omnius/debug-library/runs/1783102391191-glhboy/events/turn-0019/2026-07-03T18-34-01-728Z-context-6596879e9c.json
 create mode 100644 .omnius/debug-library/runs/1783102391191-glhboy/events/turn-0019/2026-07-03T18-37-13-231Z-file_read-1fb2c3600c.json
 create mode 100644 .omnius/debug-library/runs/1783102391191-glhboy/events/turn-0020/2026-07-03T18-35-41-260Z-context-41e148f738.json
 create mode 100644 .omnius/debug-library/runs/1783102391191-glhboy/events/turn-0021/2026-07-03T18-37-13-256Z-context-2d48ec8d1a.json
 create mode 100644 .omnius/debug-library/runs/1783102391191-glhboy/index.json
 create mode 100644 .omnius/debug-library/runs/1783103891764-v0fo65/README.md
 create mode 100644 .omnius/debug-library/runs/1783103891764-v0fo65/events.jsonl
 create mode 100644 .omnius/debug-library/runs/1783103891764-v0fo65/events/turn-0000/2026-07-03T18-38-12-501Z-context-7877ee6900.json
 create mode 100644 .omnius/debug-library/runs/1783103891764-v0fo65/events/turn-0000/2026-07-03T18-38-30-469Z-context-4168384c25.json
 create mode 100644 .omnius/debug-library/runs/1783103891764-v0fo65/events/turn-0000/2026-07-03T18-39-07-194Z-context-76859ba6a8.json
 create mode 100644 .omnius/debug-library/runs/1783103891764-v0fo65/events/turn-0000/2026-07-03T18-44-32-687Z-context-f27ba372d5.json
 create mode 100644 .omnius/debug-library/runs/1783103891764-v0fo65/events/turn-0000/2026-07-03T18-45-13-111Z-context-5101d8e727.json
 create mode 100644 .omnius/debug-library/runs/1783103891764-v0fo65/events/turn-0000/2026-07-03T18-47-02-199Z-context-f8c7a8b1de.json
 create mode 100644 .omnius/debug-library/runs/1783103891764-v0fo65/events/turn-0000/2026-07-03T18-47-55-221Z-context-5833884841.json
 create mode 100644 .omnius/debug-library/runs/1783103891764-v0fo65/events/turn-0000/2026-07-03T18-48-48-223Z-context-1683a51f8f.json
 create mode 100644 .omnius/debug-library/runs/1783103891764-v0fo65/events/turn-0000/2026-07-03T18-53-16-145Z-context-b77365b052.json
 create mode 100644 .omnius/debug-library/runs/1783103891764-v0fo65/events/turn-0000/2026-07-03T18-54-11-416Z-context-adc0e6feff.json
 create mode 100644 .omnius/debug-library/runs/1783103891764-v0fo65/events/turn-0000/2026-07-03T19-01-17-804Z-context-0089f87fea.json
 create mode 100644 .omnius/debug-library/runs/1783103891764-v0fo65/events/turn-0000/2026-07-03T19-06-20-550Z-context-b58b609899.json
 create mode 100644 .omnius/debug-library/runs/1783103891764-v0fo65/events/turn-0000/2026-07-03T19-10-50-558Z-context-be9a913bc9.json
 create mode 100644 .omnius/debug-library/runs/1783103891764-v0fo65/events/turn-0000/2026-07-03T19-15-40-571Z-context-71d79c8704.json
 create mode 100644 .omnius/debug-library/runs/1783103891764-v0fo65/events/turn-0000/2026-07-03T19-21-14-860Z-context-4a59a2c02f.json
 create mode 100644 .omnius/debug-library/runs/1783103891764-v0fo65/events/turn-0000/2026-07-03T19-22-21-846Z-context-c08b97bb59.json
 create mode 100644 .omnius/debug-library/runs/1783103891764-v0fo65/events/turn-0000/2026-07-03T19-23-24-207Z-context-84f9160a6a.json
 create mode 100644 .omnius/debug-library/runs/1783103891764-v0fo65/events/turn-0000/2026-07-03T19-24-24-925Z-context-8e2c72ba91.json
 create mode 100644 .omnius/debug-library/runs/1783103891764-v0fo65/events/turn-0000/2026-07-03T19-25-30-070Z-context-7bd2593097.json
 create mode 100644 .omnius/debug-library/runs/1783103891764-v0fo65/events/turn-0000/2026-07-03T19-26-38-484Z-context-c54fd623b9.json
 create mode 100644 .omnius/debug-library/runs/1783103891764-v0fo65/events/turn-0000/2026-07-03T19-27-48-840Z-context-f99f874d0a.json
 create mode 100644 .omnius/debug-library/runs/1783103891764-v0fo65/events/turn-0000/2026-07-03T19-29-01-073Z-context-53a0092b8b.json
 create mode 100644 .omnius/debug-library/runs/1783103891764-v0fo65/events/turn-0000/2026-07-03T19-30-17-426Z-context-1a4c086baa.json
 create mode 100644 .omnius/debug-library/runs/1783103891764-v0fo65/events/turn-0000/2026-07-03T19-31-28-919Z-context-6beea4df58.json
 create mode 100644 .omnius/debug-library/runs/1783103891764-v0fo65/events/turn-0000/2026-07-03T19-31-37-667Z-context-fa7e6b8d0f.json
 create mode 100644 .omnius/debug-library/runs/1783103891764-v0fo65/events/turn-0000/2026-07-03T19-32-15-109Z-context-4c76920fb7.json
 create mode 100644 .omnius/debug-library/runs/1783103891764-v0fo65/events/turn-0000/2026-07-03T19-32-23-844Z-context-75ba10e212.json
 create mode 100644 .omnius/debug-library/runs/1783103891764-v0fo65/events/turn-0000/2026-07-03T19-33-01-667Z-context-6aa3f0ef14.json
 create mode 100644 .omnius/debug-library/runs/1783103891764-v0fo65/events/turn-0000/2026-07-03T19-34-18-901Z-context-77f45dcb9c.json
 create mode 100644 .omnius/debug-library/runs/1783103891764-v0fo65/events/turn-0000/2026-07-03T19-35-43-719Z-context-d7a0a8b5e7.json
 create mode 100644 .omnius/debug-library/runs/1783103891764-v0fo65/events/turn-0000/2026-07-03T19-37-09-575Z-context-7573a59312.json
 create mode 100644 .omnius/debug-library/runs/1783103891764-v0fo65/events/turn-0000/2026-07-03T19-38-12-819Z-context-cc2f916c56.json
 create mode 100644 .omnius/debug-library/runs/1783103891764-v0fo65/events/turn-0000/2026-07-03T19-38-12-919Z-context-2c7998920f.json
 create mode 100644 .omnius/debug-library/runs/1783103891764-v0fo65/events/turn-0000/2026-07-03T19-38-13-050Z-context-02a019664c.json
 create mode 100644 .omnius/debug-library/runs/1783103891764-v0fo65/events/turn-0000/2026-07-03T19-38-57-228Z-memory_read-5df2244ada.json
 create mode 100644 .omnius/debug-library/runs/1783103891764-v0fo65/events/turn-0000/2026-07-03T19-39-09-459Z-memory_read-5df2244ada.json
 create mode 100644 .omnius/debug-library/runs/1783103891764-v0fo65/events/turn-0000/2026-07-04T03-51-01-639Z-context-2efa804961.json
 create mode 100644 .omnius/debug-library/runs/1783103891764-v0fo65/events/turn-0000/2026-07-04T03-51-24-243Z-context-fac64c6dc7.json
 create mode 100644 .omnius/debug-library/runs/1783103891764-v0fo65/events/turn-0000/2026-07-04T03-51-43-930Z-file_read-04ed4b1b94.json
 create mode 100644 .omnius/debug-library/runs/1783103891764-v0fo65/events/turn-0000/2026-07-04T03-51-44-027Z-file_read-01b69fef1c.json
 create mode 100644 .omnius/debug-library/runs/1783103891764-v0fo65/events/turn-0000/2026-07-04T03-52-02-586Z-context-f7520b5fbf.json
 create mode 100644 .omnius/debug-library/runs/1783103891764-v0fo65/events/turn-0000/2026-07-04T03-52-57-271Z-context-53eacd72bf.json
 create mode 100644 .omnius/debug-library/runs/1783103891764-v0fo65/events/turn-0000/2026-07-04T03-55-33-718Z-context-c91d3ee643.json
 create mode 100644 .omnius/debug-library/runs/1783103891764-v0fo65/events/turn-0000/2026-07-04T03-56-59-425Z-context-1a6b0a6b43.json
 create mode 100644 .omnius/debug-library/runs/1783103891764-v0fo65/events/turn-0000/2026-07-04T03-57-53-046Z-context-ced50be003.json
 create mode 100644 .omnius/debug-library/runs/1783103891764-v0fo65/events/turn-0000/2026-07-04T03-58-49-358Z-context-20a5fe8773.json
 create mode 100644 .omnius/debug-library/runs/1783103891764-v0fo65/events/turn-0000/2026-07-04T03-59-41-400Z-context-b54b86dcde.json
 create mode 100644 .omnius/debug-library/runs/1783103891764-v0fo65/events/turn-0000/2026-07-04T04-00-38-086Z-context-d0bce83636.json
 create mode 100644 .omnius/debug-library/runs/1783103891764-v0fo65/events/turn-0000/2026-07-04T04-01-32-368Z-context-ee6a89f41c.json
 create mode 100644 .omnius/debug-library/runs/1783103891764-v0fo65/events/turn-0001/2026-07-03T18-38-30-266Z-context-ce36837bc0.json
 create mode 100644 .omnius/debug-library/runs/1783103891764-v0fo65/events/turn-0001/2026-07-03T19-38-57-243Z-context-ce82544327.json
 create mode 100644 .omnius/debug-library/runs/1783103891764-v0fo65/events/turn-0001/2026-07-03T19-39-09-473Z-context-5bbad9262e.json
 create mode 100644 .omnius/debug-library/runs/1783103891764-v0fo65/events/turn-0001/2026-07-03T19-40-29-892Z-file_read-42964356c5.json
 create mode 100644 .omnius/debug-library/runs/1783103891764-v0fo65/events/turn-0001/2026-07-03T19-40-31-078Z-file_read-bbcbf017f9.json
 create mode 100644 .omnius/debug-library/runs/1783103891764-v0fo65/events/turn-0001/2026-07-03T19-40-31-222Z-file_read-cc466b771d.json
 create mode 100644 .omnius/debug-library/runs/1783103891764-v0fo65/events/turn-0001/2026-07-03T19-40-55-844Z-file_read-42964356c5.json
 create mode 100644 .omnius/debug-library/runs/1783103891764-v0fo65/events/turn-0001/2026-07-03T19-40-57-003Z-file_read-bbcbf017f9.json
 create mode 100644 .omnius/debug-library/runs/1783103891764-v0fo65/events/turn-0001/2026-07-03T19-40-57-112Z-file_read-cc466b771d.json
 create mode 100644 .omnius/debug-library/runs/1783103891764-v0fo65/events/turn-0001/2026-07-04T03-51-24-119Z-context-f9bc204e50.json
 create mode 100644 .omnius/debug-library/runs/1783103891764-v0fo65/events/turn-0001/2026-07-04T03-52-02-285Z-list_directory-af47d22a19.json
 create mode 100644 .omnius/debug-library/runs/1783103891764-v0fo65/events/turn-0001/2026-07-04T03-52-02-371Z-list_directory-90e72d20bd.json
 create mode 100644 .omnius/debug-library/runs/1783103891764-v0fo65/events/turn-0002/2026-07-03T18-40-07-104Z-context-8afe5fd596.json
 create mode 100644 .omnius/debug-library/runs/1783103891764-v0fo65/events/turn-0002/2026-07-03T19-39-47-085Z-context-c904a9179f.json
 create mode 100644 .omnius/debug-library/runs/1783103891764-v0fo65/events/turn-0002/2026-07-03T19-40-15-119Z-context-af85646bc3.json
 create mode 100644 .omnius/debug-library/runs/1783103891764-v0fo65/events/turn-0002/2026-07-04T03-51-44-049Z-context-64575515e8.json
 create mode 100644 .omnius/debug-library/runs/1783103891764-v0fo65/events/turn-0002/2026-07-04T03-52-19-499Z-list_directory-90e72d20bd.json
 create mode 100644 .omnius/debug-library/runs/1783103891764-v0fo65/events/turn-0002/2026-07-04T03-52-19-586Z-list_directory-760540a7fd.json
 create mode 100644 .omnius/debug-library/runs/1783103891764-v0fo65/events/turn-0003/2026-07-03T18-40-31-134Z-context-576e195bd2.json
 create mode 100644 .omnius/debug-library/runs/1783103891764-v0fo65/events/turn-0003/2026-07-03T18-42-01-004Z-file_read-53eec49ab1.json
 create mode 100644 .omnius/debug-library/runs/1783103891764-v0fo65/events/turn-0003/2026-07-03T19-40-31-267Z-context-8b48cff0f1.json
 create mode 100644 .omnius/debug-library/runs/1783103891764-v0fo65/events/turn-0003/2026-07-03T19-40-57-144Z-context-f19b5c7d3f.json
 create mode 100644 .omnius/debug-library/runs/1783103891764-v0fo65/events/turn-0003/2026-07-04T03-52-02-389Z-context-eed90f738f.json
 create mode 100644 .omnius/debug-library/runs/1783103891764-v0fo65/events/turn-0003/2026-07-04T03-52-57-114Z-file_read-65da958617.json
 create mode 100644 .omnius/debug-library/runs/1783103891764-v0fo65/events/turn-0004/2026-07-03T18-41-20-046Z-context-75345a8e2c.json
 create mode 100644 .omnius/debug-library/runs/1783103891764-v0fo65/events/turn-0004/2026-07-03T19-42-39-087Z-context-093fecb48e.json
 create mode 100644 .omnius/debug-library/runs/1783103891764-v0fo65/events/turn-0004/2026-07-04T03-52-19-612Z-context-5c432e0b00.json
 create mode 100644 .omnius/debug-library/runs/1783103891764-v0fo65/events/turn-0004/2026-07-04T03-53-39-782Z-file_read-812cf926ff.json
 create mode 100644 .omnius/debug-library/runs/1783103891764-v0fo65/events/turn-0004/2026-07-04T03-53-40-261Z-file_read-5536318d64.json
 create mode 100644 .omnius/debug-library/runs/1783103891764-v0fo65/events/turn-0005/2026-07-03T18-42-01-021Z-context-e1f2ef46e5.json
 create mode 100644 .omnius/debug-library/runs/1783103891764-v0fo65/events/turn-0005/2026-07-04T03-52-57-143Z-context-3ac1f5bf18.json
 create mode 100644 .omnius/debug-library/runs/1783103891764-v0fo65/events/turn-0005/2026-07-04T03-54-41-213Z-file_read-bbcbf017f9.json
 create mode 100644 .omnius/debug-library/runs/1783103891764-v0fo65/events/turn-0006/2026-07-03T18-42-51-717Z-context-35bc451e8f.json
 create mode 100644 .omnius/debug-library/runs/1783103891764-v0fo65/events/turn-0006/2026-07-04T03-53-41-282Z-context-eb6032824e.json
 create mode 100644 .omnius/debug-library/runs/1783103891764-v0fo65/events/turn-0006/2026-07-04T03-55-33-378Z-file_edit-25cbb02abf.json
 create mode 100644 .omnius/debug-library/runs/1783103891764-v0fo65/events/turn-0007/2026-07-03T18-43-43-941Z-context-58200cd6d3.json
 create mode 100644 .omnius/debug-library/runs/1783103891764-v0fo65/events/turn-0007/2026-07-03T18-44-31-727Z-file_read-53eec49ab1.json
 create mode 100644 .omnius/debug-library/runs/1783103891764-v0fo65/events/turn-0007/2026-07-04T03-54-41-232Z-context-0574d954a4.json
 create mode 100644 .omnius/debug-library/runs/1783103891764-v0fo65/events/turn-0007/2026-07-04T03-56-59-166Z-file_edit-25cbb02abf.json
 create mode 100644 .omnius/debug-library/runs/1783103891764-v0fo65/events/turn-0008/2026-07-03T18-44-09-498Z-context-c188296a09.json
 create mode 100644 .omnius/debug-library/runs/1783103891764-v0fo65/events/turn-0008/2026-07-04T03-55-33-406Z-context-3e3b39fb7e.json
 create mode 100644 .omnius/debug-library/runs/1783103891764-v0fo65/events/turn-0008/2026-07-04T03-57-52-796Z-file_edit-017c0ae694.json
 create mode 100644 .omnius/debug-library/runs/1783103891764-v0fo65/events/turn-0009/2026-07-03T18-44-32-489Z-context-f501a1fc69.json
 create mode 100644 .omnius/debug-library/runs/1783103891764-v0fo65/events/turn-0009/2026-07-03T18-46-05-952Z-file_edit-46211062fd.json
 create mode 100644 .omnius/debug-library/runs/1783103891764-v0fo65/events/turn-0009/2026-07-04T03-56-59-189Z-context-3441122576.json
 create mode 100644 .omnius/debug-library/runs/1783103891764-v0fo65/events/turn-0009/2026-07-04T03-58-49-108Z-file_patch-58324997bc.json
 create mode 100644 .omnius/debug-library/runs/1783103891764-v0fo65/events/turn-0010/2026-07-03T18-45-12-887Z-context-88229e568f.json
 create mode 100644 .omnius/debug-library/runs/1783103891764-v0fo65/events/turn-0010/2026-07-03T18-47-01-940Z-file_edit-46211062fd.json
 create mode 100644 .omnius/debug-library/runs/1783103891764-v0fo65/events/turn-0010/2026-07-04T03-57-52-822Z-context-a3209bfff3.json
 create mode 100644 .omnius/debug-library/runs/1783103891764-v0fo65/events/turn-0011/2026-07-03T18-46-05-972Z-context-01a114c450.json
 create mode 100644 .omnius/debug-library/runs/1783103891764-v0fo65/events/turn-0011/2026-07-04T03-58-49-135Z-context-b778eae436.json
 create mode 100644 .omnius/debug-library/runs/1783103891764-v0fo65/events/turn-0011/2026-07-04T04-00-37-835Z-file_read-bbcbf017f9.json
 create mode 100644 .omnius/debug-library/runs/1783103891764-v0fo65/events/turn-0012/2026-07-03T18-47-01-961Z-context-e5ecc50f57.json
 create mode 100644 .omnius/debug-library/runs/1783103891764-v0fo65/events/turn-0012/2026-07-04T03-59-41-172Z-context-ed3bdb3b0f.json
 create mode 100644 .omnius/debug-library/runs/1783103891764-v0fo65/events/turn-0012/2026-07-04T04-01-32-110Z-file_read-bbcbf017f9.json
 create mode 100644 .omnius/debug-library/runs/1783103891764-v0fo65/events/turn-0013/2026-07-03T18-47-54-986Z-context-1c0bc1ae78.json
 create mode 100644 .omnius/debug-library/runs/1783103891764-v0fo65/events/turn-0013/2026-07-03T18-53-15-797Z-file_read-53eec49ab1.json
 create mode 100644 .omnius/debug-library/runs/1783103891764-v0fo65/events/turn-0013/2026-07-04T04-00-37-859Z-context-24809f0a58.json
 create mode 100644 .omnius/debug-library/runs/1783103891764-v0fo65/events/turn-0014/2026-07-03T18-48-48-009Z-context-08a7caac41.json
 create mode 100644 .omnius/debug-library/runs/1783103891764-v0fo65/events/turn-0014/2026-07-03T18-54-11-118Z-file_read-53eec49ab1.json
 create mode 100644 .omnius/debug-library/runs/1783103891764-v0fo65/events/turn-0014/2026-07-04T04-01-32-136Z-context-3ddcc467e4.json
 create mode 100644 .omnius/debug-library/runs/1783103891764-v0fo65/events/turn-0015/2026-07-03T18-53-15-820Z-context-91f3dcdda9.json
 create mode 100644 .omnius/debug-library/runs/1783103891764-v0fo65/events/turn-0015/2026-07-03T19-21-14-590Z-file_edit-2743e5fce4.json
 create mode 100644 .omnius/debug-library/runs/1783103891764-v0fo65/events/turn-0016/2026-07-03T18-54-11-144Z-context-ca939e49fb.json
 create mode 100644 .omnius/debug-library/runs/1783103891764-v0fo65/events/turn-0017/2026-07-03T18-55-05-360Z-context-6eec281eab.json
 create mode 100644 .omnius/debug-library/runs/1783103891764-v0fo65/events/turn-0018/2026-07-03T18-55-59-806Z-context-d610c4b2c9.json
 create mode 100644 .omnius/debug-library/runs/1783103891764-v0fo65/events/turn-0019/2026-07-03T19-01-15-196Z-context-8473378a64.json
 create mode 100644 .omnius/debug-library/runs/1783103891764-v0fo65/events/turn-0020/2026-07-03T19-06-20-330Z-context-c1ba523eb4.json
 create mode 100644 .omnius/debug-library/runs/1783103891764-v0fo65/events/turn-0021/2026-07-03T19-10-50-348Z-context-ad7ad04084.json
 create mode 100644 .omnius/debug-library/runs/1783103891764-v0fo65/events/turn-0022/2026-07-03T19-15-40-350Z-context-f64103205f.json
 create mode 100644 .omnius/debug-library/runs/1783103891764-v0fo65/events/turn-0023/2026-07-03T19-20-13-066Z-context-8f453358f6.json
 create mode 100644 .omnius/debug-library/runs/1783103891764-v0fo65/events/turn-0024/2026-07-03T19-21-14-625Z-context-7d615e8b3f.json
 create mode 100644 .omnius/debug-library/runs/1783103891764-v0fo65/events/turn-0024/2026-07-03T19-23-23-851Z-file_edit-10b185af30.json
 create mode 100644 .omnius/debug-library/runs/1783103891764-v0fo65/events/turn-0025/2026-07-03T19-22-21-606Z-context-b26d3f90d8.json
 create mode 100644 .omnius/debug-library/runs/1783103891764-v0fo65/events/turn-0026/2026-07-03T19-23-23-878Z-context-0090c93a85.json
 create mode 100644 .omnius/debug-library/runs/1783103891764-v0fo65/events/turn-0026/2026-07-03T19-25-29-801Z-file_edit-a6809a787b.json
 create mode 100644 .omnius/debug-library/runs/1783103891764-v0fo65/events/turn-0027/2026-07-03T19-24-24-686Z-context-dda519a832.json
 create mode 100644 .omnius/debug-library/runs/1783103891764-v0fo65/events/turn-0028/2026-07-03T19-25-29-830Z-context-748c8e7819.json
 create mode 100644 .omnius/debug-library/runs/1783103891764-v0fo65/events/turn-0028/2026-07-03T19-27-48-562Z-file_edit-2743e5fce4.json
 create mode 100644 .omnius/debug-library/runs/1783103891764-v0fo65/events/turn-0029/2026-07-03T19-26-38-246Z-context-2c08af2a56.json
 create mode 100644 .omnius/debug-library/runs/1783103891764-v0fo65/events/turn-0030/2026-07-03T19-27-48-590Z-context-bcdb0fa15e.json
 create mode 100644 .omnius/debug-library/runs/1783103891764-v0fo65/events/turn-0031/2026-07-03T19-29-00-828Z-context-848a7ff471.json
 create mode 100644 .omnius/debug-library/runs/1783103891764-v0fo65/events/turn-0032/2026-07-03T19-30-17-188Z-context-9e62e745ef.json
 create mode 100644 .omnius/debug-library/runs/1783103891764-v0fo65/events/turn-0033/2026-07-03T19-31-28-674Z-context-4e45580b76.json
 create mode 100644 .omnius/debug-library/runs/1783103891764-v0fo65/events/turn-0034/2026-07-03T19-32-14-874Z-context-1c5c255a0d.json
 create mode 100644 .omnius/debug-library/runs/1783103891764-v0fo65/events/turn-0035/2026-07-03T19-33-00-937Z-context-0a60f68b52.json
 create mode 100644 .omnius/debug-library/runs/1783103891764-v0fo65/events/turn-0036/2026-07-03T19-34-18-642Z-context-3a5c7dfb21.json
 create mode 100644 .omnius/debug-library/runs/1783103891764-v0fo65/events/turn-0036/2026-07-03T19-37-09-288Z-file_patch-dc469039dc.json
 create mode 100644 .omnius/debug-library/runs/1783103891764-v0fo65/events/turn-0037/2026-07-03T19-35-43-252Z-context-0f8764459d.json
 create mode 100644 .omnius/debug-library/runs/1783103891764-v0fo65/events/turn-0038/2026-07-03T19-37-09-317Z-context-4e54c82c92.json
 create mode 100644 .omnius/debug-library/runs/1783103891764-v0fo65/index.json
 create mode 100644 .omnius/debug-library/runs/1783128455765-azotnp/README.md
 create mode 100644 .omnius/debug-library/runs/1783128455765-azotnp/events.jsonl
 create mode 100644 .omnius/debug-library/runs/1783128455765-azotnp/events/turn-0000/2026-07-04T01-27-36-397Z-context-0caf9e6baf.json
 create mode 100644 .omnius/debug-library/runs/1783128455765-azotnp/events/turn-0000/2026-07-04T01-27-56-622Z-context-54cc745cab.json
 create mode 100644 .omnius/debug-library/runs/1783128455765-azotnp/events/turn-0000/2026-07-04T01-28-31-497Z-context-d7d7030613.json
 create mode 100644 .omnius/debug-library/runs/1783128455765-azotnp/events/turn-0000/2026-07-04T01-29-04-684Z-context-2b3bf9de80.json
 create mode 100644 .omnius/debug-library/runs/1783128455765-azotnp/events/turn-0000/2026-07-04T01-29-13-373Z-context-96fe573b78.json
 create mode 100644 .omnius/debug-library/runs/1783128455765-azotnp/events/turn-0000/2026-07-04T01-29-32-097Z-context-9d7a9d86a0.json
 create mode 100644 .omnius/debug-library/runs/1783128455765-azotnp/events/turn-0000/2026-07-04T01-29-34-828Z-context-9ec86f6bd9.json
 create mode 100644 .omnius/debug-library/runs/1783128455765-azotnp/events/turn-0000/2026-07-04T01-31-30-365Z-context-ac4845381a.json
 create mode 100644 .omnius/debug-library/runs/1783128455765-azotnp/events/turn-0000/2026-07-04T01-32-26-192Z-context-7f3c41323e.json
 create mode 100644 .omnius/debug-library/runs/1783128455765-azotnp/events/turn-0000/2026-07-04T01-32-34-932Z-context-12345e6067.json
 create mode 100644 .omnius/debug-library/runs/1783128455765-azotnp/events/turn-0000/2026-07-04T01-33-14-069Z-context-b761d215f2.json
 create mode 100644 .omnius/debug-library/runs/1783128455765-azotnp/events/turn-0000/2026-07-04T01-33-22-764Z-context-f989f49886.json
 create mode 100644 .omnius/debug-library/runs/1783128455765-azotnp/events/turn-0000/2026-07-04T01-33-58-443Z-context-ca6923112e.json
 create mode 100644 .omnius/debug-library/runs/1783128455765-azotnp/events/turn-0000/2026-07-04T01-34-32-536Z-context-91a0589ad4.json
 create mode 100644 .omnius/debug-library/runs/1783128455765-azotnp/events/turn-0000/2026-07-04T01-34-41-243Z-context-c2611e4cd8.json
 create mode 100644 .omnius/debug-library/runs/1783128455765-azotnp/events/turn-0000/2026-07-04T01-35-21-217Z-context-91e9f2006d.json
 create mode 100644 .omnius/debug-library/runs/1783128455765-azotnp/events/turn-0000/2026-07-04T01-36-12-944Z-context-7bfc221a95.json
 create mode 100644 .omnius/debug-library/runs/1783128455765-azotnp/events/turn-0000/2026-07-04T01-36-21-798Z-context-62d966435f.json
 create mode 100644 .omnius/debug-library/runs/1783128455765-azotnp/events/turn-0000/2026-07-04T01-37-00-887Z-context-27de78b4a5.json
 create mode 100644 .omnius/debug-library/runs/1783128455765-azotnp/events/turn-0000/2026-07-04T01-37-09-697Z-context-166a64ac5e.json
 create mode 100644 .omnius/debug-library/runs/1783128455765-azotnp/events/turn-0000/2026-07-04T01-37-51-818Z-context-5a13edbc57.json
 create mode 100644 .omnius/debug-library/runs/1783128455765-azotnp/events/turn-0000/2026-07-04T01-38-00-636Z-context-c68cdc5f7e.json
 create mode 100644 .omnius/debug-library/runs/1783128455765-azotnp/events/turn-0000/2026-07-04T01-38-40-448Z-context-9d562968c0.json
 create mode 100644 .omnius/debug-library/runs/1783128455765-azotnp/events/turn-0000/2026-07-04T01-38-49-278Z-context-4415fe39d8.json
 create mode 100644 .omnius/debug-library/runs/1783128455765-azotnp/events/turn-0000/2026-07-04T01-39-35-049Z-context-ecf71ae545.json
 create mode 100644 .omnius/debug-library/runs/1783128455765-azotnp/events/turn-0000/2026-07-04T01-39-43-927Z-context-75636aedf8.json
 create mode 100644 .omnius/debug-library/runs/1783128455765-azotnp/events/turn-0000/2026-07-04T01-40-25-410Z-context-6b30db600f.json
 create mode 100644 .omnius/debug-library/runs/1783128455765-azotnp/events/turn-0000/2026-07-04T01-41-18-510Z-context-5c12fdf154.json
 create mode 100644 .omnius/debug-library/runs/1783128455765-azotnp/events/turn-0000/2026-07-04T01-41-27-369Z-context-de95325945.json
 create mode 100644 .omnius/debug-library/runs/1783128455765-azotnp/events/turn-0000/2026-07-04T01-42-10-959Z-context-5f783a8333.json
 create mode 100644 .omnius/debug-library/runs/1783128455765-azotnp/events/turn-0000/2026-07-04T01-43-34-821Z-context-ee250fd124.json
 create mode 100644 .omnius/debug-library/runs/1783128455765-azotnp/events/turn-0000/2026-07-04T01-44-21-144Z-context-20758d8d29.json
 create mode 100644 .omnius/debug-library/runs/1783128455765-azotnp/events/turn-0000/2026-07-04T01-44-30-047Z-context-97158f6d39.json
 create mode 100644 .omnius/debug-library/runs/1783128455765-azotnp/events/turn-0000/2026-07-04T01-45-09-904Z-context-00e99c15cb.json
 create mode 100644 .omnius/debug-library/runs/1783128455765-azotnp/events/turn-0000/2026-07-04T01-45-18-801Z-context-7b457b7af7.json
 create mode 100644 .omnius/debug-library/runs/1783128455765-azotnp/events/turn-0000/2026-07-04T01-46-07-865Z-context-691c077203.json
 create mode 100644 .omnius/debug-library/runs/1783128455765-azotnp/events/turn-0000/2026-07-04T01-47-02-958Z-context-0038744f62.json
 create mode 100644 .omnius/debug-library/runs/1783128455765-azotnp/events/turn-0000/2026-07-04T01-48-01-327Z-context-b48130f5a9.json
 create mode 100644 .omnius/debug-library/runs/1783128455765-azotnp/events/turn-0000/2026-07-04T01-48-10-218Z-context-5f9c6e7650.json
 create mode 100644 .omnius/debug-library/runs/1783128455765-azotnp/events/turn-0000/2026-07-04T01-48-52-498Z-context-aa3d167ece.json
 create mode 100644 .omnius/debug-library/runs/1783128455765-azotnp/events/turn-0000/2026-07-04T01-49-01-443Z-context-2746ff85c1.json
 create mode 100644 .omnius/debug-library/runs/1783128455765-azotnp/events/turn-0000/2026-07-04T01-49-51-404Z-context-490c801a92.json
 create mode 100644 .omnius/debug-library/runs/1783128455765-azotnp/events/turn-0000/2026-07-04T01-50-00-344Z-context-a8e4c914cb.json
 create mode 100644 .omnius/debug-library/runs/1783128455765-azotnp/events/turn-0000/2026-07-04T01-50-41-131Z-context-fb2ec6dfad.json
 create mode 100644 .omnius/debug-library/runs/1783128455765-azotnp/events/turn-0000/2026-07-04T01-50-50-070Z-context-c459c41588.json
 create mode 100644 .omnius/debug-library/runs/1783128455765-azotnp/events/turn-0000/2026-07-04T01-51-47-280Z-context-46581b5428.json
 create mode 100644 .omnius/debug-library/runs/1783128455765-azotnp/events/turn-0000/2026-07-04T01-51-56-098Z-context-4fdb9da7d7.json
 create mode 100644 .omnius/debug-library/runs/1783128455765-azotnp/events/turn-0000/2026-07-04T01-52-55-997Z-context-e664c99896.json
 create mode 100644 .omnius/debug-library/runs/1783128455765-azotnp/events/turn-0000/2026-07-04T01-53-04-770Z-context-2470d226ef.json
 create mode 100644 .omnius/debug-library/runs/1783128455765-azotnp/events/turn-0000/2026-07-04T01-53-51-019Z-context-4727c84f87.json
 create mode 100644 .omnius/debug-library/runs/1783128455765-azotnp/events/turn-0000/2026-07-04T01-53-59-951Z-context-e9fdb17eff.json
 create mode 100644 .omnius/debug-library/runs/1783128455765-azotnp/events/turn-0001/2026-07-04T01-27-56-415Z-context-24d7855ca0.json
 create mode 100644 .omnius/debug-library/runs/1783128455765-azotnp/events/turn-0002/2026-07-04T01-29-33-160Z-context-132281db4b.json
 create mode 100644 .omnius/debug-library/runs/1783128455765-azotnp/events/turn-0003/2026-07-04T01-29-58-976Z-context-93092bfe2a.json
 create mode 100644 .omnius/debug-library/runs/1783128455765-azotnp/events/turn-0004/2026-07-04T01-30-19-668Z-context-088a2b724b.json
 create mode 100644 .omnius/debug-library/runs/1783128455765-azotnp/events/turn-0005/2026-07-04T01-30-40-431Z-context-9c1fab3d05.json
 create mode 100644 .omnius/debug-library/runs/1783128455765-azotnp/events/turn-0005/2026-07-04T01-31-30-122Z-file_write-de580db197.json
 create mode 100644 .omnius/debug-library/runs/1783128455765-azotnp/events/turn-0006/2026-07-04T01-31-00-974Z-context-17fef3b866.json
 create mode 100644 .omnius/debug-library/runs/1783128455765-azotnp/events/turn-0007/2026-07-04T01-31-30-143Z-context-15c6618cc1.json
 create mode 100644 .omnius/debug-library/runs/1783128455765-azotnp/events/turn-0007/2026-07-04T01-32-26-044Z-file_write-955e92868b.json
 create mode 100644 .omnius/debug-library/runs/1783128455765-azotnp/events/turn-0008/2026-07-04T01-31-49-084Z-context-a72aafb2ef.json
 create mode 100644 .omnius/debug-library/runs/1783128455765-azotnp/events/turn-0008/2026-07-04T01-33-13-831Z-file_write-547f875166.json
 create mode 100644 .omnius/debug-library/runs/1783128455765-azotnp/events/turn-0009/2026-07-04T01-32-26-061Z-context-d862b876c0.json
 create mode 100644 .omnius/debug-library/runs/1783128455765-azotnp/events/turn-0009/2026-07-04T01-33-58-194Z-file_edit-adcb188a84.json
 create mode 100644 .omnius/debug-library/runs/1783128455765-azotnp/events/turn-0010/2026-07-04T01-33-13-853Z-context-97f1462945.json
 create mode 100644 .omnius/debug-library/runs/1783128455765-azotnp/events/turn-0010/2026-07-04T01-34-32-294Z-file_edit-c83fa04f5d.json
 create mode 100644 .omnius/debug-library/runs/1783128455765-azotnp/events/turn-0011/2026-07-04T01-33-58-218Z-context-a27a9b8d26.json
 create mode 100644 .omnius/debug-library/runs/1783128455765-azotnp/events/turn-0011/2026-07-04T01-35-20-961Z-file_edit-c83fa04f5d.json
 create mode 100644 .omnius/debug-library/runs/1783128455765-azotnp/events/turn-0012/2026-07-04T01-34-32-315Z-context-2664a26591.json
 create mode 100644 .omnius/debug-library/runs/1783128455765-azotnp/events/turn-0012/2026-07-04T01-36-12-702Z-file_write-f2e549c884.json
 create mode 100644 .omnius/debug-library/runs/1783128455765-azotnp/events/turn-0013/2026-07-04T01-35-20-985Z-context-482ce10672.json
 create mode 100644 .omnius/debug-library/runs/1783128455765-azotnp/events/turn-0013/2026-07-04T01-37-00-633Z-file_write-f2e549c884.json
 create mode 100644 .omnius/debug-library/runs/1783128455765-azotnp/events/turn-0014/2026-07-04T01-36-12-725Z-context-724e611de4.json
 create mode 100644 .omnius/debug-library/runs/1783128455765-azotnp/events/turn-0015/2026-07-04T01-37-00-659Z-context-0f90811912.json
 create mode 100644 .omnius/debug-library/runs/1783128455765-azotnp/events/turn-0015/2026-07-04T01-38-40-192Z-file_write-f2e549c884.json
 create mode 100644 .omnius/debug-library/runs/1783128455765-azotnp/events/turn-0016/2026-07-04T01-37-51-604Z-context-58316cb87f.json
 create mode 100644 .omnius/debug-library/runs/1783128455765-azotnp/events/turn-0017/2026-07-04T01-38-40-214Z-context-26a87893b3.json
 create mode 100644 .omnius/debug-library/runs/1783128455765-azotnp/events/turn-0018/2026-07-04T01-39-34-823Z-context-f717e0a1ea.json
 create mode 100644 .omnius/debug-library/runs/1783128455765-azotnp/events/turn-0018/2026-07-04T01-41-18-153Z-file_patch-ba338c568e.json
 create mode 100644 .omnius/debug-library/runs/1783128455765-azotnp/events/turn-0019/2026-07-04T01-40-27-336Z-context-9ba0d4fa71.json
 create mode 100644 .omnius/debug-library/runs/1783128455765-azotnp/events/turn-0020/2026-07-04T01-41-18-215Z-context-04a6ffe310.json
 create mode 100644 .omnius/debug-library/runs/1783128455765-azotnp/events/turn-0020/2026-07-04T01-43-34-646Z-file_write-600a3bc7d5.json
 create mode 100644 .omnius/debug-library/runs/1783128455765-azotnp/events/turn-0021/2026-07-04T01-42-10-722Z-context-2c497baf90.json
 create mode 100644 .omnius/debug-library/runs/1783128455765-azotnp/events/turn-0022/2026-07-04T01-43-34-678Z-context-8aaf9a54f0.json
 create mode 100644 .omnius/debug-library/runs/1783128455765-azotnp/events/turn-0022/2026-07-04T01-45-09-638Z-file_write-77b22f351e.json
 create mode 100644 .omnius/debug-library/runs/1783128455765-azotnp/events/turn-0023/2026-07-04T01-44-20-896Z-context-e561e37908.json
 create mode 100644 .omnius/debug-library/runs/1783128455765-azotnp/events/turn-0023/2026-07-04T01-46-07-406Z-file_write-3089b2f83b.json
 create mode 100644 .omnius/debug-library/runs/1783128455765-azotnp/events/turn-0024/2026-07-04T01-45-09-669Z-context-c83ffd1ecb.json
 create mode 100644 .omnius/debug-library/runs/1783128455765-azotnp/events/turn-0024/2026-07-04T01-47-02-687Z-file_write-1939635830.json
 create mode 100644 .omnius/debug-library/runs/1783128455765-azotnp/events/turn-0025/2026-07-04T01-46-07-473Z-context-6515c8baea.json
 create mode 100644 .omnius/debug-library/runs/1783128455765-azotnp/events/turn-0025/2026-07-04T01-48-01-056Z-file_write-26a2b9c95d.json
 create mode 100644 .omnius/debug-library/runs/1783128455765-azotnp/events/turn-0026/2026-07-04T01-47-02-709Z-context-b034c1edd0.json
 create mode 100644 .omnius/debug-library/runs/1783128455765-azotnp/events/turn-0027/2026-07-04T01-48-01-082Z-context-bef3cd7c98.json
 create mode 100644 .omnius/debug-library/runs/1783128455765-azotnp/events/turn-0027/2026-07-04T01-49-51-262Z-file_write-766308a852.json
 create mode 100644 .omnius/debug-library/runs/1783128455765-azotnp/events/turn-0028/2026-07-04T01-48-51-780Z-context-75b99f85f1.json
 create mode 100644 .omnius/debug-library/runs/1783128455765-azotnp/events/turn-0029/2026-07-04T01-49-51-290Z-context-e472132e09.json
 create mode 100644 .omnius/debug-library/runs/1783128455765-azotnp/events/turn-0029/2026-07-04T01-51-47-139Z-file_write-e24a942fbf.json
 create mode 100644 .omnius/debug-library/runs/1783128455765-azotnp/events/turn-0030/2026-07-04T01-50-40-864Z-context-974fe78a68.json
 create mode 100644 .omnius/debug-library/runs/1783128455765-azotnp/events/turn-0031/2026-07-04T01-51-47-162Z-context-45edf8a2d8.json
 create mode 100644 .omnius/debug-library/runs/1783128455765-azotnp/events/turn-0032/2026-07-04T01-52-55-870Z-context-fac91360c7.json
 create mode 100644 .omnius/debug-library/runs/1783128455765-azotnp/events/turn-0033/2026-07-04T01-53-50-767Z-context-712c4239b0.json
 create mode 100644 .omnius/debug-library/runs/1783128455765-azotnp/events/turn-0034/2026-07-04T01-54-44-942Z-context-5bd6892325.json
 create mode 100644 .omnius/debug-library/runs/1783128455765-azotnp/events/turn-0034/2026-07-04T01-56-21-106Z-file_write-9a00199ec8.json
 create mode 100644 .omnius/debug-library/runs/1783128455765-azotnp/events/turn-0035/2026-07-04T01-55-30-255Z-context-56390ef9da.json
 create mode 100644 .omnius/debug-library/runs/1783128455765-azotnp/events/turn-0035/2026-07-04T01-57-18-769Z-file_write-ad9d246885.json
 create mode 100644 .omnius/debug-library/runs/1783128455765-azotnp/events/turn-0036/2026-07-04T01-56-21-135Z-context-36aa16d344.json
 create mode 100644 .omnius/debug-library/runs/1783128455765-azotnp/events/turn-0037/2026-07-04T01-57-18-797Z-context-38fa8527a7.json
 create mode 100644 .omnius/debug-library/runs/1783128455765-azotnp/events/turn-0038/2026-07-04T01-58-12-592Z-context-7688e60aa9.json
 create mode 100644 .omnius/debug-library/runs/1783128455765-azotnp/events/turn-0039/2026-07-04T01-59-03-067Z-context-6bcb07b399.json
 create mode 100644 .omnius/debug-library/runs/1783128455765-azotnp/events/turn-0040/2026-07-04T01-59-56-172Z-context-616ebb55cb.json
 create mode 100644 .omnius/debug-library/runs/1783128455765-azotnp/index.json
 create mode 100644 .omnius/debug-library/runs/1783130427620-c07cg9/README.md
 create mode 100644 .omnius/debug-library/runs/1783130427620-c07cg9/events.jsonl
 create mode 100644 .omnius/debug-library/runs/1783130427620-c07cg9/events/turn-0000/2026-07-04T02-00-28-364Z-context-5eabd6f960.json
 create mode 100644 .omnius/debug-library/runs/1783130427620-c07cg9/events/turn-0000/2026-07-04T02-01-10-102Z-context-4ed228744e.json
 create mode 100644 .omnius/debug-library/runs/1783130427620-c07cg9/events/turn-0000/2026-07-04T02-01-48-866Z-context-1421b26f3b.json
 create mode 100644 .omnius/debug-library/runs/1783130427620-c07cg9/events/turn-0000/2026-07-04T02-04-38-720Z-context-94ab3248f9.json
 create mode 100644 .omnius/debug-library/runs/1783130427620-c07cg9/events/turn-0000/2026-07-04T02-05-39-531Z-context-69a5a77120.json
 create mode 100644 .omnius/debug-library/runs/1783130427620-c07cg9/events/turn-0000/2026-07-04T02-06-41-848Z-context-2ef3e536cb.json
 create mode 100644 .omnius/debug-library/runs/1783130427620-c07cg9/events/turn-0000/2026-07-04T02-11-18-063Z-context-d1c5d30376.json
 create mode 100644 .omnius/debug-library/runs/1783130427620-c07cg9/events/turn-0000/2026-07-04T02-12-28-982Z-context-6be53d0a5c.json
 create mode 100644 .omnius/debug-library/runs/1783130427620-c07cg9/events/turn-0000/2026-07-04T02-13-34-368Z-context-d7266ea544.json
 create mode 100644 .omnius/debug-library/runs/1783130427620-c07cg9/events/turn-0000/2026-07-04T02-14-36-845Z-context-15de1ade97.json
 create mode 100644 .omnius/debug-library/runs/1783130427620-c07cg9/events/turn-0000/2026-07-04T02-15-36-520Z-context-458e96dc1e.json
 create mode 100644 .omnius/debug-library/runs/1783130427620-c07cg9/events/turn-0000/2026-07-04T02-16-32-113Z-context-39c8c5f213.json
 create mode 100644 .omnius/debug-library/runs/1783130427620-c07cg9/events/turn-0000/2026-07-04T02-17-34-957Z-context-916e5f87b9.json
 create mode 100644 .omnius/debug-library/runs/1783130427620-c07cg9/events/turn-0000/2026-07-04T02-18-34-720Z-context-effcc93701.json
 create mode 100644 .omnius/debug-library/runs/1783130427620-c07cg9/events/turn-0000/2026-07-04T02-19-25-011Z-context-19899b2e75.json
 create mode 100644 .omnius/debug-library/runs/1783130427620-c07cg9/events/turn-0000/2026-07-04T02-20-15-602Z-context-d119929d15.json
 create mode 100644 .omnius/debug-library/runs/1783130427620-c07cg9/events/turn-0000/2026-07-04T02-23-27-332Z-context-a6f0d5f126.json
 create mode 100644 .omnius/debug-library/runs/1783130427620-c07cg9/events/turn-0000/2026-07-04T02-26-03-547Z-context-02643b492f.json
 create mode 100644 .omnius/debug-library/runs/1783130427620-c07cg9/events/turn-0001/2026-07-04T02-01-09-876Z-context-ea825faf8e.json
 create mode 100644 .omnius/debug-library/runs/1783130427620-c07cg9/events/turn-0002/2026-07-04T02-01-52-338Z-context-1747815bf2.json
 create mode 100644 .omnius/debug-library/runs/1783130427620-c07cg9/events/turn-0002/2026-07-04T02-04-38-438Z-file_edit-9619380748.json
 create mode 100644 .omnius/debug-library/runs/1783130427620-c07cg9/events/turn-0003/2026-07-04T02-03-54-677Z-context-f8c6408c40.json
 create mode 100644 .omnius/debug-library/runs/1783130427620-c07cg9/events/turn-0003/2026-07-04T02-05-39-380Z-file_edit-b3a0d1def4.json
 create mode 100644 .omnius/debug-library/runs/1783130427620-c07cg9/events/turn-0004/2026-07-04T02-04-38-476Z-context-623beb50dd.json
 create mode 100644 .omnius/debug-library/runs/1783130427620-c07cg9/events/turn-0005/2026-07-04T02-05-39-404Z-context-a1a53cf5e4.json
 create mode 100644 .omnius/debug-library/runs/1783130427620-c07cg9/events/turn-0005/2026-07-04T02-12-28-709Z-file_patch-9785ea801f.json
 create mode 100644 .omnius/debug-library/runs/1783130427620-c07cg9/events/turn-0006/2026-07-04T02-06-41-506Z-context-aeaed5ecb7.json
 create mode 100644 .omnius/debug-library/runs/1783130427620-c07cg9/events/turn-0007/2026-07-04T02-11-17-841Z-context-f376ee0293.json
 create mode 100644 .omnius/debug-library/runs/1783130427620-c07cg9/events/turn-0007/2026-07-04T02-13-34-048Z-file_edit-420261f522.json
 create mode 100644 .omnius/debug-library/runs/1783130427620-c07cg9/events/turn-0008/2026-07-04T02-12-28-740Z-context-a1a117fda9.json
 create mode 100644 .omnius/debug-library/runs/1783130427620-c07cg9/events/turn-0008/2026-07-04T02-14-36-595Z-file_patch-b3c65fc8ec.json
 create mode 100644 .omnius/debug-library/runs/1783130427620-c07cg9/events/turn-0009/2026-07-04T02-13-34-081Z-context-356e119986.json
 create mode 100644 .omnius/debug-library/runs/1783130427620-c07cg9/events/turn-0009/2026-07-04T02-15-36-277Z-file_read-2f9083ce0f.json
 create mode 100644 .omnius/debug-library/runs/1783130427620-c07cg9/events/turn-0010/2026-07-04T02-14-36-619Z-context-fe2935e7b3.json
 create mode 100644 .omnius/debug-library/runs/1783130427620-c07cg9/events/turn-0010/2026-07-04T02-16-31-896Z-file_edit-420261f522.json
 create mode 100644 .omnius/debug-library/runs/1783130427620-c07cg9/events/turn-0011/2026-07-04T02-15-36-296Z-context-6571a4ee6a.json
 create mode 100644 .omnius/debug-library/runs/1783130427620-c07cg9/events/turn-0011/2026-07-04T02-17-34-672Z-file_read-9aee3a1dd4.json
 create mode 100644 .omnius/debug-library/runs/1783130427620-c07cg9/events/turn-0012/2026-07-04T02-16-31-921Z-context-db304ff1b8.json
 create mode 100644 .omnius/debug-library/runs/1783130427620-c07cg9/events/turn-0012/2026-07-04T02-18-34-397Z-file_read-9aee3a1dd4.json
 create mode 100644 .omnius/debug-library/runs/1783130427620-c07cg9/events/turn-0013/2026-07-04T02-17-34-697Z-context-9a2cb748ac.json
 create mode 100644 .omnius/debug-library/runs/1783130427620-c07cg9/events/turn-0013/2026-07-04T02-19-24-748Z-file_read-9aee3a1dd4.json
 create mode 100644 .omnius/debug-library/runs/1783130427620-c07cg9/events/turn-0014/2026-07-04T02-18-34-441Z-context-2c002aa881.json
 create mode 100644 .omnius/debug-library/runs/1783130427620-c07cg9/events/turn-0014/2026-07-04T02-20-15-332Z-file_read-9aee3a1dd4.json
 create mode 100644 .omnius/debug-library/runs/1783130427620-c07cg9/events/turn-0015/2026-07-04T02-19-24-782Z-context-da7bfd2dd8.json
 create mode 100644 .omnius/debug-library/runs/1783130427620-c07cg9/events/turn-0015/2026-07-04T02-21-09-850Z-file_read-8e1cee85fa.json
 create mode 100644 .omnius/debug-library/runs/1783130427620-c07cg9/events/turn-0016/2026-07-04T02-20-15-357Z-context-91c1bb13d3.json
 create mode 100644 .omnius/debug-library/runs/1783130427620-c07cg9/events/turn-0016/2026-07-04T02-23-27-066Z-file_read-c4028c4224.json
 create mode 100644 .omnius/debug-library/runs/1783130427620-c07cg9/events/turn-0017/2026-07-04T02-21-09-868Z-context-6196f26c8a.json
 create mode 100644 .omnius/debug-library/runs/1783130427620-c07cg9/events/turn-0017/2026-07-04T02-24-18-235Z-file_read-c4028c4224.json
 create mode 100644 .omnius/debug-library/runs/1783130427620-c07cg9/events/turn-0018/2026-07-04T02-23-27-089Z-context-1263102aab.json
 create mode 100644 .omnius/debug-library/runs/1783130427620-c07cg9/events/turn-0018/2026-07-04T02-26-03-300Z-file_read-574ea1c2a8.json
 create mode 100644 .omnius/debug-library/runs/1783130427620-c07cg9/events/turn-0019/2026-07-04T02-24-18-253Z-context-44f9258d3f.json
 create mode 100644 .omnius/debug-library/runs/1783130427620-c07cg9/events/turn-0020/2026-07-04T02-26-03-322Z-context-9e0809adfd.json
 create mode 100644 .omnius/debug-library/runs/1783130427620-c07cg9/events/turn-0020/2026-07-04T02-27-28-089Z-file_read-574ea1c2a8.json
 create mode 100644 .omnius/debug-library/runs/1783130427620-c07cg9/events/turn-0021/2026-07-04T02-26-47-922Z-context-a80490e7db.json
 create mode 100644 .omnius/debug-library/runs/1783130427620-c07cg9/events/turn-0021/2026-07-04T02-28-13-883Z-file_read-574ea1c2a8.json
 create mode 100644 .omnius/debug-library/runs/1783130427620-c07cg9/events/turn-0022/2026-07-04T02-27-28-109Z-context-0208b04dc4.json
 create mode 100644 .omnius/debug-library/runs/1783130427620-c07cg9/events/turn-0022/2026-07-04T02-28-55-168Z-file_read-574ea1c2a8.json
 create mode 100644 .omnius/debug-library/runs/1783130427620-c07cg9/events/turn-0023/2026-07-04T02-28-13-904Z-context-01764bcb40.json
 create mode 100644 .omnius/debug-library/runs/1783130427620-c07cg9/events/turn-0023/2026-07-04T02-29-43-501Z-file_read-c930c30a19.json
 create mode 100644 .omnius/debug-library/runs/1783130427620-c07cg9/events/turn-0024/2026-07-04T02-28-55-192Z-context-cbf5a2bda9.json
 create mode 100644 .omnius/debug-library/runs/1783130427620-c07cg9/events/turn-0024/2026-07-04T02-30-23-449Z-file_read-33df4e52bf.json
 create mode 100644 .omnius/debug-library/runs/1783130427620-c07cg9/events/turn-0025/2026-07-04T02-29-43-519Z-context-70c888da8b.json
 create mode 100644 .omnius/debug-library/runs/1783130427620-c07cg9/events/turn-0025/2026-07-04T02-31-06-375Z-file_read-33df4e52bf.json
 create mode 100644 .omnius/debug-library/runs/1783130427620-c07cg9/events/turn-0026/2026-07-04T02-30-23-467Z-context-5655e21b19.json
 create mode 100644 .omnius/debug-library/runs/1783130427620-c07cg9/events/turn-0026/2026-07-04T02-31-51-851Z-file_read-33df4e52bf.json
 create mode 100644 .omnius/debug-library/runs/1783130427620-c07cg9/events/turn-0027/2026-07-04T02-31-06-394Z-context-80dbb3fe10.json
 create mode 100644 .omnius/debug-library/runs/1783130427620-c07cg9/events/turn-0027/2026-07-04T02-32-42-621Z-file_read-33df4e52bf.json
 create mode 100644 .omnius/debug-library/runs/1783130427620-c07cg9/events/turn-0028/2026-07-04T02-31-51-871Z-context-224e7f8561.json
 create mode 100644 .omnius/debug-library/runs/1783130427620-c07cg9/events/turn-0028/2026-07-04T02-33-29-647Z-file_read-33df4e52bf.json
 create mode 100644 .omnius/debug-library/runs/1783130427620-c07cg9/events/turn-0029/2026-07-04T02-32-42-641Z-context-a0c3d415be.json
 create mode 100644 .omnius/debug-library/runs/1783130427620-c07cg9/events/turn-0029/2026-07-04T02-34-16-998Z-file_read-33df4e52bf.json
 create mode 100644 .omnius/debug-library/runs/1783130427620-c07cg9/events/turn-0030/2026-07-04T02-33-29-671Z-context-a635e62c8a.json
 create mode 100644 .omnius/debug-library/runs/1783130427620-c07cg9/events/turn-0030/2026-07-04T02-35-04-666Z-file_read-33df4e52bf.json
 create mode 100644 .omnius/debug-library/runs/1783130427620-c07cg9/events/turn-0031/2026-07-04T02-34-17-018Z-context-9d1cd354da.json
 create mode 100644 .omnius/debug-library/runs/1783130427620-c07cg9/events/turn-0032/2026-07-04T02-35-04-689Z-context-e288bce95d.json
 create mode 100644 .omnius/debug-library/runs/1783130427620-c07cg9/index.json
 create mode 100644 .omnius/debug-library/runs/1783132565307-m0qc5a/README.md
 create mode 100644 .omnius/debug-library/runs/1783132565307-m0qc5a/events.jsonl
 create mode 100644 .omnius/debug-library/runs/1783132565307-m0qc5a/events/turn-0000/2026-07-04T02-36-08-382Z-context-d4e63cfb7c.json
 create mode 100644 .omnius/debug-library/runs/1783132565307-m0qc5a/events/turn-0000/2026-07-04T02-36-32-884Z-context-3c52bccf36.json
 create mode 100644 .omnius/debug-library/runs/1783132565307-m0qc5a/events/turn-0000/2026-07-04T02-37-10-333Z-context-2d0b9beb4f.json
 create mode 100644 .omnius/debug-library/runs/1783132565307-m0qc5a/events/turn-0000/2026-07-04T02-38-57-343Z-context-b5670147fc.json
 create mode 100644 .omnius/debug-library/runs/1783132565307-m0qc5a/events/turn-0000/2026-07-04T02-39-42-373Z-context-5649071d40.json
 create mode 100644 .omnius/debug-library/runs/1783132565307-m0qc5a/events/turn-0000/2026-07-04T02-43-59-667Z-context-001173b11e.json
 create mode 100644 .omnius/debug-library/runs/1783132565307-m0qc5a/events/turn-0000/2026-07-04T02-44-56-531Z-context-b18e241aa2.json
 create mode 100644 .omnius/debug-library/runs/1783132565307-m0qc5a/events/turn-0000/2026-07-04T02-45-05-341Z-context-1c742da364.json
 create mode 100644 .omnius/debug-library/runs/1783132565307-m0qc5a/events/turn-0000/2026-07-04T02-45-59-213Z-context-e3786ce533.json
 create mode 100644 .omnius/debug-library/runs/1783132565307-m0qc5a/events/turn-0000/2026-07-04T02-47-07-077Z-context-c05896152a.json
 create mode 100644 .omnius/debug-library/runs/1783132565307-m0qc5a/events/turn-0000/2026-07-04T02-48-06-862Z-context-a999c55ce6.json
 create mode 100644 .omnius/debug-library/runs/1783132565307-m0qc5a/events/turn-0000/2026-07-04T02-49-13-119Z-context-0c689ca997.json
 create mode 100644 .omnius/debug-library/runs/1783132565307-m0qc5a/events/turn-0000/2026-07-04T02-50-21-118Z-context-ed20211dd7.json
 create mode 100644 .omnius/debug-library/runs/1783132565307-m0qc5a/events/turn-0000/2026-07-04T02-51-41-688Z-context-54a7d57bf0.json
 create mode 100644 .omnius/debug-library/runs/1783132565307-m0qc5a/events/turn-0000/2026-07-04T02-52-54-464Z-context-769671d093.json
 create mode 100644 .omnius/debug-library/runs/1783132565307-m0qc5a/events/turn-0000/2026-07-04T02-54-22-177Z-context-dbb36fe050.json
 create mode 100644 .omnius/debug-library/runs/1783132565307-m0qc5a/events/turn-0000/2026-07-04T02-55-10-582Z-context-152939d3bb.json
 create mode 100644 .omnius/debug-library/runs/1783132565307-m0qc5a/events/turn-0000/2026-07-04T02-56-30-166Z-context-e7f6617704.json
 create mode 100644 .omnius/debug-library/runs/1783132565307-m0qc5a/events/turn-0000/2026-07-04T02-56-38-978Z-context-262d402af5.json
 create mode 100644 .omnius/debug-library/runs/1783132565307-m0qc5a/events/turn-0000/2026-07-04T02-57-22-455Z-context-27add40227.json
 create mode 100644 .omnius/debug-library/runs/1783132565307-m0qc5a/events/turn-0000/2026-07-04T02-58-42-035Z-context-2541102a9a.json
 create mode 100644 .omnius/debug-library/runs/1783132565307-m0qc5a/events/turn-0000/2026-07-04T03-00-02-255Z-context-942cf24217.json
 create mode 100644 .omnius/debug-library/runs/1783132565307-m0qc5a/events/turn-0000/2026-07-04T03-01-24-666Z-context-1df6f04e98.json
 create mode 100644 .omnius/debug-library/runs/1783132565307-m0qc5a/events/turn-0000/2026-07-04T03-02-58-451Z-context-b1dc4fc3af.json
 create mode 100644 .omnius/debug-library/runs/1783132565307-m0qc5a/events/turn-0000/2026-07-04T03-04-24-578Z-context-224dc23a5d.json
 create mode 100644 .omnius/debug-library/runs/1783132565307-m0qc5a/events/turn-0000/2026-07-04T03-05-56-455Z-context-2974f03c02.json
 create mode 100644 .omnius/debug-library/runs/1783132565307-m0qc5a/events/turn-0000/2026-07-04T03-07-19-598Z-context-717558c42f.json
 create mode 100644 .omnius/debug-library/runs/1783132565307-m0qc5a/events/turn-0000/2026-07-04T03-08-21-187Z-context-474bbae6aa.json
 create mode 100644 .omnius/debug-library/runs/1783132565307-m0qc5a/events/turn-0000/2026-07-04T03-09-35-573Z-context-19c9dc06f9.json
 create mode 100644 .omnius/debug-library/runs/1783132565307-m0qc5a/events/turn-0000/2026-07-04T03-11-05-537Z-context-a068ac58e3.json
 create mode 100644 .omnius/debug-library/runs/1783132565307-m0qc5a/events/turn-0001/2026-07-04T02-36-32-667Z-context-0b13200a86.json
 create mode 100644 .omnius/debug-library/runs/1783132565307-m0qc5a/events/turn-0001/2026-07-04T02-38-57-153Z-file_explore-7317963085.json
 create mode 100644 .omnius/debug-library/runs/1783132565307-m0qc5a/events/turn-0001/2026-07-04T02-38-58-500Z-file_explore-acffc5e600.json
 create mode 100644 .omnius/debug-library/runs/1783132565307-m0qc5a/events/turn-0001/2026-07-04T02-38-58-586Z-file_explore-dbe9c8c7cd.json
 create mode 100644 .omnius/debug-library/runs/1783132565307-m0qc5a/events/turn-0002/2026-07-04T02-38-10-325Z-context-ebfc99ba59.json
 create mode 100644 .omnius/debug-library/runs/1783132565307-m0qc5a/events/turn-0003/2026-07-04T02-38-58-605Z-context-2ed849df8e.json
 create mode 100644 .omnius/debug-library/runs/1783132565307-m0qc5a/events/turn-0004/2026-07-04T02-39-43-941Z-context-4a3cf898df.json
 create mode 100644 .omnius/debug-library/runs/1783132565307-m0qc5a/events/turn-0005/2026-07-04T02-40-30-022Z-context-48438488af.json
 create mode 100644 .omnius/debug-library/runs/1783132565307-m0qc5a/events/turn-0006/2026-07-04T02-41-01-384Z-context-1471ef4079.json
 create mode 100644 .omnius/debug-library/runs/1783132565307-m0qc5a/events/turn-0007/2026-07-04T02-42-02-210Z-context-f36b2df203.json
 create mode 100644 .omnius/debug-library/runs/1783132565307-m0qc5a/events/turn-0007/2026-07-04T02-43-20-279Z-file_read-fdd8f28d97.json
 create mode 100644 .omnius/debug-library/runs/1783132565307-m0qc5a/events/turn-0008/2026-07-04T02-42-56-083Z-context-77470d0bc5.json
 create mode 100644 .omnius/debug-library/runs/1783132565307-m0qc5a/events/turn-0008/2026-07-04T02-43-59-359Z-file_edit-40fae24695.json
 create mode 100644 .omnius/debug-library/runs/1783132565307-m0qc5a/events/turn-0009/2026-07-04T02-43-22-575Z-context-8449a541aa.json
 create mode 100644 .omnius/debug-library/runs/1783132565307-m0qc5a/events/turn-0009/2026-07-04T02-44-56-381Z-file_edit-f8e01534b2.json
 create mode 100644 .omnius/debug-library/runs/1783132565307-m0qc5a/events/turn-0010/2026-07-04T02-43-59-388Z-context-0a6fcc5ec7.json
 create mode 100644 .omnius/debug-library/runs/1783132565307-m0qc5a/events/turn-0011/2026-07-04T02-44-56-410Z-context-f85e01d338.json
 create mode 100644 .omnius/debug-library/runs/1783132565307-m0qc5a/events/turn-0011/2026-07-04T02-45-58-979Z-file_edit-b703a53541.json
 create mode 100644 .omnius/debug-library/runs/1783132565307-m0qc5a/events/turn-0012/2026-07-04T02-45-32-861Z-context-92f82ca7ae.json
 create mode 100644 .omnius/debug-library/runs/1783132565307-m0qc5a/events/turn-0012/2026-07-04T02-47-06-934Z-file_edit-033bc68b11.json
 create mode 100644 .omnius/debug-library/runs/1783132565307-m0qc5a/events/turn-0013/2026-07-04T02-45-59-002Z-context-ed90e53ac9.json
 create mode 100644 .omnius/debug-library/runs/1783132565307-m0qc5a/events/turn-0014/2026-07-04T02-47-06-996Z-context-d3c53d9b69.json
 create mode 100644 .omnius/debug-library/runs/1783132565307-m0qc5a/events/turn-0014/2026-07-04T02-49-12-865Z-file_edit-0000e4c755.json
 create mode 100644 .omnius/debug-library/runs/1783132565307-m0qc5a/events/turn-0015/2026-07-04T02-48-06-630Z-context-287d954290.json
 create mode 100644 .omnius/debug-library/runs/1783132565307-m0qc5a/events/turn-0015/2026-07-04T02-50-20-872Z-file_edit-0000e4c755.json
 create mode 100644 .omnius/debug-library/runs/1783132565307-m0qc5a/events/turn-0016/2026-07-04T02-49-12-892Z-context-90babba102.json
 create mode 100644 .omnius/debug-library/runs/1783132565307-m0qc5a/events/turn-0017/2026-07-04T02-50-20-894Z-context-21602f078d.json
 create mode 100644 .omnius/debug-library/runs/1783132565307-m0qc5a/events/turn-0017/2026-07-04T02-52-54-205Z-file_patch-d3d9a92a41.json
 create mode 100644 .omnius/debug-library/runs/1783132565307-m0qc5a/events/turn-0018/2026-07-04T02-51-41-453Z-context-92a9b8cd74.json
 create mode 100644 .omnius/debug-library/runs/1783132565307-m0qc5a/events/turn-0018/2026-07-04T02-54-22-025Z-file_edit-9161361ced.json
 create mode 100644 .omnius/debug-library/runs/1783132565307-m0qc5a/events/turn-0019/2026-07-04T02-52-54-227Z-context-24664efc62.json
 create mode 100644 .omnius/debug-library/runs/1783132565307-m0qc5a/events/turn-0020/2026-07-04T02-54-22-050Z-context-8df2d4e72b.json
 create mode 100644 .omnius/debug-library/runs/1783132565307-m0qc5a/events/turn-0020/2026-07-04T02-56-30-017Z-file_edit-033bc68b11.json
 create mode 100644 .omnius/debug-library/runs/1783132565307-m0qc5a/events/turn-0021/2026-07-04T02-55-10-351Z-context-cd6ae49c20.json
 create mode 100644 .omnius/debug-library/runs/1783132565307-m0qc5a/events/turn-0022/2026-07-04T02-56-30-040Z-context-c88534f538.json
 create mode 100644 .omnius/debug-library/runs/1783132565307-m0qc5a/events/turn-0022/2026-07-04T02-58-41-817Z-file_edit-9119412fff.json
 create mode 100644 .omnius/debug-library/runs/1783132565307-m0qc5a/events/turn-0023/2026-07-04T02-57-22-223Z-context-25f10fd7f0.json
 create mode 100644 .omnius/debug-library/runs/1783132565307-m0qc5a/events/turn-0023/2026-07-04T03-00-02-111Z-file_edit-9119412fff.json
 create mode 100644 .omnius/debug-library/runs/1783132565307-m0qc5a/events/turn-0024/2026-07-04T02-58-41-850Z-context-31af03ce3b.json
 create mode 100644 .omnius/debug-library/runs/1783132565307-m0qc5a/events/turn-0024/2026-07-04T03-01-24-520Z-file_edit-a82ed8ab9f.json
 create mode 100644 .omnius/debug-library/runs/1783132565307-m0qc5a/events/turn-0025/2026-07-04T03-00-02-133Z-context-b7dd294a98.json
 create mode 100644 .omnius/debug-library/runs/1783132565307-m0qc5a/events/turn-0025/2026-07-04T03-02-58-191Z-file_patch-7c14c56967.json
 create mode 100644 .omnius/debug-library/runs/1783132565307-m0qc5a/events/turn-0026/2026-07-04T03-01-24-551Z-context-b9482f4f8a.json
 create mode 100644 .omnius/debug-library/runs/1783132565307-m0qc5a/events/turn-0026/2026-07-04T03-04-24-315Z-file_patch-5eb60b331d.json
 create mode 100644 .omnius/debug-library/runs/1783132565307-m0qc5a/events/turn-0027/2026-07-04T03-02-58-216Z-context-baa16d859f.json
 create mode 100644 .omnius/debug-library/runs/1783132565307-m0qc5a/events/turn-0027/2026-07-04T03-05-56-196Z-file_write-394134e0d6.json
 create mode 100644 .omnius/debug-library/runs/1783132565307-m0qc5a/events/turn-0028/2026-07-04T03-04-24-344Z-context-23daf66cfe.json
 create mode 100644 .omnius/debug-library/runs/1783132565307-m0qc5a/events/turn-0029/2026-07-04T03-05-56-221Z-context-6bcac74837.json
 create mode 100644 .omnius/debug-library/runs/1783132565307-m0qc5a/events/turn-0029/2026-07-04T03-08-21-045Z-file_edit-a82ed8ab9f.json
 create mode 100644 .omnius/debug-library/runs/1783132565307-m0qc5a/events/turn-0030/2026-07-04T03-07-19-469Z-context-8e9fa38b07.json
 create mode 100644 .omnius/debug-library/runs/1783132565307-m0qc5a/events/turn-0030/2026-07-04T03-09-35-287Z-file_read-f7de305f5d.json
 create mode 100644 .omnius/debug-library/runs/1783132565307-m0qc5a/events/turn-0031/2026-07-04T03-08-21-070Z-context-ed00b2a71b.json
 create mode 100644 .omnius/debug-library/runs/1783132565307-m0qc5a/events/turn-0031/2026-07-04T03-11-05-345Z-file_edit-a82ed8ab9f.json
 create mode 100644 .omnius/debug-library/runs/1783132565307-m0qc5a/events/turn-0032/2026-07-04T03-09-35-324Z-context-c65598d33c.json
 create mode 100644 .omnius/debug-library/runs/1783132565307-m0qc5a/events/turn-0033/2026-07-04T03-11-05-380Z-context-02aefc9fc4.json
 create mode 100644 .omnius/debug-library/runs/1783132565307-m0qc5a/index.json
 create mode 100644 .omnius/debug-library/runs/1783134746466-mbosnh/README.md
 create mode 100644 .omnius/debug-library/runs/1783134746466-mbosnh/events.jsonl
 create mode 100644 .omnius/debug-library/runs/1783134746466-mbosnh/events/turn-0000/2026-07-04T03-12-27-236Z-context-d4bccaeaba.json
 create mode 100644 .omnius/debug-library/runs/1783134746466-mbosnh/events/turn-0000/2026-07-04T03-12-54-528Z-todo_write-022f6ab7f9.json
 create mode 100644 .omnius/debug-library/runs/1783134746466-mbosnh/events/turn-0000/2026-07-04T03-12-54-761Z-context-e386822f60.json
 create mode 100644 .omnius/debug-library/runs/1783134746466-mbosnh/events/turn-0000/2026-07-04T03-13-36-304Z-context-012107296c.json
 create mode 100644 .omnius/debug-library/runs/1783134746466-mbosnh/events/turn-0000/2026-07-04T03-14-16-652Z-context-ba5ebd2198.json
 create mode 100644 .omnius/debug-library/runs/1783134746466-mbosnh/events/turn-0000/2026-07-04T03-15-12-878Z-context-63f7fa6951.json
 create mode 100644 .omnius/debug-library/runs/1783134746466-mbosnh/events/turn-0000/2026-07-04T03-15-53-818Z-context-eab77205cf.json
 create mode 100644 .omnius/debug-library/runs/1783134746466-mbosnh/events/turn-0000/2026-07-04T03-16-52-874Z-context-8af04240c2.json
 create mode 100644 .omnius/debug-library/runs/1783134746466-mbosnh/events/turn-0000/2026-07-04T03-18-06-850Z-context-49d702a8e5.json
 create mode 100644 .omnius/debug-library/runs/1783134746466-mbosnh/events/turn-0000/2026-07-04T03-18-57-651Z-context-557601f420.json
 create mode 100644 .omnius/debug-library/runs/1783134746466-mbosnh/events/turn-0000/2026-07-04T03-19-46-429Z-context-8675da48d0.json
 create mode 100644 .omnius/debug-library/runs/1783134746466-mbosnh/events/turn-0000/2026-07-04T03-20-40-782Z-context-6b3c806afb.json
 create mode 100644 .omnius/debug-library/runs/1783134746466-mbosnh/events/turn-0000/2026-07-04T03-21-49-745Z-context-5fc39ee67e.json
 create mode 100644 .omnius/debug-library/runs/1783134746466-mbosnh/events/turn-0000/2026-07-04T03-22-44-148Z-context-d62a859a48.json
 create mode 100644 .omnius/debug-library/runs/1783134746466-mbosnh/events/turn-0000/2026-07-04T03-23-36-651Z-context-9941b31695.json
 create mode 100644 .omnius/debug-library/runs/1783134746466-mbosnh/events/turn-0000/2026-07-04T03-24-33-573Z-context-b7c624e5eb.json
 create mode 100644 .omnius/debug-library/runs/1783134746466-mbosnh/events/turn-0000/2026-07-04T03-25-32-293Z-context-f4737fa315.json
 create mode 100644 .omnius/debug-library/runs/1783134746466-mbosnh/events/turn-0000/2026-07-04T03-26-38-863Z-context-7780d8321b.json
 create mode 100644 .omnius/debug-library/runs/1783134746466-mbosnh/events/turn-0000/2026-07-04T03-27-56-652Z-context-8ca82e71b7.json
 create mode 100644 .omnius/debug-library/runs/1783134746466-mbosnh/events/turn-0000/2026-07-04T03-29-01-418Z-context-5b5898819a.json
 create mode 100644 .omnius/debug-library/runs/1783134746466-mbosnh/events/turn-0000/2026-07-04T03-30-03-448Z-context-80b39af36e.json
 create mode 100644 .omnius/debug-library/runs/1783134746466-mbosnh/events/turn-0000/2026-07-04T03-31-12-239Z-context-d0b611a011.json
 create mode 100644 .omnius/debug-library/runs/1783134746466-mbosnh/events/turn-0000/2026-07-04T03-32-32-146Z-context-48553e1ddf.json
 create mode 100644 .omnius/debug-library/runs/1783134746466-mbosnh/events/turn-0000/2026-07-04T03-33-42-708Z-context-6b10af1d7d.json
 create mode 100644 .omnius/debug-library/runs/1783134746466-mbosnh/events/turn-0000/2026-07-04T03-38-38-021Z-context-f471741821.json
 create mode 100644 .omnius/debug-library/runs/1783134746466-mbosnh/events/turn-0000/2026-07-04T03-40-00-045Z-context-d75cc19cb9.json
 create mode 100644 .omnius/debug-library/runs/1783134746466-mbosnh/events/turn-0000/2026-07-04T03-40-28-777Z-context-3cfc5c67fd.json
 create mode 100644 .omnius/debug-library/runs/1783134746466-mbosnh/events/turn-0000/2026-07-04T03-41-07-893Z-context-5b61cdb107.json
 create mode 100644 .omnius/debug-library/runs/1783134746466-mbosnh/events/turn-0000/2026-07-04T03-41-41-874Z-context-5145837e3b.json
 create mode 100644 .omnius/debug-library/runs/1783134746466-mbosnh/events/turn-0000/2026-07-04T03-42-25-206Z-context-49c005008b.json
 create mode 100644 .omnius/debug-library/runs/1783134746466-mbosnh/events/turn-0000/2026-07-04T03-42-55-649Z-context-142be9b675.json
 create mode 100644 .omnius/debug-library/runs/1783134746466-mbosnh/events/turn-0000/2026-07-04T03-43-36-472Z-context-8bed282037.json
 create mode 100644 .omnius/debug-library/runs/1783134746466-mbosnh/events/turn-0000/2026-07-04T03-44-25-621Z-context-60f002eb49.json
 create mode 100644 .omnius/debug-library/runs/1783134746466-mbosnh/events/turn-0000/2026-07-04T03-45-08-627Z-context-b097823a61.json
 create mode 100644 .omnius/debug-library/runs/1783134746466-mbosnh/events/turn-0000/2026-07-04T03-45-51-164Z-context-e260f4752f.json
 create mode 100644 .omnius/debug-library/runs/1783134746466-mbosnh/events/turn-0000/2026-07-04T03-46-32-527Z-context-ec3f8aae0b.json
 create mode 100644 .omnius/debug-library/runs/1783134746466-mbosnh/events/turn-0000/2026-07-04T03-49-33-537Z-context-1dbc6e489a.json
 create mode 100644 .omnius/debug-library/runs/1783134746466-mbosnh/events/turn-0000/2026-07-04T03-50-15-193Z-context-8a332863a5.json
 create mode 100644 .omnius/debug-library/runs/1783134746466-mbosnh/events/turn-0001/2026-07-04T03-12-54-547Z-context-aeef5f62d5.json
 create mode 100644 .omnius/debug-library/runs/1783134746466-mbosnh/events/turn-0002/2026-07-04T03-13-36-060Z-context-c02d459165.json
 create mode 100644 .omnius/debug-library/runs/1783134746466-mbosnh/events/turn-0002/2026-07-04T03-15-12-695Z-file_read-cc466b771d.json
 create mode 100644 .omnius/debug-library/runs/1783134746466-mbosnh/events/turn-0002/2026-07-04T03-15-13-136Z-file_read-bbcbf017f9.json
 create mode 100644 .omnius/debug-library/runs/1783134746466-mbosnh/events/turn-0002/2026-07-04T03-15-13-237Z-file_read-7336caff32.json
 create mode 100644 .omnius/debug-library/runs/1783134746466-mbosnh/events/turn-0003/2026-07-04T03-14-18-206Z-context-eeb8da2417.json
 create mode 100644 .omnius/debug-library/runs/1783134746466-mbosnh/events/turn-0003/2026-07-04T03-15-53-643Z-file_read-cc466b771d.json
 create mode 100644 .omnius/debug-library/runs/1783134746466-mbosnh/events/turn-0003/2026-07-04T03-15-54-090Z-file_read-bbcbf017f9.json
 create mode 100644 .omnius/debug-library/runs/1783134746466-mbosnh/events/turn-0003/2026-07-04T03-15-54-184Z-file_read-7336caff32.json
 create mode 100644 .omnius/debug-library/runs/1783134746466-mbosnh/events/turn-0004/2026-07-04T03-15-13-255Z-context-afbe5bb7da.json
 create mode 100644 .omnius/debug-library/runs/1783134746466-mbosnh/events/turn-0004/2026-07-04T03-16-52-589Z-file_read-cc466b771d.json
 create mode 100644 .omnius/debug-library/runs/1783134746466-mbosnh/events/turn-0005/2026-07-04T03-15-54-203Z-context-d65889ff23.json
 create mode 100644 .omnius/debug-library/runs/1783134746466-mbosnh/events/turn-0005/2026-07-04T03-18-06-593Z-shell-62cfe77719.json
 create mode 100644 .omnius/debug-library/runs/1783134746466-mbosnh/events/turn-0006/2026-07-04T03-16-52-620Z-context-ebf684979f.json
 create mode 100644 .omnius/debug-library/runs/1783134746466-mbosnh/events/turn-0006/2026-07-04T03-18-57-383Z-shell-62cfe77719.json
 create mode 100644 .omnius/debug-library/runs/1783134746466-mbosnh/events/turn-0007/2026-07-04T03-18-06-615Z-context-6101c804dc.json
 create mode 100644 .omnius/debug-library/runs/1783134746466-mbosnh/events/turn-0007/2026-07-04T03-19-46-178Z-shell-f3f340e9b1.json
 create mode 100644 .omnius/debug-library/runs/1783134746466-mbosnh/events/turn-0008/2026-07-04T03-18-57-408Z-context-46d7ebbc9e.json
 create mode 100644 .omnius/debug-library/runs/1783134746466-mbosnh/events/turn-0008/2026-07-04T03-20-40-338Z-shell-1ed1896858.json
 create mode 100644 .omnius/debug-library/runs/1783134746466-mbosnh/events/turn-0008/2026-07-04T03-20-40-510Z-shell-8f40a29ea4.json
 create mode 100644 .omnius/debug-library/runs/1783134746466-mbosnh/events/turn-0009/2026-07-04T03-19-46-201Z-context-ce3343d0b4.json
 create mode 100644 .omnius/debug-library/runs/1783134746466-mbosnh/events/turn-0009/2026-07-04T03-21-49-413Z-shell-73415aeba7.json
 create mode 100644 .omnius/debug-library/runs/1783134746466-mbosnh/events/turn-0010/2026-07-04T03-20-40-531Z-context-965d9a01fa.json
 create mode 100644 .omnius/debug-library/runs/1783134746466-mbosnh/events/turn-0010/2026-07-04T03-22-43-897Z-shell-7adae1c059.json
 create mode 100644 .omnius/debug-library/runs/1783134746466-mbosnh/events/turn-0011/2026-07-04T03-21-49-436Z-context-cef2d0cebe.json
 create mode 100644 .omnius/debug-library/runs/1783134746466-mbosnh/events/turn-0011/2026-07-04T03-23-36-372Z-shell-9837167188.json
 create mode 100644 .omnius/debug-library/runs/1783134746466-mbosnh/events/turn-0012/2026-07-04T03-22-43-920Z-context-24525623f6.json
 create mode 100644 .omnius/debug-library/runs/1783134746466-mbosnh/events/turn-0012/2026-07-04T03-24-33-304Z-shell-17f1b37b39.json
 create mode 100644 .omnius/debug-library/runs/1783134746466-mbosnh/events/turn-0013/2026-07-04T03-23-36-394Z-context-0586da9f0a.json
 create mode 100644 .omnius/debug-library/runs/1783134746466-mbosnh/events/turn-0013/2026-07-04T03-25-32-025Z-shell-9837167188.json
 create mode 100644 .omnius/debug-library/runs/1783134746466-mbosnh/events/turn-0014/2026-07-04T03-24-33-324Z-context-b0d816106a.json
 create mode 100644 .omnius/debug-library/runs/1783134746466-mbosnh/events/turn-0014/2026-07-04T03-26-38-587Z-shell-3a5c344794.json
 create mode 100644 .omnius/debug-library/runs/1783134746466-mbosnh/events/turn-0015/2026-07-04T03-25-32-047Z-context-af159c1048.json
 create mode 100644 .omnius/debug-library/runs/1783134746466-mbosnh/events/turn-0015/2026-07-04T03-27-56-382Z-file_edit-f48eed2f4b.json
 create mode 100644 .omnius/debug-library/runs/1783134746466-mbosnh/events/turn-0016/2026-07-04T03-26-38-621Z-context-a0ecee4880.json
 create mode 100644 .omnius/debug-library/runs/1783134746466-mbosnh/events/turn-0016/2026-07-04T03-29-01-111Z-shell-9837167188.json
 create mode 100644 .omnius/debug-library/runs/1783134746466-mbosnh/events/turn-0017/2026-07-04T03-27-56-407Z-context-d0e5acf72d.json
 create mode 100644 .omnius/debug-library/runs/1783134746466-mbosnh/events/turn-0017/2026-07-04T03-30-03-130Z-shell-9837167188.json
 create mode 100644 .omnius/debug-library/runs/1783134746466-mbosnh/events/turn-0018/2026-07-04T03-29-01-138Z-context-3c23b75783.json
 create mode 100644 .omnius/debug-library/runs/1783134746466-mbosnh/events/turn-0018/2026-07-04T03-31-11-854Z-file_edit-f48eed2f4b.json
 create mode 100644 .omnius/debug-library/runs/1783134746466-mbosnh/events/turn-0019/2026-07-04T03-30-03-203Z-context-a28819d849.json
 create mode 100644 .omnius/debug-library/runs/1783134746466-mbosnh/events/turn-0019/2026-07-04T03-32-31-790Z-shell-9837167188.json
 create mode 100644 .omnius/debug-library/runs/1783134746466-mbosnh/events/turn-0020/2026-07-04T03-31-11-880Z-context-fac2dc3301.json
 create mode 100644 .omnius/debug-library/runs/1783134746466-mbosnh/events/turn-0020/2026-07-04T03-33-42-444Z-shell-c021e55b0c.json
 create mode 100644 .omnius/debug-library/runs/1783134746466-mbosnh/events/turn-0021/2026-07-04T03-32-31-815Z-context-2f91b9bd29.json
 create mode 100644 .omnius/debug-library/runs/1783134746466-mbosnh/events/turn-0021/2026-07-04T03-38-37-741Z-file_patch-0d164b650b.json
 create mode 100644 .omnius/debug-library/runs/1783134746466-mbosnh/events/turn-0022/2026-07-04T03-33-42-463Z-context-afd6941c41.json
 create mode 100644 .omnius/debug-library/runs/1783134746466-mbosnh/events/turn-0022/2026-07-04T03-39-59-263Z-file_write-ef33f88117.json
 create mode 100644 .omnius/debug-library/runs/1783134746466-mbosnh/events/turn-0023/2026-07-04T03-38-37-774Z-context-548f7f00ff.json
 create mode 100644 .omnius/debug-library/runs/1783134746466-mbosnh/events/turn-0023/2026-07-04T03-40-27-790Z-shell-bd2b948f78.json
 create mode 100644 .omnius/debug-library/runs/1783134746466-mbosnh/events/turn-0024/2026-07-04T03-39-59-295Z-context-e370496a83.json
 create mode 100644 .omnius/debug-library/runs/1783134746466-mbosnh/events/turn-0024/2026-07-04T03-41-07-104Z-file_write-0df98fa66c.json
 create mode 100644 .omnius/debug-library/runs/1783134746466-mbosnh/events/turn-0025/2026-07-04T03-40-27-817Z-context-9ff80e4ea0.json
 create mode 100644 .omnius/debug-library/runs/1783134746466-mbosnh/events/turn-0025/2026-07-04T03-41-41-055Z-shell-e953bef1b0.json
 create mode 100644 .omnius/debug-library/runs/1783134746466-mbosnh/events/turn-0026/2026-07-04T03-41-07-133Z-context-fc5e982f2e.json
 create mode 100644 .omnius/debug-library/runs/1783134746466-mbosnh/events/turn-0026/2026-07-04T03-42-24-431Z-file_write-0df98fa66c.json
 create mode 100644 .omnius/debug-library/runs/1783134746466-mbosnh/events/turn-0027/2026-07-04T03-41-41-083Z-context-3443392780.json
 create mode 100644 .omnius/debug-library/runs/1783134746466-mbosnh/events/turn-0028/2026-07-04T03-42-24-453Z-context-e1fbba3dac.json
 create mode 100644 .omnius/debug-library/runs/1783134746466-mbosnh/events/turn-0028/2026-07-04T03-43-35-626Z-shell-bf6782f630.json
 create mode 100644 .omnius/debug-library/runs/1783134746466-mbosnh/events/turn-0029/2026-07-04T03-42-54-906Z-context-f9cc8eefa9.json
 create mode 100644 .omnius/debug-library/runs/1783134746466-mbosnh/events/turn-0029/2026-07-04T03-44-24-737Z-shell-19b8e0d255.json
 create mode 100644 .omnius/debug-library/runs/1783134746466-mbosnh/events/turn-0030/2026-07-04T03-43-35-655Z-context-22037a46d3.json
 create mode 100644 .omnius/debug-library/runs/1783134746466-mbosnh/events/turn-0030/2026-07-04T03-45-07-932Z-file_edit-4cadc9bb8b.json
 create mode 100644 .omnius/debug-library/runs/1783134746466-mbosnh/events/turn-0031/2026-07-04T03-44-24-765Z-context-dd4b1c5547.json
 create mode 100644 .omnius/debug-library/runs/1783134746466-mbosnh/events/turn-0031/2026-07-04T03-45-50-294Z-shell-49d9d3e481.json
 create mode 100644 .omnius/debug-library/runs/1783134746466-mbosnh/events/turn-0032/2026-07-04T03-45-07-966Z-context-b500bb3a5c.json
 create mode 100644 .omnius/debug-library/runs/1783134746466-mbosnh/events/turn-0032/2026-07-04T03-46-31-677Z-shell-45fac396be.json
 create mode 100644 .omnius/debug-library/runs/1783134746466-mbosnh/events/turn-0033/2026-07-04T03-45-50-320Z-context-bc6ce96cd0.json
 create mode 100644 .omnius/debug-library/runs/1783134746466-mbosnh/events/turn-0034/2026-07-04T03-46-31-704Z-context-7bb58c3c47.json
 create mode 100644 .omnius/debug-library/runs/1783134746466-mbosnh/events/turn-0035/2026-07-04T03-47-13-127Z-context-19ff2e84cc.json
 create mode 100644 .omnius/debug-library/runs/1783134746466-mbosnh/events/turn-0035/2026-07-04T03-48-37-028Z-shell-c21fd1f26e.json
 create mode 100644 .omnius/debug-library/runs/1783134746466-mbosnh/events/turn-0036/2026-07-04T03-47-55-173Z-context-b0c5c0fb92.json
 create mode 100644 .omnius/debug-library/runs/1783134746466-mbosnh/events/turn-0036/2026-07-04T03-49-32-659Z-file_write-db67ce847c.json
 create mode 100644 .omnius/debug-library/runs/1783134746466-mbosnh/events/turn-0037/2026-07-04T03-48-37-051Z-context-57af268e2a.json
 create mode 100644 .omnius/debug-library/runs/1783134746466-mbosnh/events/turn-0038/2026-07-04T03-49-32-698Z-context-6931603f3c.json
 create mode 100644 .omnius/debug-library/runs/1783134746466-mbosnh/events/turn-0039/2026-07-04T03-50-14-400Z-context-73520bf44b.json
 create mode 100644 .omnius/debug-library/runs/1783134746466-mbosnh/index.json
 create mode 100644 .omnius/debug-library/runs/1783235936402-neqrnd/README.md
 create mode 100644 .omnius/debug-library/runs/1783235936402-neqrnd/events.jsonl
 create mode 100644 .omnius/debug-library/runs/1783235936402-neqrnd/events/turn-0000/2026-07-05T07-18-59-440Z-context-61e8088e89.json
 create mode 100644 .omnius/debug-library/runs/1783235936402-neqrnd/events/turn-0000/2026-07-05T07-20-09-689Z-shell-e0d3e39176.json
 create mode 100644 .omnius/debug-library/runs/1783235936402-neqrnd/events/turn-0000/2026-07-05T07-20-09-875Z-shell-366c2be22b.json
 create mode 100644 .omnius/debug-library/runs/1783235936402-neqrnd/events/turn-0000/2026-07-05T07-21-30-025Z-file_read-abe17a11b5.json
 create mode 100644 .omnius/debug-library/runs/1783235936402-neqrnd/events/turn-0000/2026-07-05T07-21-30-145Z-memory_search-e6fed89469.json
 create mode 100644 .omnius/debug-library/runs/1783235936402-neqrnd/events/turn-0001/2026-07-05T07-20-09-883Z-context-14dcc6fc98.json
 create mode 100644 .omnius/debug-library/runs/1783235936402-neqrnd/events/turn-0001/2026-07-05T07-22-52-421Z-file_read-cc466b771d.json
 create mode 100644 .omnius/debug-library/runs/1783235936402-neqrnd/events/turn-0001/2026-07-05T07-23-52-060Z-file_read-0aa95e2096.json
 create mode 100644 .omnius/debug-library/runs/1783235936402-neqrnd/events/turn-0001/2026-07-05T07-23-52-424Z-file_read-3cc344fefe.json
 create mode 100644 .omnius/debug-library/runs/1783235936402-neqrnd/events/turn-0002/2026-07-05T07-21-30-156Z-context-3b3151cec3.json
 create mode 100644 .omnius/debug-library/runs/1783235936402-neqrnd/events/turn-0003/2026-07-05T07-23-52-435Z-context-be848aa538.json
 create mode 100644 .omnius/debug-library/runs/1783235936402-neqrnd/index.json
 create mode 100644 .omnius/episodes.db
 create mode 100644 .omnius/error-patterns.json
 create mode 100644 .omnius/handoffs/latest.json
 create mode 100644 .omnius/history/1783048896353-3kt1zu.json
 create mode 100644 .omnius/history/1783054636540-g0c2vs.json
 create mode 100644 .omnius/history/1783056506452-5ra6kv.json
 create mode 100644 .omnius/history/1783061014702-rgaw36.json
 create mode 100644 .omnius/history/1783065197489-zzttvn.json
 create mode 100644 .omnius/history/1783066818924-tz2rco.json
 create mode 100644 .omnius/history/1783067649743-p1k5kq.json
 create mode 100644 .omnius/history/1783103891764-v0fo65.json
 create mode 100644 .omnius/history/edits.jsonl
 create mode 100644 .omnius/history/pending-task.json
 create mode 100644 .omnius/index/change-log.json
 create mode 100644 .omnius/index/semantic-map.json
 create mode 100644 .omnius/internal-decisions/events.jsonl
 create mode 100644 .omnius/internal-decisions/latest.json
 create mode 100644 .omnius/knowledge.db
 create mode 100644 .omnius/lessons/lessons.jsonl
 create mode 100644 .omnius/logs/00af8c521116.log
 create mode 100644 .omnius/logs/02ec3c603503.log
 create mode 100644 .omnius/logs/056f8b33c9e9.log
 create mode 100644 .omnius/logs/0742f05b5013.log
 create mode 100644 .omnius/logs/09346a10c7e1.log
 create mode 100644 .omnius/logs/09964def84c9.log
 create mode 100644 .omnius/logs/175c334ef258.log
 create mode 100644 .omnius/logs/19018342976e.log
 create mode 100644 .omnius/logs/1a5b0edcba7f.log
 create mode 100644 .omnius/logs/1b3c949d5d04.log
 create mode 100644 .omnius/logs/274870666a19.log
 create mode 100644 .omnius/logs/3118671a21ee.log
 create mode 100644 .omnius/logs/39db86d6ea8a.log
 create mode 100644 .omnius/logs/4c2e4da4b8d1.log
 create mode 100644 .omnius/logs/5bbec53c6d18.log
 create mode 100644 .omnius/logs/642e834f41cc.log
 create mode 100644 .omnius/logs/67ed655023ac.log
 create mode 100644 .omnius/logs/6a31b4484346.log
 create mode 100644 .omnius/logs/7090a78788d4.log
 create mode 100644 .omnius/logs/70ed70ac83e6.log
 create mode 100644 .omnius/logs/7414506c6852.log
 create mode 100644 .omnius/logs/7903b02c296a.log
 create mode 100644 .omnius/logs/7aa04c7f45e2.log
 create mode 100644 .omnius/logs/8364dd66bc8a.log
 create mode 100644 .omnius/logs/857989dc3ffa.log
 create mode 100644 .omnius/logs/867f2cc26b86.log
 create mode 100644 .omnius/logs/9050399469c6.log
 create mode 100644 .omnius/logs/9f20955fbbba.log
 create mode 100644 .omnius/logs/a7ca61169135.log
 create mode 100644 .omnius/logs/aeb5707c91bf.log
 create mode 100644 .omnius/logs/b590a4eccc19.log
 create mode 100644 .omnius/logs/c32e65611d55.log
 create mode 100644 .omnius/logs/c8c1918a33f1.log
 create mode 100644 .omnius/logs/dae8497dfa43.log
 create mode 100644 .omnius/logs/dfbf5b3b5b08.log
 create mode 100644 .omnius/logs/e5166f590d55.log
 create mode 100644 .omnius/logs/f6c716eff21f.log
 create mode 100644 .omnius/memory-deferred/episodes.jsonl
 create mode 100644 .omnius/memory-deferred/episodes.mr4efawe.imported.jsonl
 create mode 100644 .omnius/memory-deferred/episodes.mr4h0enx.imported.jsonl
 create mode 100644 .omnius/memory-deferred/episodes.mr4jy82d.imported.jsonl
 create mode 100644 .omnius/memory-deferred/episodes.mr4mlywn.imported.jsonl
 create mode 100644 .omnius/memory-deferred/episodes.mr4nntwg.imported.jsonl
 create mode 100644 .omnius/memory-deferred/episodes.mr4od4q4.imported.jsonl
 create mode 100644 .omnius/memory-deferred/episodes.mr4ql5gd.imported.jsonl
 create mode 100644 .omnius/memory-deferred/episodes.mr593kf9.imported.jsonl
 create mode 100644 .omnius/memory-deferred/episodes.mr5c5ut8.imported.jsonl
 create mode 100644 .omnius/memory-deferred/episodes.mr5wc1ai.imported.jsonl
 create mode 100644 .omnius/memory-deferred/episodes.mr647wpb.imported.jsonl
 create mode 100644 .omnius/memory-deferred/episodes.mr7ab1pq.imported.jsonl
 create mode 100644 .omnius/memory-deferred/episodes.mr7g5dcn.imported.jsonl
 create mode 100644 .omnius/memory-maintenance/last-run
 create mode 100644 .omnius/memory-maintenance/runs.jsonl
 create mode 100644 .omnius/memory-maintenance/worker.log
 create mode 100644 .omnius/memory/adversary-stream.json
 create mode 100644 .omnius/memory/reflections.json
 create mode 100644 .omnius/phases/explore-mr4dfa0y-turn6.jsonl
 create mode 100644 .omnius/phases/explore-mr4exd10-turn9.jsonl
 create mode 100644 .omnius/phases/explore-mr4fgffm-turn20.jsonl
 create mode 100644 .omnius/phases/explore-mr4g17eu-turn17.jsonl
 create mode 100644 .omnius/phases/explore-mr4gytwm-turn10.jsonl
 create mode 100644 .omnius/phases/explore-mr4gyx8s-turn10.jsonl
 create mode 100644 .omnius/phases/explore-mr4irak5-turn31.jsonl
 create mode 100644 .omnius/phases/explore-mr4kia6m-turn0.jsonl
 create mode 100644 .omnius/phases/explore-mr4kvbgd-turn16.jsonl
 create mode 100644 .omnius/phases/explore-mr4lhrhb-turn35.jsonl
 create mode 100644 .omnius/phases/explore-mr4na7e3-turn12.jsonl
 create mode 100644 .omnius/phases/explore-mr4nd1cp-turn15.jsonl
 create mode 100644 .omnius/phases/explore-mr4nf2vx-turn17.jsonl
 create mode 100644 .omnius/phases/explore-mr4o0iez-turn5.jsonl
 create mode 100644 .omnius/phases/explore-mr4opjwq-turn14.jsonl
 create mode 100644 .omnius/phases/explore-mr4oy2zq-turn26.jsonl
 create mode 100644 .omnius/phases/explore-mr4pe8x4-turn41.jsonl
 create mode 100644 .omnius/phases/explore-mr4pjpws-turn47.jsonl
 create mode 100644 .omnius/phases/explore-mr4ppwd0-turn53.jsonl
 create mode 100644 .omnius/phases/explore-mr4q1eyf-turn59.jsonl
 create mode 100644 .omnius/phases/explore-mr54wd48-turn6.jsonl
 create mode 100644 .omnius/phases/explore-mr54zjur-turn12.jsonl
 create mode 100644 .omnius/phases/explore-mr56gulw-turn11.jsonl
 create mode 100644 .omnius/phases/explore-mr56xlac-turn8.jsonl
 create mode 100644 .omnius/phases/explore-mr56z8ks-turn10.jsonl
 create mode 100644 .omnius/phases/explore-mr57kk1y-turn32.jsonl
 create mode 100644 .omnius/phases/explore-mr58g86q-turn16.jsonl
 create mode 100644 .omnius/phases/explore-mr58mbm0-turn21.jsonl
 create mode 100644 .omnius/phases/explore-mr58yh9v-turn32.jsonl
 create mode 100644 .omnius/phases/explore-mr59ib3q-turn9.jsonl
 create mode 100644 .omnius/phases/explore-mr59oqkc-turn13.jsonl
 create mode 100644 .omnius/phases/explore-mr59vbd8-turn17.jsonl
 create mode 100644 .omnius/phases/explore-mr5bvnvv-turn30.jsonl
 create mode 100644 .omnius/phases/explore-mr5ox4z2-turn11.jsonl
 create mode 100644 .omnius/phases/explore-mr5pc6f5-turn24.jsonl
 create mode 100644 .omnius/phases/explore-mr5pqjao-turn36.jsonl
 create mode 100644 .omnius/phases/explore-mr5psr8q-turn38.jsonl
 create mode 100644 .omnius/phases/explore-mr5qe3k7-turn10.jsonl
 create mode 100644 .omnius/phases/explore-mr5rll4n-turn15.jsonl
 create mode 100644 .omnius/phases/explore-mr5spug9-turn9.jsonl
 create mode 100644 .omnius/phases/explore-mr5uwgdt-turn15.jsonl
 create mode 100644 .omnius/phases/explore-mr5v9d48-turn24.jsonl
 create mode 100644 .omnius/phases/explore-mr5vktfk-turn31.jsonl
 create mode 100644 .omnius/phases/explore-mr5vuty7-turn38.jsonl
 create mode 100644 .omnius/phases/explore-mr5vwt6z-turn40.jsonl
 create mode 100644 .omnius/phases/explore-mr61o9wc-turn10.jsonl
 create mode 100644 .omnius/phases/explore-mr62g65j-turn10.jsonl
 create mode 100644 .omnius/phases/explore-mr62j8xu-turn12.jsonl
 create mode 100644 .omnius/phases/explore-mr62pbr4-turn18.jsonl
 create mode 100644 .omnius/phases/explore-mr63450g-turn29.jsonl
 create mode 100644 .omnius/phases/explore-mr636i7v-turn31.jsonl
 create mode 100644 .omnius/phases/explore-mr63bwwt-turn35.jsonl
 create mode 100644 .omnius/phases/explore-mr63en3b-turn37.jsonl
 create mode 100644 .omnius/phases/explore-mr6n8dtd-turn13.jsonl
 create mode 100644 .omnius/phases/explore-mr6nbdlz-turn15.jsonl
 create mode 100644 .omnius/phases/explore-mr6ng01o-turn18.jsonl
 create mode 100644 .omnius/phases/explore-mr6nkat4-turn21.jsonl
 create mode 100644 .omnius/phases/explore-mr6nr51m-turn25.jsonl
 create mode 100644 .omnius/phases/explore-mr6nuwyd-turn27.jsonl
 create mode 100644 .omnius/phases/explore-mr6nxkxb-turn29.jsonl
 create mode 100644 .omnius/phases/explore-mr6plcex-turn26.jsonl
 create mode 100644 .omnius/phases/explore-mr6pom8g-turn30.jsonl
 create mode 100644 .omnius/phases/explore-mr6q036i-turn39.jsonl
 create mode 100644 .omnius/phases/explore-mr6qi0l2-turn47.jsonl
 create mode 100644 .omnius/phases/explore-mr6r4ans-turn58.jsonl
 create mode 100644 .omnius/phases/explore-mr6rgvit-turn58.jsonl
 create mode 100644 .omnius/phases/explore-mr6spva8-turn58.jsonl
 create mode 100644 .omnius/phases/explore-mr6w5rd1-turn13.jsonl
 create mode 100644 .omnius/phases/explore-mr6wp6pj-turn33.jsonl
 create mode 100644 .omnius/phases/explore-mr6wvqyj-turn39.jsonl
 create mode 100644 .omnius/phases/explore-mr6x2d8t-turn45.jsonl
 create mode 100644 .omnius/phases/explore-mr72bm40-turn9.jsonl
 create mode 100644 .omnius/phases/explore-mr72kn7a-turn21.jsonl
 create mode 100644 .omnius/phases/explore-mr73d30q-turn42.jsonl
 create mode 100644 .omnius/phases/explore-mr73f6jd-turn44.jsonl
 create mode 100644 .omnius/phases/explore-mr7445qi-turn59.jsonl
 create mode 100644 .omnius/phases/explore-mr79iurq-turn18.jsonl
 create mode 100644 .omnius/phases/explore-mr79pwhl-turn22.jsonl
 create mode 100644 .omnius/phases/explore-mr7a6spg-turn26.jsonl
 create mode 100644 .omnius/phases/explore-mr7aqqry-turn16.jsonl
 create mode 100644 .omnius/phases/explore-mr7at9jh-turn19.jsonl
 create mode 100644 .omnius/phases/explore-mr7b0pys-turn22.jsonl
 create mode 100644 .omnius/phases/explore-mr7bf9tw-turn32.jsonl
 create mode 100644 .omnius/phases/explore-mr7bhdie-turn34.jsonl
 create mode 100644 .omnius/phases/explore-mr7bp8x6-turn43.jsonl
 create mode 100644 .omnius/phases/explore-mr7brdc3-turn45.jsonl
 create mode 100644 .omnius/phases/explore-mr7btfkd-turn47.jsonl
 create mode 100644 .omnius/phases/explore-mr7egp5g-turn7.jsonl
 create mode 100644 .omnius/phases/explore-mr7fgt6m-turn40.jsonl
 create mode 100644 .omnius/phases/explore-mr7fjxlg-turn43.jsonl
 create mode 100644 .omnius/phases/explore-mr7goeis-turn0.jsonl
 create mode 100644 .omnius/phases/implement-mr4cma0q-turn7.jsonl
 create mode 100644 .omnius/phases/implement-mr4fdtgd-turn19.jsonl
 create mode 100644 .omnius/phases/implement-mr4fkljj-turn0.jsonl
 create mode 100644 .omnius/phases/implement-mr4garoi-turn25.jsonl
 create mode 100644 .omnius/phases/implement-mr4gpmya-turn0.jsonl
 create mode 100644 .omnius/phases/implement-mr4gyvbj-turn10.jsonl
 create mode 100644 .omnius/phases/implement-mr4kirbm-turn0.jsonl
 create mode 100644 .omnius/phases/implement-mr4leoh1-turn33.jsonl
 create mode 100644 .omnius/phases/implement-mr4nb4h6-turn13.jsonl
 create mode 100644 .omnius/phases/implement-mr4ne1cb-turn16.jsonl
 create mode 100644 .omnius/phases/implement-mr4ng8at-turn18.jsonl
 create mode 100644 .omnius/phases/implement-mr4o2djd-turn9.jsonl
 create mode 100644 .omnius/phases/implement-mr4or0fw-turn16.jsonl
 create mode 100644 .omnius/phases/implement-mr4pbu2m-turn39.jsonl
 create mode 100644 .omnius/phases/implement-mr4phw82-turn45.jsonl
 create mode 100644 .omnius/phases/implement-mr4powcc-turn52.jsonl
 create mode 100644 .omnius/phases/implement-mr4qlpga-turn0.jsonl
 create mode 100644 .omnius/phases/implement-mr54xva6-turn9.jsonl
 create mode 100644 .omnius/phases/implement-mr55pfxm-turn33.jsonl
 create mode 100644 .omnius/phases/implement-mr56yf0q-turn9.jsonl
 create mode 100644 .omnius/phases/implement-mr57gz92-turn29.jsonl
 create mode 100644 .omnius/phases/implement-mr57ln8r-turn33.jsonl
 create mode 100644 .omnius/phases/implement-mr58lasy-turn20.jsonl
 create mode 100644 .omnius/phases/implement-mr58mbu0-turn21.jsonl
 create mode 100644 .omnius/phases/implement-mr58zq1i-turn33.jsonl
 create mode 100644 .omnius/phases/implement-mr59mzag-turn12.jsonl
 create mode 100644 .omnius/phases/implement-mr59u77y-turn16.jsonl
 create mode 100644 .omnius/phases/implement-mr5p3pb4-turn17.jsonl
 create mode 100644 .omnius/phases/implement-mr5pn21h-turn33.jsonl
 create mode 100644 .omnius/phases/implement-mr5prm8y-turn37.jsonl
 create mode 100644 .omnius/phases/implement-mr5qivxv-turn14.jsonl
 create mode 100644 .omnius/phases/implement-mr5v53fg-turn21.jsonl
 create mode 100644 .omnius/phases/implement-mr5vck4v-turn26.jsonl
 create mode 100644 .omnius/phases/implement-mr5vtwi2-turn37.jsonl
 create mode 100644 .omnius/phases/implement-mr5vvuwq-turn39.jsonl
 create mode 100644 .omnius/phases/implement-mr5vxrj2-turn41.jsonl
 create mode 100644 .omnius/phases/implement-mr62hmh0-turn11.jsonl
 create mode 100644 .omnius/phases/implement-mr62j9b3-turn12.jsonl
 create mode 100644 .omnius/phases/implement-mr632dyt-turn28.jsonl
 create mode 100644 .omnius/phases/implement-mr635a4s-turn30.jsonl
 create mode 100644 .omnius/phases/implement-mr63ahj1-turn34.jsonl
 create mode 100644 .omnius/phases/implement-mr63daav-turn36.jsonl
 create mode 100644 .omnius/phases/implement-mr6mky5g-turn0.jsonl
 create mode 100644 .omnius/phases/implement-mr6n9ve8-turn14.jsonl
 create mode 100644 .omnius/phases/implement-mr6negly-turn17.jsonl
 create mode 100644 .omnius/phases/implement-mr6nhnbc-turn19.jsonl
 create mode 100644 .omnius/phases/implement-mr6nono4-turn24.jsonl
 create mode 100644 .omnius/phases/implement-mr6nt7m6-turn26.jsonl
 create mode 100644 .omnius/phases/implement-mr6nwn1o-turn28.jsonl
 create mode 100644 .omnius/phases/implement-mr6o1l58-turn30.jsonl
 create mode 100644 .omnius/phases/implement-mr6ojus5-turn0.jsonl
 create mode 100644 .omnius/phases/implement-mr6pnkw8-turn29.jsonl
 create mode 100644 .omnius/phases/implement-mr6q0327-turn38.jsonl
 create mode 100644 .omnius/phases/implement-mr6q2e0t-turn40.jsonl
 create mode 100644 .omnius/phases/implement-mr6qx70i-turn57.jsonl
 create mode 100644 .omnius/phases/implement-mr6r5g6l-turn58.jsonl
 create mode 100644 .omnius/phases/implement-mr6rc6vz-turn58.jsonl
 create mode 100644 .omnius/phases/implement-mr6webfk-turn23.jsonl
 create mode 100644 .omnius/phases/implement-mr6wulcr-turn38.jsonl
 create mode 100644 .omnius/phases/implement-mr6wwsxc-turn40.jsonl
 create mode 100644 .omnius/phases/implement-mr6x3hy0-turn46.jsonl
 create mode 100644 .omnius/phases/implement-mr72dp8d-turn12.jsonl
 create mode 100644 .omnius/phases/implement-mr732pn3-turn32.jsonl
 create mode 100644 .omnius/phases/implement-mr73e546-turn43.jsonl
 create mode 100644 .omnius/phases/implement-mr73gbar-turn45.jsonl
 create mode 100644 .omnius/phases/implement-mr79nfzu-turn20.jsonl
 create mode 100644 .omnius/phases/implement-mr7a5c2x-turn25.jsonl
 create mode 100644 .omnius/phases/implement-mr7at9hc-turn19.jsonl
 create mode 100644 .omnius/phases/implement-mr7azt7m-turn20.jsonl
 create mode 100644 .omnius/phases/implement-mr7b1k5l-turn23.jsonl
 create mode 100644 .omnius/phases/implement-mr7bgax6-turn33.jsonl
 create mode 100644 .omnius/phases/implement-mr7biae8-turn35.jsonl
 create mode 100644 .omnius/phases/implement-mr7bq9gj-turn44.jsonl
 create mode 100644 .omnius/phases/implement-mr7bsdnl-turn46.jsonl
 create mode 100644 .omnius/phases/implement-mr7buu9m-turn48.jsonl
 create mode 100644 .omnius/phases/implement-mr7favlf-turn35.jsonl
 create mode 100644 .omnius/phases/implement-mr7fhtad-turn41.jsonl
 create mode 100644 .omnius/phases/implement-mr7g5cyt-turn59.jsonl
 create mode 100644 .omnius/phases/implement-mr7gq53o-turn0.jsonl
 create mode 100644 .omnius/phases/mixed-mr4cjpiq-turn4.jsonl
 create mode 100644 .omnius/phases/mixed-mr4cnpcg-turn9.jsonl
 create mode 100644 .omnius/phases/mixed-mr4exft1-turn10.jsonl
 create mode 100644 .omnius/phases/mixed-mr4hufgk-turn1.jsonl
 create mode 100644 .omnius/phases/mixed-mr7ffuxu-turn39.jsonl
 create mode 100644 .omnius/phases/plan-mr4ciat7-turn3.jsonl
 create mode 100644 .omnius/phases/plan-mr4cll2k-turn6.jsonl
 create mode 100644 .omnius/phases/plan-mr4cn234-turn8.jsonl
 create mode 100644 .omnius/phases/plan-mr4exfp7-turn9.jsonl
 create mode 100644 .omnius/phases/plan-mr4htylb-turn0.jsonl
 create mode 100644 .omnius/phases/plan-mr5c8tpy-turn1.jsonl
 create mode 100644 .omnius/phases/plan-mr5ood8m-turn0.jsonl
 create mode 100644 .omnius/phases/plan-mr5sge5h-turn1.jsonl
 create mode 100644 .omnius/phases/plan-mr5u900h-turn1.jsonl
 create mode 100644 .omnius/phases/plan-mr7ec058-turn0.jsonl
 create mode 100644 .omnius/phases/plan-mr7feeu8-turn38.jsonl
 create mode 100644 .omnius/provenance/1783048896353-3kt1zu.json
 create mode 100644 .omnius/provenance/1783054636540-g0c2vs.json
 create mode 100644 .omnius/provenance/1783056506452-5ra6kv.json
 create mode 100644 .omnius/provenance/1783061014702-rgaw36.json
 create mode 100644 .omnius/provenance/1783065197489-zzttvn.json
 create mode 100644 .omnius/provenance/1783066818924-tz2rco.json
 create mode 100644 .omnius/provenance/1783067649743-p1k5kq.json
 create mode 100644 .omnius/provenance/1783103891764-v0fo65.json
 create mode 100644 .omnius/resolution-memory.json
 create mode 100644 .omnius/scoped-personality/tui-session/main-tui-1783047475533-kdquqf-701cdcbb34fd6264.events.jsonl
 create mode 100644 .omnius/scoped-personality/tui-session/main-tui-1783047475533-kdquqf-701cdcbb34fd6264.json
 create mode 100644 .omnius/scoped-personality/tui-session/main-tui-1783047475533-kdquqf-701cdcbb34fd6264.md
 create mode 100644 .omnius/scoped-personality/tui-session/main-tui-1783047664467-5c079k-68ae9f679f6c0180.events.jsonl
 create mode 100644 .omnius/scoped-personality/tui-session/main-tui-1783047664467-5c079k-68ae9f679f6c0180.json
 create mode 100644 .omnius/scoped-personality/tui-session/main-tui-1783047664467-5c079k-68ae9f679f6c0180.md
 create mode 100644 .omnius/scoped-personality/tui-session/main-tui-1783047674415-7r8axr-198ea03fcf3ba1ad.events.jsonl
 create mode 100644 .omnius/scoped-personality/tui-session/main-tui-1783047674415-7r8axr-198ea03fcf3ba1ad.json
 create mode 100644 .omnius/scoped-personality/tui-session/main-tui-1783047674415-7r8axr-198ea03fcf3ba1ad.md
 create mode 100644 .omnius/scoped-personality/tui-session/main-tui-1783047688422-8ulryd-21bdb1bb6dea15de.events.jsonl
 create mode 100644 .omnius/scoped-personality/tui-session/main-tui-1783047688422-8ulryd-21bdb1bb6dea15de.json
 create mode 100644 .omnius/scoped-personality/tui-session/main-tui-1783047688422-8ulryd-21bdb1bb6dea15de.md
 create mode 100644 .omnius/scoped-personality/tui-session/main-tui-1783047688664-7yqjqo-65c812ffdef953bb.events.jsonl
 create mode 100644 .omnius/scoped-personality/tui-session/main-tui-1783047688664-7yqjqo-65c812ffdef953bb.json
 create mode 100644 .omnius/scoped-personality/tui-session/main-tui-1783047688664-7yqjqo-65c812ffdef953bb.md
 create mode 100644 .omnius/scoped-personality/tui-session/main-tui-1783048896353-3kt1zu-91f3d690ee2b0a7b.events.jsonl
 create mode 100644 .omnius/scoped-personality/tui-session/main-tui-1783048896353-3kt1zu-91f3d690ee2b0a7b.json
 create mode 100644 .omnius/scoped-personality/tui-session/main-tui-1783048896353-3kt1zu-91f3d690ee2b0a7b.md
 create mode 100644 .omnius/scoped-personality/tui-session/main-tui-1783051233686-twto82-4d2738dfce24b329.events.jsonl
 create mode 100644 .omnius/scoped-personality/tui-session/main-tui-1783051233686-twto82-4d2738dfce24b329.json
 create mode 100644 .omnius/scoped-personality/tui-session/main-tui-1783051233686-twto82-4d2738dfce24b329.md
 create mode 100644 .omnius/scoped-personality/tui-session/main-tui-1783052722873-j5j5xm-a5ac6a6b1356a26b.events.jsonl
 create mode 100644 .omnius/scoped-personality/tui-session/main-tui-1783052722873-j5j5xm-a5ac6a6b1356a26b.json
 create mode 100644 .omnius/scoped-personality/tui-session/main-tui-1783052722873-j5j5xm-a5ac6a6b1356a26b.md
 create mode 100644 .omnius/scoped-personality/tui-session/main-tui-1783054636540-g0c2vs-423f60e27b3fe879.events.jsonl
 create mode 100644 .omnius/scoped-personality/tui-session/main-tui-1783054636540-g0c2vs-423f60e27b3fe879.json
 create mode 100644 .omnius/scoped-personality/tui-session/main-tui-1783054636540-g0c2vs-423f60e27b3fe879.md
 create mode 100644 .omnius/scoped-personality/tui-session/main-tui-1783056506452-5ra6kv-fe27ddc1638cda71.events.jsonl
 create mode 100644 .omnius/scoped-personality/tui-session/main-tui-1783056506452-5ra6kv-fe27ddc1638cda71.json
 create mode 100644 .omnius/scoped-personality/tui-session/main-tui-1783056506452-5ra6kv-fe27ddc1638cda71.md
 create mode 100644 .omnius/scoped-personality/tui-session/main-tui-1783061014702-rgaw36-a8d5a3e1d1a4ba12.events.jsonl
 create mode 100644 .omnius/scoped-personality/tui-session/main-tui-1783061014702-rgaw36-a8d5a3e1d1a4ba12.json
 create mode 100644 .omnius/scoped-personality/tui-session/main-tui-1783061014702-rgaw36-a8d5a3e1d1a4ba12.md
 create mode 100644 .omnius/scoped-personality/tui-session/main-tui-1783065197489-zzttvn-efe4ebfa49e593f1.events.jsonl
 create mode 100644 .omnius/scoped-personality/tui-session/main-tui-1783065197489-zzttvn-efe4ebfa49e593f1.json
 create mode 100644 .omnius/scoped-personality/tui-session/main-tui-1783065197489-zzttvn-efe4ebfa49e593f1.md
 create mode 100644 .omnius/scoped-personality/tui-session/main-tui-1783066818924-tz2rco-b7158c80c6d86b4f.events.jsonl
 create mode 100644 .omnius/scoped-personality/tui-session/main-tui-1783066818924-tz2rco-b7158c80c6d86b4f.json
 create mode 100644 .omnius/scoped-personality/tui-session/main-tui-1783066818924-tz2rco-b7158c80c6d86b4f.md
 create mode 100644 .omnius/scoped-personality/tui-session/main-tui-1783067649743-p1k5kq-0c0654059c2492c0.events.jsonl
 create mode 100644 .omnius/scoped-personality/tui-session/main-tui-1783067649743-p1k5kq-0c0654059c2492c0.json
 create mode 100644 .omnius/scoped-personality/tui-session/main-tui-1783067649743-p1k5kq-0c0654059c2492c0.md
 create mode 100644 .omnius/scoped-personality/tui-session/main-tui-1783095123826-r2p6do-ed6f2e6c8a7ae33c.events.jsonl
 create mode 100644 .omnius/scoped-personality/tui-session/main-tui-1783095123826-r2p6do-ed6f2e6c8a7ae33c.json
 create mode 100644 .omnius/scoped-personality/tui-session/main-tui-1783095123826-r2p6do-ed6f2e6c8a7ae33c.md
 create mode 100644 .omnius/scoped-personality/tui-session/main-tui-1783097556372-khio3d-eaf8f0c0f2464e28.events.jsonl
 create mode 100644 .omnius/scoped-personality/tui-session/main-tui-1783097556372-khio3d-eaf8f0c0f2464e28.json
 create mode 100644 .omnius/scoped-personality/tui-session/main-tui-1783097556372-khio3d-eaf8f0c0f2464e28.md
 create mode 100644 .omnius/scoped-personality/tui-session/main-tui-1783098484662-k0bt4g-c2fa34fe4f954f63.events.jsonl
 create mode 100644 .omnius/scoped-personality/tui-session/main-tui-1783098484662-k0bt4g-c2fa34fe4f954f63.json
 create mode 100644 .omnius/scoped-personality/tui-session/main-tui-1783098484662-k0bt4g-c2fa34fe4f954f63.md
 create mode 100644 .omnius/scoped-personality/tui-session/main-tui-1783100178105-dgntvm-26dd627a77968ad8.events.jsonl
 create mode 100644 .omnius/scoped-personality/tui-session/main-tui-1783100178105-dgntvm-26dd627a77968ad8.json
 create mode 100644 .omnius/scoped-personality/tui-session/main-tui-1783100178105-dgntvm-26dd627a77968ad8.md
 create mode 100644 .omnius/scoped-personality/tui-session/main-tui-1783100539534-ttnzaw-6f894a342c275a18.events.jsonl
 create mode 100644 .omnius/scoped-personality/tui-session/main-tui-1783100539534-ttnzaw-6f894a342c275a18.json
 create mode 100644 .omnius/scoped-personality/tui-session/main-tui-1783100539534-ttnzaw-6f894a342c275a18.md
 create mode 100644 .omnius/scoped-personality/tui-session/main-tui-1783102391191-glhboy-f4185a5f5d3e2400.events.jsonl
 create mode 100644 .omnius/scoped-personality/tui-session/main-tui-1783102391191-glhboy-f4185a5f5d3e2400.json
 create mode 100644 .omnius/scoped-personality/tui-session/main-tui-1783102391191-glhboy-f4185a5f5d3e2400.md
 create mode 100644 .omnius/scoped-personality/tui-session/main-tui-1783103891764-v0fo65-66176b7e980c4f11.events.jsonl
 create mode 100644 .omnius/scoped-personality/tui-session/main-tui-1783103891764-v0fo65-66176b7e980c4f11.json
 create mode 100644 .omnius/scoped-personality/tui-session/main-tui-1783103891764-v0fo65-66176b7e980c4f11.md
 create mode 100644 .omnius/scoped-personality/tui-session/main-tui-1783128455765-azotnp-e605886f1eb859f9.events.jsonl
 create mode 100644 .omnius/scoped-personality/tui-session/main-tui-1783128455765-azotnp-e605886f1eb859f9.json
 create mode 100644 .omnius/scoped-personality/tui-session/main-tui-1783128455765-azotnp-e605886f1eb859f9.md
 create mode 100644 .omnius/scoped-personality/tui-session/main-tui-1783130427620-c07cg9-1ab4a7fd0ede751a.events.jsonl
 create mode 100644 .omnius/scoped-personality/tui-session/main-tui-1783130427620-c07cg9-1ab4a7fd0ede751a.json
 create mode 100644 .omnius/scoped-personality/tui-session/main-tui-1783130427620-c07cg9-1ab4a7fd0ede751a.md
 create mode 100644 .omnius/scoped-personality/tui-session/main-tui-1783132565307-m0qc5a-d574cbfd0b3e3245.events.jsonl
 create mode 100644 .omnius/scoped-personality/tui-session/main-tui-1783132565307-m0qc5a-d574cbfd0b3e3245.json
 create mode 100644 .omnius/scoped-personality/tui-session/main-tui-1783132565307-m0qc5a-d574cbfd0b3e3245.md
 create mode 100644 .omnius/scoped-personality/tui-session/main-tui-1783134746466-mbosnh-05525242e49a3515.events.jsonl
 create mode 100644 .omnius/scoped-personality/tui-session/main-tui-1783134746466-mbosnh-05525242e49a3515.json
 create mode 100644 .omnius/scoped-personality/tui-session/main-tui-1783134746466-mbosnh-05525242e49a3515.md
 create mode 100644 .omnius/scoped-personality/tui-session/main-tui-1783235936402-neqrnd-55de985f83003fab.events.jsonl
 create mode 100644 .omnius/scoped-personality/tui-session/main-tui-1783235936402-neqrnd-55de985f83003fab.json
 create mode 100644 .omnius/scoped-personality/tui-session/main-tui-1783235936402-neqrnd-55de985f83003fab.md
 create mode 100644 .omnius/sessions/1783048896353-3kt1zu.jsonl
 create mode 100644 .omnius/sessions/1783048896353-3kt1zu.tui-state.json
 create mode 100644 .omnius/sessions/1783054636540-g0c2vs.jsonl
 create mode 100644 .omnius/sessions/1783054636540-g0c2vs.tui-state.json
 create mode 100644 .omnius/sessions/1783056506452-5ra6kv.jsonl
 create mode 100644 .omnius/sessions/1783056506452-5ra6kv.tui-state.json
 create mode 100644 .omnius/sessions/1783061014702-rgaw36.jsonl
 create mode 100644 .omnius/sessions/1783061014702-rgaw36.tui-state.json
 create mode 100644 .omnius/sessions/1783065197489-zzttvn.jsonl
 create mode 100644 .omnius/sessions/1783066818924-tz2rco.jsonl
 create mode 100644 .omnius/sessions/1783067649743-p1k5kq.jsonl
 create mode 100644 .omnius/sessions/1783103891764-v0fo65.jsonl
 create mode 100644 .omnius/sessions/sessions-index.json
 create mode 100644 .omnius/sessions/tui-1872813-mr5u6eef.jsonl
 create mode 100644 .omnius/sessions/tui-1872813-mr5u6eef.tui-state.json
 create mode 100644 .omnius/sessions/tui-log-1539907-mr5a02ni.jsonl
 create mode 100644 .omnius/sessions/tui-log-1662958-mr4d9q26.jsonl
 create mode 100644 .omnius/sessions/tui-log-1875056-mr5u6m7z.jsonl
 create mode 100644 .omnius/sessions/tui-log-2145190-mr7ea4uy.jsonl
 create mode 100644 .omnius/sessions/tui-log-2667578-mr4govdb.jsonl
 create mode 100644 .omnius/sessions/tui-log-2945082-mr4hqqbg.jsonl
 create mode 100644 .omnius/sessions/tui-log-3629416-mr622mm5.jsonl
 create mode 100644 .omnius/sessions/tui-log-458572-mr4mz3lh.jsonl
 create mode 100644 .omnius/sessions/tui-log-704643-mr4nxg6i.jsonl
 create mode 100644 .omnius/sessions/tui-log-858401-mr4ofiyw.jsonl
 create mode 100644 .omnius/settings.json
 create mode 100644 .omnius/todo-chunks/1.json
 create mode 100644 .omnius/todo-chunks/2.json
 create mode 100644 .omnius/todo-chunks/3.json
 create mode 100644 .omnius/todo-chunks/4.json
 create mode 100644 .omnius/todo-chunks/d1.json
 create mode 100644 .omnius/todo-chunks/d2.json
 create mode 100644 .omnius/todo-chunks/d3.json
 create mode 100644 .omnius/todo-chunks/d4.json
 create mode 100644 .omnius/todo-chunks/t1.json
 create mode 100644 .omnius/todo-chunks/t2.json
 create mode 100644 .omnius/todo-chunks/t3.json
 create mode 100644 .omnius/todo-chunks/t4.json
 create mode 100644 .omnius/tool-results/1783141038487-shell-f15444-18b31ef988f4.txt
 create mode 100644 .omnius/tool-results/1783151939864-shell-2774bd-c71c04743cd1.txt
 create mode 100644 .omnius/tool-results/1783185423112-shell-65a81b-01593a7aa6fc.txt
 create mode 100644 .omnius/tool-results/1783212467882-shell-171fbd-6e6e479c757f.txt
 create mode 100644 .omnius/tool-results/1783212540200-shell-723a75-5774864064f9.txt
 create mode 100644 .omnius/tool-results/1783215451939-shell-7e95b7-6e9905fe6f0b.txt
 create mode 100644 .omnius/tool-results/1783215453073-shell-67e674-fe2da16f1c8b.txt
 create mode 100644 .omnius/tool-results/1783216700929-shell-dfd1b1-512128763658.txt
 create mode 100644 .omnius/tool-results/1783216702057-shell-e93714-4b5c739c6319.txt
 create mode 100644 .omnius/tool-results/1783219291368-shell-dbbdb9-9af1b80d201e.txt
 create mode 100644 .omnius/tool-results/1783220068841-shell-9a2797-1bfd7bc0ef57.txt
 create mode 100644 .omnius/tool-results/1783223393959-shell-8ca8e9-e60524c4ce19.txt
 create mode 100644 .omnius/tool-results/1783224211778-shell-5a73ac-c8b084ca14b0.txt
 create mode 100644 .omnius/tool-results/1783226644246-shell-1acef3-7b4e8c12e147.txt
 create mode 100644 .omnius/tool-results/1783229621495-shell-5d2ceb-85cb449c9918.txt
 create mode 100644 .omnius/tool-results/1783229622642-shell-1e4101-b501cbb5e6bc.txt
 create mode 100644 .omnius/tool-results/1783232103034-shell-db78c8-2fb0503513de.txt
 create mode 100644 .omnius/tool-results/1783232607437-shell-21e7b2-85d1b6a06f6a.txt
 create mode 100644 .omnius/tool-results/1783233345869-shell-1d8581-eca747249f72.txt
 create mode 100644 .omnius/tool-results/1ab25f60.txt
 create mode 100644 .omnius/tool-results/9d3e989c.txt
 create mode 100644 .omnius/trajectories/trajectories.jsonl
 create mode 100644 .omnius/workboards/1783047475533-kdquqf/active.json
 create mode 100644 .omnius/workboards/1783047475533-kdquqf/events.jsonl
 create mode 100644 .omnius/workboards/1783048896353-3kt1zu/active.json
 create mode 100644 .omnius/workboards/1783048896353-3kt1zu/events.jsonl
 create mode 100644 .omnius/workboards/1783051233686-twto82/active.json
 create mode 100644 .omnius/workboards/1783051233686-twto82/events.jsonl
 create mode 100644 .omnius/workboards/1783052722873-j5j5xm/active.json
 create mode 100644 .omnius/workboards/1783052722873-j5j5xm/events.jsonl
 create mode 100644 .omnius/workboards/1783054636540-g0c2vs/active.json
 create mode 100644 .omnius/workboards/1783054636540-g0c2vs/events.jsonl
 create mode 100644 .omnius/workboards/1783056506452-5ra6kv/active.json
 create mode 100644 .omnius/workboards/1783056506452-5ra6kv/events.jsonl
 create mode 100644 .omnius/workboards/1783061014702-rgaw36/active.json
 create mode 100644 .omnius/workboards/1783061014702-rgaw36/events.jsonl
 create mode 100644 .omnius/workboards/1783065197489-zzttvn/active.json
 create mode 100644 .omnius/workboards/1783065197489-zzttvn/events.jsonl
 create mode 100644 .omnius/workboards/1783066818924-tz2rco/active.json
 create mode 100644 .omnius/workboards/1783066818924-tz2rco/events.jsonl
 create mode 100644 .omnius/workboards/1783067649743-p1k5kq/active.json
 create mode 100644 .omnius/workboards/1783067649743-p1k5kq/events.jsonl
 create mode 100644 .omnius/workboards/1783095123826-r2p6do/active.json
 create mode 100644 .omnius/workboards/1783095123826-r2p6do/events.jsonl
 create mode 100644 .omnius/workboards/1783097556372-khio3d/active.json
 create mode 100644 .omnius/workboards/1783097556372-khio3d/events.jsonl
 create mode 100644 .omnius/workboards/1783098484662-k0bt4g/active.json
 create mode 100644 .omnius/workboards/1783098484662-k0bt4g/events.jsonl
 create mode 100644 .omnius/workboards/1783100178105-dgntvm/active.json
 create mode 100644 .omnius/workboards/1783100178105-dgntvm/events.jsonl
 create mode 100644 .omnius/workboards/1783100539534-ttnzaw/active.json
 create mode 100644 .omnius/workboards/1783100539534-ttnzaw/events.jsonl
 create mode 100644 .omnius/workboards/1783102391191-glhboy/active.json
 create mode 100644 .omnius/workboards/1783102391191-glhboy/events.jsonl
 create mode 100644 .omnius/workboards/1783103891764-v0fo65/active.json
 create mode 100644 .omnius/workboards/1783103891764-v0fo65/events.jsonl
 create mode 100644 .omnius/workboards/1783128455765-azotnp/active.json
 create mode 100644 .omnius/workboards/1783128455765-azotnp/events.jsonl
 create mode 100644 .omnius/workboards/1783130427620-c07cg9/active.json
 create mode 100644 .omnius/workboards/1783130427620-c07cg9/events.jsonl
 create mode 100644 .omnius/workboards/1783132565307-m0qc5a/active.json
 create mode 100644 .omnius/workboards/1783132565307-m0qc5a/events.jsonl
 create mode 100644 .omnius/workboards/1783134746466-mbosnh/active.json
 create mode 100644 .omnius/workboards/1783134746466-mbosnh/events.jsonl
 create mode 100644 .omnius/workboards/1783235936402-neqrnd/active.json
 create mode 100644 .omnius/workboards/1783235936402-neqrnd/events.jsonl
 create mode 100644 .omnius/world-state/tree/latest.json
 create mode 100644 .omnius/world-state/tree/latest.txt
 create mode 100644 .omnius/world-state/tree/turn-0000.json
 create mode 100644 .omnius/world-state/tree/turn-0000.txt
 create mode 100644 .omnius/world-state/tree/turn-0001.json
 create mode 100644 .omnius/world-state/tree/turn-0001.txt
 create mode 100644 .omnius/world-state/tree/turn-0002.json
 create mode 100644 .omnius/world-state/tree/turn-0002.txt
 create mode 100644 .omnius/world-state/tree/turn-0003.json
 create mode 100644 .omnius/world-state/tree/turn-0003.txt
 create mode 100644 .omnius/world-state/tree/turn-0004.json
 create mode 100644 .omnius/world-state/tree/turn-0004.txt
 create mode 100644 .omnius/world-state/tree/turn-0005.json
 create mode 100644 .omnius/world-state/tree/turn-0005.txt
 create mode 100644 .omnius/world-state/tree/turn-0006.json
 create mode 100644 .omnius/world-state/tree/turn-0006.txt
 create mode 100644 .omnius/world-state/tree/turn-0007.json
 create mode 100644 .omnius/world-state/tree/turn-0007.txt
 create mode 100644 .omnius/world-state/tree/turn-0008.json
 create mode 100644 .omnius/world-state/tree/turn-0008.txt
 create mode 100644 .omnius/world-state/tree/turn-0009.json
 create mode 100644 .omnius/world-state/tree/turn-0009.txt
 create mode 100644 .omnius/world-state/tree/turn-0010.json
 create mode 100644 .omnius/world-state/tree/turn-0010.txt
 create mode 100644 .omnius/world-state/tree/turn-0011.json
 create mode 100644 .omnius/world-state/tree/turn-0011.txt
 create mode 100644 .omnius/world-state/tree/turn-0012.json
 create mode 100644 .omnius/world-state/tree/turn-0012.txt
 create mode 100644 .omnius/world-state/tree/turn-0013.json
 create mode 100644 .omnius/world-state/tree/turn-0013.txt
 create mode 100644 .omnius/world-state/tree/turn-0014.json
 create mode 100644 .omnius/world-state/tree/turn-0014.txt
 create mode 100644 .omnius/world-state/tree/turn-0015.json
 create mode 100644 .omnius/world-state/tree/turn-0015.txt
 create mode 100644 .omnius/world-state/tree/turn-0016.json
 create mode 100644 .omnius/world-state/tree/turn-0016.txt
 create mode 100644 .omnius/world-state/tree/turn-0017.json
 create mode 100644 .omnius/world-state/tree/turn-0017.txt
 create mode 100644 .omnius/world-state/tree/turn-0018.json
 create mode 100644 .omnius/world-state/tree/turn-0018.txt
 create mode 100644 .omnius/world-state/tree/turn-0019.json
 create mode 100644 .omnius/world-state/tree/turn-0019.txt
 create mode 100644 .omnius/world-state/tree/turn-0020.json
 create mode 100644 .omnius/world-state/tree/turn-0020.txt
 create mode 100644 .omnius/world-state/tree/turn-0021.json
 create mode 100644 .omnius/world-state/tree/turn-0021.txt
 create mode 100644 .omnius/world-state/tree/turn-0022.json
 create mode 100644 .omnius/world-state/tree/turn-0022.txt
 create mode 100644 .omnius/world-state/tree/turn-0023.json
 create mode 100644 .omnius/world-state/tree/turn-0023.txt
 create mode 100644 .omnius/world-state/tree/turn-0024.json
 create mode 100644 .omnius/world-state/tree/turn-0024.txt
 create mode 100644 .omnius/world-state/tree/turn-0025.json
 create mode 100644 .omnius/world-state/tree/turn-0025.txt
 create mode 100644 .omnius/world-state/tree/turn-0026.json
 create mode 100644 .omnius/world-state/tree/turn-0026.txt
 create mode 100644 .omnius/world-state/tree/turn-0027.json
 create mode 100644 .omnius/world-state/tree/turn-0027.txt
 create mode 100644 .omnius/world-state/tree/turn-0028.json
 create mode 100644 .omnius/world-state/tree/turn-0028.txt
 create mode 100644 .omnius/world-state/tree/turn-0029.json
 create mode 100644 .omnius/world-state/tree/turn-0029.txt
 create mode 100644 .omnius/world-state/tree/turn-0030.json
 create mode 100644 .omnius/world-state/tree/turn-0030.txt
 create mode 100644 .omnius/world-state/tree/turn-0031.json
 create mode 100644 .omnius/world-state/tree/turn-0031.txt
 create mode 100644 .omnius/world-state/tree/turn-0032.json
 create mode 100644 .omnius/world-state/tree/turn-0032.txt
 create mode 100644 .omnius/world-state/tree/turn-0033.json
 create mode 100644 .omnius/world-state/tree/turn-0033.txt
 create mode 100644 .omnius/world-state/tree/turn-0034.json
 create mode 100644 .omnius/world-state/tree/turn-0034.txt
 create mode 100644 .omnius/world-state/tree/turn-0035.json
 create mode 100644 .omnius/world-state/tree/turn-0035.txt
 create mode 100644 .omnius/world-state/tree/turn-0036.json
 create mode 100644 .omnius/world-state/tree/turn-0036.txt
 create mode 100644 .omnius/world-state/tree/turn-0037.json
 create mode 100644 .omnius/world-state/tree/turn-0037.txt
 create mode 100644 .omnius/world-state/tree/turn-0038.json
 create mode 100644 .omnius/world-state/tree/turn-0038.txt
 create mode 100644 .omnius/world-state/tree/turn-0039.json
 create mode 100644 .omnius/world-state/tree/turn-0039.txt
 create mode 100644 .omnius/world-state/tree/turn-0040.json
 create mode 100644 .omnius/world-state/tree/turn-0040.txt
 create mode 100644 .omnius/world-state/tree/turn-0041.json
 create mode 100644 .omnius/world-state/tree/turn-0041.txt
 create mode 100644 .omnius/world-state/tree/turn-0042.json
 create mode 100644 .omnius/world-state/tree/turn-0042.txt
 create mode 100644 .omnius/world-state/tree/turn-0043.json
 create mode 100644 .omnius/world-state/tree/turn-0043.txt
 create mode 100644 .omnius/world-state/tree/turn-0044.json
 create mode 100644 .omnius/world-state/tree/turn-0044.txt
 create mode 100644 .omnius/world-state/tree/turn-0045.json
 create mode 100644 .omnius/world-state/tree/turn-0045.txt
 create mode 100644 .omnius/world-state/tree/turn-0046.json
 create mode 100644 .omnius/world-state/tree/turn-0046.txt
 create mode 100644 .omnius/world-state/tree/turn-0047.json
 create mode 100644 .omnius/world-state/tree/turn-0047.txt
 create mode 100644 .omnius/world-state/tree/turn-0048.json
 create mode 100644 .omnius/world-state/tree/turn-0048.txt
 create mode 100644 .omnius/world-state/tree/turn-0049.json
 create mode 100644 .omnius/world-state/tree/turn-0049.txt
 create mode 100644 .omnius/world-state/tree/turn-0050.json
 create mode 100644 .omnius/world-state/tree/turn-0050.txt
 create mode 100644 .omnius/world-state/tree/turn-0051.json
 create mode 100644 .omnius/world-state/tree/turn-0051.txt
 create mode 100644 .omnius/world-state/tree/turn-0052.json
 create mode 100644 .omnius/world-state/tree/turn-0052.txt
 create mode 100644 .omnius/world-state/tree/turn-0053.json
 create mode 100644 .omnius/world-state/tree/turn-0053.txt
 create mode 100644 .omnius/world-state/tree/turn-0054.json
 create mode 100644 .omnius/world-state/tree/turn-0054.txt
 create mode 100644 .omnius/world-state/tree/turn-0055.json
 create mode 100644 .omnius/world-state/tree/turn-0055.txt
 create mode 100644 .omnius/world-state/tree/turn-0056.json
 create mode 100644 .omnius/world-state/tree/turn-0056.txt
 create mode 100644 .omnius/world-state/tree/turn-0057.json
 create mode 100644 .omnius/world-state/tree/turn-0057.txt
 create mode 100644 .omnius/world-state/tree/turn-0058.json
 create mode 100644 .omnius/world-state/tree/turn-0058.txt
 create mode 100644 .omnius/world-state/tree/turn-0059.json
 create mode 100644 .omnius/world-state/tree/turn-0059.txt
 create mode 100644 contracts/ESP32_FIRMWARE_CONTRACT.md
 create mode 100644 contracts/MOTOR_CEM_CONTRACT.md
 create mode 100644 contracts/MOTOR_RH_CONTRACT.md
 create mode 100644 contracts/MOTOR_RMD_H_CONTRACT.md
 create mode 100644 contracts/MOTOR_RMD_X_CONTRACT.md
 create mode 100644 contracts/PROTOCOLS_CONTRACT.md
 create mode 100644 firmware/esp32/.pio/build/esp32/.sconsign312.dblite
 create mode 100644 firmware/esp32/.pio/build/esp32/FrameworkArduino/Esp.cpp.d
 create mode 100644 firmware/esp32/.pio/build/esp32/FrameworkArduino/Esp.cpp.o
 create mode 100644 firmware/esp32/.pio/build/esp32/FrameworkArduino/FirmwareMSC.cpp.d
 create mode 100644 firmware/esp32/.pio/build/esp32/FrameworkArduino/FirmwareMSC.cpp.o
 create mode 100644 firmware/esp32/.pio/build/esp32/FrameworkArduino/FunctionalInterrupt.cpp.d
 create mode 100644 firmware/esp32/.pio/build/esp32/FrameworkArduino/FunctionalInterrupt.cpp.o
 create mode 100644 firmware/esp32/.pio/build/esp32/FrameworkArduino/HWCDC.cpp.d
 create mode 100644 firmware/esp32/.pio/build/esp32/FrameworkArduino/HWCDC.cpp.o
 create mode 100644 firmware/esp32/.pio/build/esp32/FrameworkArduino/HardwareSerial.cpp.d
 create mode 100644 firmware/esp32/.pio/build/esp32/FrameworkArduino/HardwareSerial.cpp.o
 create mode 100644 firmware/esp32/.pio/build/esp32/FrameworkArduino/IPAddress.cpp.d
 create mode 100644 firmware/esp32/.pio/build/esp32/FrameworkArduino/IPAddress.cpp.o
 create mode 100644 firmware/esp32/.pio/build/esp32/FrameworkArduino/IPv6Address.cpp.d
 create mode 100644 firmware/esp32/.pio/build/esp32/FrameworkArduino/IPv6Address.cpp.o
 create mode 100644 firmware/esp32/.pio/build/esp32/FrameworkArduino/MD5Builder.cpp.d
 create mode 100644 firmware/esp32/.pio/build/esp32/FrameworkArduino/MD5Builder.cpp.o
 create mode 100644 firmware/esp32/.pio/build/esp32/FrameworkArduino/Print.cpp.d
 create mode 100644 firmware/esp32/.pio/build/esp32/FrameworkArduino/Print.cpp.o
 create mode 100644 firmware/esp32/.pio/build/esp32/FrameworkArduino/Stream.cpp.d
 create mode 100644 firmware/esp32/.pio/build/esp32/FrameworkArduino/Stream.cpp.o
 create mode 100644 firmware/esp32/.pio/build/esp32/FrameworkArduino/StreamString.cpp.d
 create mode 100644 firmware/esp32/.pio/build/esp32/FrameworkArduino/StreamString.cpp.o
 create mode 100644 firmware/esp32/.pio/build/esp32/FrameworkArduino/Tone.cpp.d
 create mode 100644 firmware/esp32/.pio/build/esp32/FrameworkArduino/Tone.cpp.o
 create mode 100644 firmware/esp32/.pio/build/esp32/FrameworkArduino/USB.cpp.d
 create mode 100644 firmware/esp32/.pio/build/esp32/FrameworkArduino/USB.cpp.o
 create mode 100644 firmware/esp32/.pio/build/esp32/FrameworkArduino/USBCDC.cpp.d
 create mode 100644 firmware/esp32/.pio/build/esp32/FrameworkArduino/USBCDC.cpp.o
 create mode 100644 firmware/esp32/.pio/build/esp32/FrameworkArduino/USBMSC.cpp.d
 create mode 100644 firmware/esp32/.pio/build/esp32/FrameworkArduino/USBMSC.cpp.o
 create mode 100644 firmware/esp32/.pio/build/esp32/FrameworkArduino/WMath.cpp.d
 create mode 100644 firmware/esp32/.pio/build/esp32/FrameworkArduino/WMath.cpp.o
 create mode 100644 firmware/esp32/.pio/build/esp32/FrameworkArduino/WString.cpp.d
 create mode 100644 firmware/esp32/.pio/build/esp32/FrameworkArduino/WString.cpp.o
 create mode 100644 firmware/esp32/.pio/build/esp32/FrameworkArduino/base64.cpp.d
 create mode 100644 firmware/esp32/.pio/build/esp32/FrameworkArduino/base64.cpp.o
 create mode 100644 firmware/esp32/.pio/build/esp32/FrameworkArduino/cbuf.cpp.d
 create mode 100644 firmware/esp32/.pio/build/esp32/FrameworkArduino/cbuf.cpp.o
 create mode 100644 firmware/esp32/.pio/build/esp32/FrameworkArduino/esp32-hal-adc.c.d
 create mode 100644 firmware/esp32/.pio/build/esp32/FrameworkArduino/esp32-hal-adc.c.o
 create mode 100644 firmware/esp32/.pio/build/esp32/FrameworkArduino/esp32-hal-bt.c.d
 create mode 100644 firmware/esp32/.pio/build/esp32/FrameworkArduino/esp32-hal-bt.c.o
 create mode 100644 firmware/esp32/.pio/build/esp32/FrameworkArduino/esp32-hal-cpu.c.d
 create mode 100644 firmware/esp32/.pio/build/esp32/FrameworkArduino/esp32-hal-cpu.c.o
 create mode 100644 firmware/esp32/.pio/build/esp32/bootloader.bin
 create mode 100644 firmware/esp32/.pio/build/esp32/lib0fe/CAN/CANController.cpp.d
 create mode 100644 firmware/esp32/.pio/build/esp32/lib0fe/CAN/CANController.cpp.o
 create mode 100644 firmware/esp32/.pio/build/esp32/lib0fe/CAN/ESP32SJA1000.cpp.d
 create mode 100644 firmware/esp32/.pio/build/esp32/lib0fe/CAN/ESP32SJA1000.cpp.o
 create mode 100644 firmware/esp32/.pio/build/esp32/lib0fe/CAN/MCP2515.cpp.d
 create mode 100644 firmware/esp32/.pio/build/esp32/lib0fe/CAN/MCP2515.cpp.o
 create mode 100644 firmware/esp32/.pio/build/esp32/lib0fe/libCAN.a
 create mode 100644 firmware/esp32/.pio/build/esp32/lib169/SPI/SPI.cpp.d
 create mode 100644 firmware/esp32/.pio/build/esp32/lib169/SPI/SPI.cpp.o
 create mode 100644 firmware/esp32/.pio/build/esp32/lib169/libSPI.a
 create mode 100644 firmware/esp32/.pio/build/esp32/lib59a/MCP2515/MCP2515.cpp.d
 create mode 100644 firmware/esp32/.pio/build/esp32/lib59a/MCP2515/MCP2515.cpp.o
 create mode 100644 firmware/esp32/.pio/build/esp32/lib59a/libMCP2515.a
 create mode 100644 firmware/esp32/.pio/build/esp32/partitions.bin
 create mode 100644 firmware/esp32/.pio/build/esp32/src/drivers/can_bus.cpp.d
 create mode 100644 firmware/esp32/.pio/build/esp32/src/drivers/can_bus.cpp.o
 create mode 100644 firmware/esp32/.pio/build/esp32/src/drivers/cem_driver.cpp.d
 create mode 100644 firmware/esp32/.pio/build/esp32/src/drivers/encoder.cpp.d
 create mode 100644 firmware/esp32/.pio/build/esp32/src/drivers/encoder.cpp.o
 create mode 100644 firmware/esp32/.pio/build/esp32/src/drivers/ethercat.cpp.d
 create mode 100644 firmware/esp32/.pio/build/esp32/src/drivers/ethercat.cpp.o
 create mode 100644 firmware/esp32/.pio/build/esp32/src/drivers/fl_driver.cpp.d
 create mode 100644 firmware/esp32/.pio/build/esp32/src/drivers/fl_driver.cpp.o
 create mode 100644 firmware/esp32/.pio/build/esp32/src/drivers/rh_driver.cpp.d
 create mode 100644 firmware/esp32/.pio/build/esp32/src/drivers/rh_driver.cpp.o
 create mode 100644 firmware/esp32/.pio/build/esp32/src/drivers/rmd_h_driver.cpp.d
 create mode 100644 firmware/esp32/.pio/build/esp32/src/drivers/rmd_l_driver.cpp.d
 create mode 100644 firmware/esp32/.pio/build/esp32/src/drivers/rmd_x_driver.cpp.d
 create mode 100644 firmware/esp32/.pio/build/esp32/src/drivers/rs485.cpp.d
 create mode 100644 firmware/esp32/.pio/build/esp32/src/drivers/rs485.cpp.o
 create mode 100644 firmware/esp32/.pio/build/esp32/src/protocols/pal.cpp.d
 create mode 100644 firmware/esp32/.pio/build/esp32/src/utils/config.cpp.d
 create mode 100644 firmware/esp32/.pio/build/esp32/src/utils/config.cpp.o
 create mode 100644 firmware/esp32/.pio/build/esp32/src/utils/logger.cpp.d
 create mode 100644 firmware/esp32/.pio/build/esp32/src/utils/logger.cpp.o
 create mode 100644 firmware/esp32/.pio/build/esp32/src/utils/pid_controller.cpp.d
 create mode 100644 firmware/esp32/.pio/build/esp32/src/utils/pid_controller.cpp.o
 create mode 100644 firmware/esp32/.pio/build/esp32c3/.sconsign312.dblite
 create mode 100644 firmware/esp32/.pio/build/esp32c3/FrameworkArduino/Esp.cpp.d
 create mode 100644 firmware/esp32/.pio/build/esp32c3/FrameworkArduino/Esp.cpp.o
 create mode 100644 firmware/esp32/.pio/build/esp32c3/bootloader.bin
 create mode 100644 firmware/esp32/.pio/build/esp32c3/lib169/SPI/SPI.cpp.d
 create mode 100644 firmware/esp32/.pio/build/esp32c3/lib169/SPI/SPI.cpp.o
 create mode 100644 firmware/esp32/.pio/build/esp32c3/lib169/libSPI.a
 create mode 100644 firmware/esp32/.pio/build/esp32c3/lib7fe/MCP2515/MCP2515.cpp.d
 create mode 100644 firmware/esp32/.pio/build/esp32c3/lib7fe/MCP2515/MCP2515.cpp.o
 create mode 100644 firmware/esp32/.pio/build/esp32c3/lib7fe/libMCP2515.a
 create mode 100644 firmware/esp32/.pio/build/esp32c3/partitions.bin
 create mode 100644 firmware/esp32/.pio/build/esp32c3/src/drivers/can_bus.cpp.d
 create mode 100644 firmware/esp32/.pio/build/esp32c3/src/drivers/can_bus.cpp.o
 create mode 100644 firmware/esp32/.pio/build/esp32c3/src/drivers/cem_driver.cpp.d
 create mode 100644 firmware/esp32/.pio/build/esp32c3/src/drivers/encoder.cpp.d
 create mode 100644 firmware/esp32/.pio/build/esp32c3/src/drivers/encoder.cpp.o
 create mode 100644 firmware/esp32/.pio/build/esp32c3/src/drivers/ethercat.cpp.d
 create mode 100644 firmware/esp32/.pio/build/esp32c3/src/drivers/ethercat.cpp.o
 create mode 100644 firmware/esp32/.pio/build/esp32c3/src/drivers/fl_driver.cpp.d
 create mode 100644 firmware/esp32/.pio/build/esp32c3/src/drivers/fl_driver.cpp.o
 create mode 100644 firmware/esp32/.pio/build/esp32c3/src/drivers/rh_driver.cpp.d
 create mode 100644 firmware/esp32/.pio/build/esp32c3/src/drivers/rh_driver.cpp.o
 create mode 100644 firmware/esp32/.pio/build/esp32c3/src/drivers/rmd_l_driver.cpp.d
 create mode 100644 firmware/esp32/.pio/build/esp32c3/src/drivers/rmd_x_driver.cpp.d
 create mode 100644 firmware/esp32/.pio/build/esp32c3/src/drivers/rs485.cpp.d
 create mode 100644 firmware/esp32/.pio/build/esp32c3/src/drivers/rs485.cpp.o
 create mode 100644 firmware/esp32/.pio/build/esp32c3/src/protocols/pal.cpp.d
 create mode 100644 firmware/esp32/.pio/build/esp32c3/src/utils/config.cpp.d
 create mode 100644 firmware/esp32/.pio/build/esp32c3/src/utils/config.cpp.o
 create mode 100644 firmware/esp32/.pio/build/esp32c3/src/utils/logger.cpp.d
 create mode 100644 firmware/esp32/.pio/build/esp32c3/src/utils/logger.cpp.o
 create mode 100644 firmware/esp32/.pio/build/esp32c3/src/utils/pid_controller.cpp.d
 create mode 100644 firmware/esp32/.pio/build/esp32c3/src/utils/pid_controller.cpp.o
 create mode 100644 firmware/esp32/.pio/build/esp32s3/.sconsign312.dblite
 create mode 100644 firmware/esp32/.pio/build/esp32s3/FrameworkArduino/Esp.cpp.d
 create mode 100644 firmware/esp32/.pio/build/esp32s3/FrameworkArduino/Esp.cpp.o
 create mode 100644 firmware/esp32/.pio/build/esp32s3/FrameworkArduino/FirmwareMSC.cpp.d
 create mode 100644 firmware/esp32/.pio/build/esp32s3/FrameworkArduino/FirmwareMSC.cpp.o
 create mode 100644 firmware/esp32/.pio/build/esp32s3/bootloader.bin
 create mode 100644 firmware/esp32/.pio/build/esp32s3/lib169/SPI/SPI.cpp.d
 create mode 100644 firmware/esp32/.pio/build/esp32s3/lib169/SPI/SPI.cpp.o
 create mode 100644 firmware/esp32/.pio/build/esp32s3/lib169/libSPI.a
 create mode 100644 firmware/esp32/.pio/build/esp32s3/lib788/MCP2515/MCP2515.cpp.d
 create mode 100644 firmware/esp32/.pio/build/esp32s3/lib788/MCP2515/MCP2515.cpp.o
 create mode 100644 firmware/esp32/.pio/build/esp32s3/lib788/libMCP2515.a
 create mode 100644 firmware/esp32/.pio/build/esp32s3/partitions.bin
 create mode 100644 firmware/esp32/.pio/build/esp32s3/src/drivers/can_bus.cpp.d
 create mode 100644 firmware/esp32/.pio/build/esp32s3/src/drivers/can_bus.cpp.o
 create mode 100644 firmware/esp32/.pio/build/esp32s3/src/drivers/cem_driver.cpp.d
 create mode 100644 firmware/esp32/.pio/build/esp32s3/src/drivers/encoder.cpp.d
 create mode 100644 firmware/esp32/.pio/build/esp32s3/src/drivers/encoder.cpp.o
 create mode 100644 firmware/esp32/.pio/build/esp32s3/src/drivers/ethercat.cpp.d
 create mode 100644 firmware/esp32/.pio/build/esp32s3/src/drivers/ethercat.cpp.o
 create mode 100644 firmware/esp32/.pio/build/esp32s3/src/drivers/fl_driver.cpp.d
 create mode 100644 firmware/esp32/.pio/build/esp32s3/src/drivers/fl_driver.cpp.o
 create mode 100644 firmware/esp32/.pio/build/esp32s3/src/drivers/rh_driver.cpp.d
 create mode 100644 firmware/esp32/.pio/build/esp32s3/src/drivers/rh_driver.cpp.o
 create mode 100644 firmware/esp32/.pio/build/esp32s3/src/drivers/rmd_l_driver.cpp.d
 create mode 100644 firmware/esp32/.pio/build/esp32s3/src/drivers/rmd_x_driver.cpp.d
 create mode 100644 firmware/esp32/.pio/build/esp32s3/src/drivers/rs485.cpp.d
 create mode 100644 firmware/esp32/.pio/build/esp32s3/src/drivers/rs485.cpp.o
 create mode 100644 firmware/esp32/.pio/build/esp32s3/src/protocols/pal.cpp.d
 create mode 100644 firmware/esp32/.pio/build/esp32s3/src/utils/config.cpp.d
 create mode 100644 firmware/esp32/.pio/build/esp32s3/src/utils/config.cpp.o
 create mode 100644 firmware/esp32/.pio/build/esp32s3/src/utils/logger.cpp.d
 create mode 100644 firmware/esp32/.pio/build/esp32s3/src/utils/logger.cpp.o
 create mode 100644 firmware/esp32/.pio/build/esp32s3/src/utils/pid_controller.cpp.d
 create mode 100644 firmware/esp32/.pio/build/esp32s3/src/utils/pid_controller.cpp.o
 create mode 100644 firmware/esp32/.pio/build/project.checksum
 create mode 100644 firmware/esp32/.pio/libdeps/esp32/ArduinoJson/.piopm
 create mode 100644 firmware/esp32/.pio/libdeps/esp32/ArduinoJson/ArduinoJson.h
 create mode 100644 firmware/esp32/.pio/libdeps/esp32/ArduinoJson/LICENSE.txt
 create mode 100644 firmware/esp32/.pio/libdeps/esp32/ArduinoJson/README.md
 create mode 100644 firmware/esp32/.pio/libdeps/esp32/ArduinoJson/examples/JsonConfigFile/JsonConfigFile.ino
 create mode 100644 firmware/esp32/.pio/libdeps/esp32/ArduinoJson/examples/JsonFilterExample/JsonFilterExample.ino
 create mode 100644 firmware/esp32/.pio/libdeps/esp32/ArduinoJson/examples/JsonGeneratorExample/JsonGeneratorExample.ino
 create mode 100644 firmware/esp32/.pio/libdeps/esp32/ArduinoJson/examples/JsonHttpClient/JsonHttpClient.ino
 create mode 100644 firmware/esp32/.pio/libdeps/esp32/ArduinoJson/examples/JsonParserExample/JsonParserExample.ino
 create mode 100644 firmware/esp32/.pio/libdeps/esp32/ArduinoJson/examples/JsonServer/JsonServer.ino
 create mode 100644 firmware/esp32/.pio/libdeps/esp32/ArduinoJson/examples/JsonUdpBeacon/JsonUdpBeacon.ino
 create mode 100644 firmware/esp32/.pio/libdeps/esp32/ArduinoJson/examples/MsgPackParser/MsgPackParser.ino
 create mode 100644 firmware/esp32/.pio/libdeps/esp32/ArduinoJson/examples/ProgmemExample/ProgmemExample.ino
 create mode 100644 firmware/esp32/.pio/libdeps/esp32/ArduinoJson/examples/StringExample/StringExample.ino
 create mode 100644 firmware/esp32/.pio/libdeps/esp32/ArduinoJson/library.json
 create mode 100644 firmware/esp32/.pio/libdeps/esp32/ArduinoJson/library.properties
 create mode 100644 firmware/esp32/.pio/libdeps/esp32/ArduinoJson/src/ArduinoJson.h
 create mode 100644 firmware/esp32/.pio/libdeps/esp32/ArduinoJson/src/ArduinoJson.hpp
 create mode 100644 firmware/esp32/.pio/libdeps/esp32/ArduinoJson/src/ArduinoJson/Array/ElementProxy.hpp
 create mode 100644 firmware/esp32/.pio/libdeps/esp32/ArduinoJson/src/ArduinoJson/Array/JsonArray.hpp
 create mode 100644 firmware/esp32/.pio/libdeps/esp32/ArduinoJson/src/ArduinoJson/Array/JsonArrayConst.hpp
 create mode 100644 firmware/esp32/.pio/libdeps/esp32/ArduinoJson/src/ArduinoJson/Array/JsonArrayImpl.hpp
 create mode 100644 firmware/esp32/.pio/libdeps/esp32/ArduinoJson/src/ArduinoJson/Array/JsonArrayIterator.hpp
 create mode 100644 firmware/esp32/.pio/libdeps/esp32/ArduinoJson/src/ArduinoJson/Array/Utilities.hpp
 create mode 100644 firmware/esp32/.pio/libdeps/esp32/ArduinoJson/src/ArduinoJson/Collection/CollectionData.hpp
 create mode 100644 firmware/esp32/.pio/libdeps/esp32/ArduinoJson/src/ArduinoJson/Collection/CollectionImpl.hpp
 create mode 100644 firmware/esp32/.pio/libdeps/esp32/ArduinoJson/src/ArduinoJson/Configuration.hpp
 create mode 100644 firmware/esp32/.pio/libdeps/esp32/ArduinoJson/src/ArduinoJson/Deserialization/DeserializationError.hpp
 create mode 100644 firmware/esp32/.pio/libdeps/esp32/ArduinoJson/src/ArduinoJson/Deserialization/DeserializationOptions.hpp
 create mode 100644 firmware/esp32/.pio/libdeps/esp32/ArduinoJson/src/ArduinoJson/Deserialization/Filter.hpp
 create mode 100644 firmware/esp32/.pio/libdeps/esp32/ArduinoJson/src/ArduinoJson/Deserialization/NestingLimit.hpp
 create mode 100644 firmware/esp32/.pio/libdeps/esp32/ArduinoJson/src/ArduinoJson/Deserialization/Reader.hpp
 create mode 100644 firmware/esp32/.pio/libdeps/esp32/ArduinoJson/src/ArduinoJson/Deserialization/Readers/ArduinoStreamReader.hpp
 create mode 100644 firmware/esp32/.pio/libdeps/esp32/ArduinoJson/src/ArduinoJson/Deserialization/Readers/ArduinoStringReader.hpp
 create mode 100644 firmware/esp32/.pio/libdeps/esp32/ArduinoJson/src/ArduinoJson/Deserialization/Readers/FlashReader.hpp
 create mode 100644 firmware/esp32/.pio/libdeps/esp32/ArduinoJson/src/ArduinoJson/Deserialization/Readers/IteratorReader.hpp
 create mode 100644 firmware/esp32/.pio/libdeps/esp32/ArduinoJson/src/ArduinoJson/Deserialization/Readers/RamReader.hpp
 create mode 100644 firmware/esp32/.pio/libdeps/esp32/ArduinoJson/src/ArduinoJson/Deserialization/Readers/StdStreamReader.hpp
 create mode 100644 firmware/esp32/.pio/libdeps/esp32/ArduinoJson/src/ArduinoJson/Deserialization/Readers/VariantReader.hpp
 create mode 100644 firmware/esp32/.pio/libdeps/esp32/ArduinoJson/src/ArduinoJson/Deserialization/deserialize.hpp
 create mode 100644 firmware/esp32/.pio/libdeps/esp32/ArduinoJson/src/ArduinoJson/Document/BasicJsonDocument.hpp
 create mode 100644 firmware/esp32/.pio/libdeps/esp32/ArduinoJson/src/ArduinoJson/Document/DynamicJsonDocument.hpp
 create mode 100644 firmware/esp32/.pio/libdeps/esp32/ArduinoJson/src/ArduinoJson/Document/JsonDocument.hpp
 create mode 100644 firmware/esp32/.pio/libdeps/esp32/ArduinoJson/src/ArduinoJson/Document/StaticJsonDocument.hpp
 create mode 100644 firmware/esp32/.pio/libdeps/esp32/ArduinoJson/src/ArduinoJson/Json/EscapeSequence.hpp
 create mode 100644 firmware/esp32/.pio/libdeps/esp32/ArduinoJson/src/ArduinoJson/Json/JsonDeserializer.hpp
 create mode 100644 firmware/esp32/.pio/libdeps/esp32/ArduinoJson/src/ArduinoJson/Json/JsonSerializer.hpp
 create mode 100644 firmware/esp32/.pio/libdeps/esp32/ArduinoJson/src/ArduinoJson/Json/Latch.hpp
 create mode 100644 firmware/esp32/.pio/libdeps/esp32/ArduinoJson/src/ArduinoJson/Json/PrettyJsonSerializer.hpp
 create mode 100644 firmware/esp32/.pio/libdeps/esp32/ArduinoJson/src/ArduinoJson/Json/TextFormatter.hpp
 create mode 100644 firmware/esp32/.pio/libdeps/esp32/ArduinoJson/src/ArduinoJson/Json/Utf16.hpp
 create mode 100644 firmware/esp32/.pio/libdeps/esp32/ArduinoJson/src/ArduinoJson/Json/Utf8.hpp
 create mode 100644 firmware/esp32/.pio/libdeps/esp32/ArduinoJson/src/ArduinoJson/Memory/Alignment.hpp
 create mode 100644 firmware/esp32/.pio/libdeps/esp32/ArduinoJson/src/ArduinoJson/Memory/MemoryPool.hpp
 create mode 100644 firmware/esp32/.pio/libdeps/esp32/ArduinoJson/src/ArduinoJson/Misc/SerializedValue.hpp
 create mode 100644 firmware/esp32/.pio/libdeps/esp32/ArduinoJson/src/ArduinoJson/MsgPack/MsgPackDeserializer.hpp
 create mode 100644 firmware/esp32/.pio/libdeps/esp32/ArduinoJson/src/ArduinoJson/MsgPack/MsgPackSerializer.hpp
 create mode 100644 firmware/esp32/.pio/libdeps/esp32/ArduinoJson/src/ArduinoJson/MsgPack/endianness.hpp
 create mode 100644 firmware/esp32/.pio/libdeps/esp32/ArduinoJson/src/ArduinoJson/MsgPack/ieee754.hpp
 create mode 100644 firmware/esp32/.pio/libdeps/esp32/ArduinoJson/src/ArduinoJson/Namespace.hpp
 create mode 100644 firmware/esp32/.pio/libdeps/esp32/ArduinoJson/src/ArduinoJson/Numbers/FloatParts.hpp
 create mode 100644 firmware/esp32/.pio/libdeps/esp32/ArduinoJson/src/ArduinoJson/Numbers/FloatTraits.hpp
 create mode 100644 firmware/esp32/.pio/libdeps/esp32/ArduinoJson/src/ArduinoJson/Numbers/JsonFloat.hpp
 create mode 100644 firmware/esp32/.pio/libdeps/esp32/ArduinoJson/src/ArduinoJson/Numbers/JsonInteger.hpp
 create mode 100644 firmware/esp32/.pio/libdeps/esp32/ArduinoJson/src/ArduinoJson/Numbers/arithmeticCompare.hpp
 create mode 100644 firmware/esp32/.pio/libdeps/esp32/ArduinoJson/src/ArduinoJson/Numbers/convertNumber.hpp
 create mode 100644 firmware/esp32/.pio/libdeps/esp32/ArduinoJson/src/ArduinoJson/Numbers/parseNumber.hpp
 create mode 100644 firmware/esp32/.pio/libdeps/esp32/ArduinoJson/src/ArduinoJson/Object/JsonObject.hpp
 create mode 100644 firmware/esp32/.pio/libdeps/esp32/ArduinoJson/src/ArduinoJson/Object/JsonObjectConst.hpp
 create mode 100644 firmware/esp32/.pio/libdeps/esp32/ArduinoJson/src/ArduinoJson/Object/JsonObjectImpl.hpp
 create mode 100644 firmware/esp32/.pio/libdeps/esp32/ArduinoJson/src/ArduinoJson/Object/JsonObjectIterator.hpp
 create mode 100644 firmware/esp32/.pio/libdeps/esp32/ArduinoJson/src/ArduinoJson/Object/JsonPair.hpp
 create mode 100644 firmware/esp32/.pio/libdeps/esp32/ArduinoJson/src/ArduinoJson/Object/MemberProxy.hpp
 create mode 100644 firmware/esp32/.pio/libdeps/esp32/ArduinoJson/src/ArduinoJson/Polyfills/alias_cast.hpp
 create mode 100644 firmware/esp32/.pio/libdeps/esp32/ArduinoJson/src/ArduinoJson/Polyfills/assert.hpp
 create mode 100644 firmware/esp32/.pio/libdeps/esp32/ArduinoJson/src/ArduinoJson/Polyfills/attributes.hpp
 create mode 100644 firmware/esp32/.pio/libdeps/esp32/ArduinoJson/src/ArduinoJson/Polyfills/ctype.hpp
 create mode 100644 firmware/esp32/.pio/libdeps/esp32/ArduinoJson/src/ArduinoJson/Polyfills/integer.hpp
 create mode 100644 firmware/esp32/.pio/libdeps/esp32/ArduinoJson/src/ArduinoJson/Polyfills/limits.hpp
 create mode 100644 firmware/esp32/.pio/libdeps/esp32/ArduinoJson/src/ArduinoJson/Polyfills/math.hpp
 create mode 100644 firmware/esp32/.pio/libdeps/esp32/ArduinoJson/src/ArduinoJson/Polyfills/mpl/max.hpp
 create mode 100644 firmware/esp32/.pio/libdeps/esp32/ArduinoJson/src/ArduinoJson/Polyfills/pgmspace.hpp
 create mode 100644 firmware/esp32/.pio/libdeps/esp32/ArduinoJson/src/ArduinoJson/Polyfills/pgmspace_generic.hpp
 create mode 100644 firmware/esp32/.pio/libdeps/esp32/ArduinoJson/src/ArduinoJson/Polyfills/preprocessor.hpp
 create mode 100644 firmware/esp32/.pio/libdeps/esp32/ArduinoJson/src/ArduinoJson/Polyfills/type_traits.hpp
 create mode 100644 firmware/esp32/.pio/libdeps/esp32/ArduinoJson/src/ArduinoJson/Polyfills/type_traits/conditional.hpp
 create mode 100644 firmware/esp32/.pio/libdeps/esp32/ArduinoJson/src/ArduinoJson/Polyfills/type_traits/declval.hpp
 create mode 100644 firmware/esp32/.pio/libdeps/esp32/ArduinoJson/src/ArduinoJson/Polyfills/type_traits/enable_if.hpp
 create mode 100644 firmware/esp32/.pio/libdeps/esp32/ArduinoJson/src/ArduinoJson/Polyfills/type_traits/integral_constant.hpp
 create mode 100644 firmware/esp32/.pio/libdeps/esp32/ArduinoJson/src/ArduinoJson/Polyfills/type_traits/is_array.hpp
 create mode 100644 firmware/esp32/.pio/libdeps/esp32/ArduinoJson/src/ArduinoJson/Polyfills/type_traits/is_base_of.hpp
 create mode 100644 firmware/esp32/.pio/libdeps/esp32/ArduinoJson/src/ArduinoJson/Polyfills/type_traits/is_class.hpp
 create mode 100644 firmware/esp32/.pio/libdeps/esp32/ArduinoJson/src/ArduinoJson/Polyfills/type_traits/is_const.hpp
 create mode 100644 firmware/esp32/.pio/libdeps/esp32/ArduinoJson/src/ArduinoJson/Polyfills/type_traits/is_convertible.hpp
 create mode 100644 firmware/esp32/.pio/libdeps/esp32/ArduinoJson/src/ArduinoJson/Polyfills/type_traits/is_enum.hpp
 create mode 100644 firmware/esp32/.pio/libdeps/esp32/ArduinoJson/src/ArduinoJson/Polyfills/type_traits/is_floating_point.hpp
 create mode 100644 firmware/esp32/.pio/libdeps/esp32/ArduinoJson/src/ArduinoJson/Polyfills/type_traits/is_integral.hpp
 create mode 100644 firmware/esp32/.pio/libdeps/esp32/ArduinoJson/src/ArduinoJson/Polyfills/type_traits/is_pointer.hpp
 create mode 100644 firmware/esp32/.pio/libdeps/esp32/ArduinoJson/src/ArduinoJson/Polyfills/type_traits/is_same.hpp
 create mode 100644 firmware/esp32/.pio/libdeps/esp32/ArduinoJson/src/ArduinoJson/Polyfills/type_traits/is_signed.hpp
 create mode 100644 firmware/esp32/.pio/libdeps/esp32/ArduinoJson/src/ArduinoJson/Polyfills/type_traits/is_unsigned.hpp
 create mode 100644 firmware/esp32/.pio/libdeps/esp32/ArduinoJson/src/ArduinoJson/Polyfills/type_traits/make_unsigned.hpp
 create mode 100644 firmware/esp32/.pio/libdeps/esp32/ArduinoJson/src/ArduinoJson/Polyfills/type_traits/make_void.hpp
 create mode 100644 firmware/esp32/.pio/libdeps/esp32/ArduinoJson/src/ArduinoJson/Polyfills/type_traits/remove_const.hpp
 create mode 100644 firmware/esp32/.pio/libdeps/esp32/ArduinoJson/src/ArduinoJson/Polyfills/type_traits/remove_cv.hpp
 create mode 100644 firmware/esp32/.pio/libdeps/esp32/ArduinoJson/src/ArduinoJson/Polyfills/type_traits/remove_reference.hpp
 create mode 100644 firmware/esp32/.pio/libdeps/esp32/ArduinoJson/src/ArduinoJson/Polyfills/type_traits/type_identity.hpp
 create mode 100644 firmware/esp32/.pio/libdeps/esp32/ArduinoJson/src/ArduinoJson/Polyfills/utility.hpp
 create mode 100644 firmware/esp32/.pio/libdeps/esp32/ArduinoJson/src/ArduinoJson/Serialization/CountingDecorator.hpp
 create mode 100644 firmware/esp32/.pio/libdeps/esp32/ArduinoJson/src/ArduinoJson/Serialization/Writer.hpp
 create mode 100644 firmware/esp32/.pio/libdeps/esp32/ArduinoJson/src/ArduinoJson/Serialization/Writers/ArduinoStringWriter.hpp
 create mode 100644 firmware/esp32/.pio/libdeps/esp32/ArduinoJson/src/ArduinoJson/Serialization/Writers/DummyWriter.hpp
 create mode 100644 firmware/esp32/.pio/libdeps/esp32/ArduinoJson/src/ArduinoJson/Serialization/Writers/PrintWriter.hpp
 create mode 100644 firmware/esp32/.pio/libdeps/esp32/ArduinoJson/src/ArduinoJson/Serialization/Writers/StaticStringWriter.hpp
 create mode 100644 firmware/esp32/.pio/libdeps/esp32/ArduinoJson/src/ArduinoJson/Serialization/Writers/StdStreamWriter.hpp
 create mode 100644 firmware/esp32/.pio/libdeps/esp32/ArduinoJson/src/ArduinoJson/Serialization/Writers/StdStringWriter.hpp
 create mode 100644 firmware/esp32/.pio/libdeps/esp32/ArduinoJson/src/ArduinoJson/Serialization/measure.hpp
 create mode 100644 firmware/esp32/.pio/libdeps/esp32/ArduinoJson/src/ArduinoJson/Serialization/serialize.hpp
 create mode 100644 firmware/esp32/.pio/libdeps/esp32/ArduinoJson/src/ArduinoJson/StringStorage/StringCopier.hpp
 create mode 100644 firmware/esp32/.pio/libdeps/esp32/ArduinoJson/src/ArduinoJson/StringStorage/StringMover.hpp
 create mode 100644 firmware/esp32/.pio/libdeps/esp32/ArduinoJson/src/ArduinoJson/StringStorage/StringStorage.hpp
 create mode 100644 firmware/esp32/.pio/libdeps/esp32/ArduinoJson/src/ArduinoJson/Strings/Adapters/FlashString.hpp
 create mode 100644 firmware/esp32/.pio/libdeps/esp32/ArduinoJson/src/ArduinoJson/Strings/Adapters/JsonString.hpp
 create mode 100644 firmware/esp32/.pio/libdeps/esp32/ArduinoJson/src/ArduinoJson/Strings/Adapters/RamString.hpp
 create mode 100644 firmware/esp32/.pio/libdeps/esp32/ArduinoJson/src/ArduinoJson/Strings/Adapters/StringObject.hpp
 create mode 100644 firmware/esp32/.pio/libdeps/esp32/ArduinoJson/src/ArduinoJson/Strings/IsString.hpp
 create mode 100644 firmware/esp32/.pio/libdeps/esp32/ArduinoJson/src/ArduinoJson/Strings/JsonString.hpp
 create mode 100644 firmware/esp32/.pio/libdeps/esp32/ArduinoJson/src/ArduinoJson/Strings/StoragePolicy.hpp
 create mode 100644 firmware/esp32/.pio/libdeps/esp32/ArduinoJson/src/ArduinoJson/Strings/StringAdapter.hpp
 create mode 100644 firmware/esp32/.pio/libdeps/esp32/ArduinoJson/src/ArduinoJson/Strings/StringAdapters.hpp
 create mode 100644 firmware/esp32/.pio/libdeps/esp32/ArduinoJson/src/ArduinoJson/Strings/StringTraits.hpp
 create mode 100644 firmware/esp32/.pio/libdeps/esp32/ArduinoJson/src/ArduinoJson/Variant/Converter.hpp
 create mode 100644 firmware/esp32/.pio/libdeps/esp32/ArduinoJson/src/ArduinoJson/Variant/ConverterImpl.hpp
 create mode 100644 firmware/esp32/.pio/libdeps/esp32/ArduinoJson/src/ArduinoJson/Variant/JsonVariant.hpp
 create mode 100644 firmware/esp32/.pio/libdeps/esp32/ArduinoJson/src/ArduinoJson/Variant/JsonVariantConst.hpp
 create mode 100644 firmware/esp32/.pio/libdeps/esp32/ArduinoJson/src/ArduinoJson/Variant/SlotFunctions.hpp
 create mode 100644 firmware/esp32/.pio/libdeps/esp32/ArduinoJson/src/ArduinoJson/Variant/VariantAttorney.hpp
 create mode 100644 firmware/esp32/.pio/libdeps/esp32/ArduinoJson/src/ArduinoJson/Variant/VariantCompare.hpp
 create mode 100644 firmware/esp32/.pio/libdeps/esp32/ArduinoJson/src/ArduinoJson/Variant/VariantContent.hpp
 create mode 100644 firmware/esp32/.pio/libdeps/esp32/ArduinoJson/src/ArduinoJson/Variant/VariantData.hpp
 create mode 100644 firmware/esp32/.pio/libdeps/esp32/ArduinoJson/src/ArduinoJson/Variant/VariantFunctions.hpp
 create mode 100644 firmware/esp32/.pio/libdeps/esp32/ArduinoJson/src/ArduinoJson/Variant/VariantImpl.hpp
 create mode 100644 firmware/esp32/.pio/libdeps/esp32/ArduinoJson/src/ArduinoJson/Variant/VariantOperators.hpp
 create mode 100644 firmware/esp32/.pio/libdeps/esp32/ArduinoJson/src/ArduinoJson/Variant/VariantRefBase.hpp
 create mode 100644 firmware/esp32/.pio/libdeps/esp32/ArduinoJson/src/ArduinoJson/Variant/VariantSlot.hpp
 create mode 100644 firmware/esp32/.pio/libdeps/esp32/ArduinoJson/src/ArduinoJson/Variant/VariantTag.hpp
 create mode 100644 firmware/esp32/.pio/libdeps/esp32/ArduinoJson/src/ArduinoJson/Variant/VariantTo.hpp
 create mode 100644 firmware/esp32/.pio/libdeps/esp32/ArduinoJson/src/ArduinoJson/Variant/Visitor.hpp
 create mode 100644 firmware/esp32/.pio/libdeps/esp32/ArduinoJson/src/ArduinoJson/compatibility.hpp
 create mode 100644 firmware/esp32/.pio/libdeps/esp32/ArduinoJson/src/ArduinoJson/version.hpp
 create mode 100644 firmware/esp32/.pio/libdeps/esp32/ArduinoJson/src/CMakeLists.txt
 create mode 100644 firmware/esp32/.pio/libdeps/esp32/CAN/.piopm
 create mode 100644 firmware/esp32/.pio/libdeps/esp32/CAN/.travis.yml
 create mode 100644 firmware/esp32/.pio/libdeps/esp32/CAN/API.md
 create mode 100644 firmware/esp32/.pio/libdeps/esp32/CAN/LICENSE
 create mode 100644 firmware/esp32/.pio/libdeps/esp32/CAN/README.md
 create mode 100644 firmware/esp32/.pio/libdeps/esp32/CAN/examples/CANReceiver/CANReceiver.ino
 create mode 100644 firmware/esp32/.pio/libdeps/esp32/CAN/examples/CANReceiverCallback/CANReceiverCallback.ino
 create mode 100644 firmware/esp32/.pio/libdeps/esp32/CAN/examples/CANSender/CANSender.ino
 create mode 100644 firmware/esp32/.pio/libdeps/esp32/CAN/examples/OBDII/EngineRPM/EngineRPM.ino
 create mode 100644 firmware/esp32/.pio/libdeps/esp32/CAN/examples/OBDII/SupportedPIDs/SupportedPIDs.ino
 create mode 100644 firmware/esp32/.pio/libdeps/esp32/CAN/examples/OBDII/VINReader/VINReader.ino
 create mode 100644 firmware/esp32/.pio/libdeps/esp32/CAN/keywords.txt
 create mode 100644 firmware/esp32/.pio/libdeps/esp32/CAN/library.properties
 create mode 100644 firmware/esp32/.pio/libdeps/esp32/CAN/src/CAN.h
 create mode 100644 firmware/esp32/.pio/libdeps/esp32/CAN/src/CANController.cpp
 create mode 100644 firmware/esp32/.pio/libdeps/esp32/CAN/src/CANController.h
 create mode 100644 firmware/esp32/.pio/libdeps/esp32/CAN/src/ESP32SJA1000.cpp
 create mode 100644 firmware/esp32/.pio/libdeps/esp32/CAN/src/ESP32SJA1000.h
 create mode 100644 firmware/esp32/.pio/libdeps/esp32/CAN/src/MCP2515.cpp
 create mode 100644 firmware/esp32/.pio/libdeps/esp32/CAN/src/MCP2515.h
 create mode 100644 firmware/esp32/.pio/libdeps/esp32/MCP2515/.piopm
 create mode 100644 firmware/esp32/.pio/libdeps/esp32/MCP2515/MCP2515.cpp
 create mode 100644 firmware/esp32/.pio/libdeps/esp32/MCP2515/MCP2515.h
 create mode 100644 firmware/esp32/.pio/libdeps/esp32/MCP2515/examples/Example/Example.ino
 create mode 100644 firmware/esp32/.pio/libdeps/esp32/MCP2515/library.json
 create mode 100644 firmware/esp32/.pio/libdeps/esp32/MCP2515/library.properties
 create mode 100644 firmware/esp32/.pio/libdeps/esp32/integrity.dat
 create mode 100644 firmware/esp32/.pio/libdeps/esp32c3/ArduinoJson/.piopm
 create mode 100644 firmware/esp32/.pio/libdeps/esp32c3/ArduinoJson/ArduinoJson.h
 create mode 100644 firmware/esp32/.pio/libdeps/esp32c3/ArduinoJson/LICENSE.txt
 create mode 100644 firmware/esp32/.pio/libdeps/esp32c3/ArduinoJson/README.md
 create mode 100644 firmware/esp32/.pio/libdeps/esp32c3/ArduinoJson/examples/JsonConfigFile/JsonConfigFile.ino
 create mode 100644 firmware/esp32/.pio/libdeps/esp32c3/ArduinoJson/examples/JsonFilterExample/JsonFilterExample.ino
 create mode 100644 firmware/esp32/.pio/libdeps/esp32c3/ArduinoJson/examples/JsonGeneratorExample/JsonGeneratorExample.ino
 create mode 100644 firmware/esp32/.pio/libdeps/esp32c3/ArduinoJson/examples/JsonHttpClient/JsonHttpClient.ino
 create mode 100644 firmware/esp32/.pio/libdeps/esp32c3/ArduinoJson/examples/JsonParserExample/JsonParserExample.ino
 create mode 100644 firmware/esp32/.pio/libdeps/esp32c3/ArduinoJson/examples/JsonServer/JsonServer.ino
 create mode 100644 firmware/esp32/.pio/libdeps/esp32c3/ArduinoJson/examples/JsonUdpBeacon/JsonUdpBeacon.ino
 create mode 100644 firmware/esp32/.pio/libdeps/esp32c3/ArduinoJson/examples/MsgPackParser/MsgPackParser.ino
 create mode 100644 firmware/esp32/.pio/libdeps/esp32c3/ArduinoJson/examples/ProgmemExample/ProgmemExample.ino
 create mode 100644 firmware/esp32/.pio/libdeps/esp32c3/ArduinoJson/examples/StringExample/StringExample.ino
 create mode 100644 firmware/esp32/.pio/libdeps/esp32c3/ArduinoJson/library.json
 create mode 100644 firmware/esp32/.pio/libdeps/esp32c3/ArduinoJson/library.properties
 create mode 100644 firmware/esp32/.pio/libdeps/esp32c3/ArduinoJson/src/ArduinoJson.h
 create mode 100644 firmware/esp32/.pio/libdeps/esp32c3/ArduinoJson/src/ArduinoJson.hpp
 create mode 100644 firmware/esp32/.pio/libdeps/esp32c3/ArduinoJson/src/ArduinoJson/Array/ArrayData.hpp
 create mode 100644 firmware/esp32/.pio/libdeps/esp32c3/ArduinoJson/src/ArduinoJson/Array/ArrayImpl.hpp
 create mode 100644 firmware/esp32/.pio/libdeps/esp32c3/ArduinoJson/src/ArduinoJson/Array/ElementProxy.hpp
 create mode 100644 firmware/esp32/.pio/libdeps/esp32c3/ArduinoJson/src/ArduinoJson/Array/JsonArray.hpp
 create mode 100644 firmware/esp32/.pio/libdeps/esp32c3/ArduinoJson/src/ArduinoJson/Array/JsonArrayConst.hpp
 create mode 100644 firmware/esp32/.pio/libdeps/esp32c3/ArduinoJson/src/ArduinoJson/Array/JsonArrayIterator.hpp
 create mode 100644 firmware/esp32/.pio/libdeps/esp32c3/ArduinoJson/src/ArduinoJson/Array/Utilities.hpp
 create mode 100644 firmware/esp32/.pio/libdeps/esp32c3/ArduinoJson/src/ArduinoJson/Collection/CollectionData.hpp
 create mode 100644 firmware/esp32/.pio/libdeps/esp32c3/ArduinoJson/src/ArduinoJson/Collection/CollectionImpl.hpp
 create mode 100644 firmware/esp32/.pio/libdeps/esp32c3/ArduinoJson/src/ArduinoJson/Configuration.hpp
 create mode 100644 firmware/esp32/.pio/libdeps/esp32c3/ArduinoJson/src/ArduinoJson/Deserialization/DeserializationError.hpp
 create mode 100644 firmware/esp32/.pio/libdeps/esp32c3/ArduinoJson/src/ArduinoJson/Deserialization/DeserializationOptions.hpp
 create mode 100644 firmware/esp32/.pio/libdeps/esp32c3/ArduinoJson/src/ArduinoJson/Deserialization/Filter.hpp
 create mode 100644 firmware/esp32/.pio/libdeps/esp32c3/ArduinoJson/src/ArduinoJson/Deserialization/NestingLimit.hpp
 create mode 100644 firmware/esp32/.pio/libdeps/esp32c3/ArduinoJson/src/ArduinoJson/Deserialization/Reader.hpp
 create mode 100644 firmware/esp32/.pio/libdeps/esp32c3/ArduinoJson/src/ArduinoJson/Deserialization/Readers/ArduinoStreamReader.hpp
 create mode 100644 firmware/esp32/.pio/libdeps/esp32c3/ArduinoJson/src/ArduinoJson/Deserialization/Readers/ArduinoStringReader.hpp
 create mode 100644 firmware/esp32/.pio/libdeps/esp32c3/ArduinoJson/src/ArduinoJson/Deserialization/Readers/FlashReader.hpp
 create mode 100644 firmware/esp32/.pio/libdeps/esp32c3/ArduinoJson/src/ArduinoJson/Deserialization/Readers/IteratorReader.hpp
 create mode 100644 firmware/esp32/.pio/libdeps/esp32c3/ArduinoJson/src/ArduinoJson/Deserialization/Readers/RamReader.hpp
 create mode 100644 firmware/esp32/.pio/libdeps/esp32c3/ArduinoJson/src/ArduinoJson/Deserialization/Readers/StdStreamReader.hpp
 create mode 100644 firmware/esp32/.pio/libdeps/esp32c3/ArduinoJson/src/ArduinoJson/Deserialization/Readers/VariantReader.hpp
 create mode 100644 firmware/esp32/.pio/libdeps/esp32c3/ArduinoJson/src/ArduinoJson/Deserialization/deserialize.hpp
 create mode 100644 firmware/esp32/.pio/libdeps/esp32c3/ArduinoJson/src/ArduinoJson/Document/JsonDocument.hpp
 create mode 100644 firmware/esp32/.pio/libdeps/esp32c3/ArduinoJson/src/ArduinoJson/Json/EscapeSequence.hpp
 create mode 100644 firmware/esp32/.pio/libdeps/esp32c3/ArduinoJson/src/ArduinoJson/Json/JsonDeserializer.hpp
 create mode 100644 firmware/esp32/.pio/libdeps/esp32c3/ArduinoJson/src/ArduinoJson/Json/JsonSerializer.hpp
 create mode 100644 firmware/esp32/.pio/libdeps/esp32c3/ArduinoJson/src/ArduinoJson/Json/Latch.hpp
 create mode 100644 firmware/esp32/.pio/libdeps/esp32c3/ArduinoJson/src/ArduinoJson/Json/PrettyJsonSerializer.hpp
 create mode 100644 firmware/esp32/.pio/libdeps/esp32c3/ArduinoJson/src/ArduinoJson/Json/TextFormatter.hpp
 create mode 100644 firmware/esp32/.pio/libdeps/esp32c3/ArduinoJson/src/ArduinoJson/Json/Utf16.hpp
 create mode 100644 firmware/esp32/.pio/libdeps/esp32c3/ArduinoJson/src/ArduinoJson/Json/Utf8.hpp
 create mode 100644 firmware/esp32/.pio/libdeps/esp32c3/ArduinoJson/src/ArduinoJson/Memory/Alignment.hpp
 create mode 100644 firmware/esp32/.pio/libdeps/esp32c3/ArduinoJson/src/ArduinoJson/Memory/Allocator.hpp
 create mode 100644 firmware/esp32/.pio/libdeps/esp32c3/ArduinoJson/src/ArduinoJson/Memory/MemoryPool.hpp
 create mode 100644 firmware/esp32/.pio/libdeps/esp32c3/ArduinoJson/src/ArduinoJson/Memory/MemoryPoolList.hpp
 create mode 100644 firmware/esp32/.pio/libdeps/esp32c3/ArduinoJson/src/ArduinoJson/Memory/ResourceManager.hpp
 create mode 100644 firmware/esp32/.pio/libdeps/esp32c3/ArduinoJson/src/ArduinoJson/Memory/ResourceManagerImpl.hpp
 create mode 100644 firmware/esp32/.pio/libdeps/esp32c3/ArduinoJson/src/ArduinoJson/Memory/StringBuffer.hpp
 create mode 100644 firmware/esp32/.pio/libdeps/esp32c3/ArduinoJson/src/ArduinoJson/Memory/StringBuilder.hpp
 create mode 100644 firmware/esp32/.pio/libdeps/esp32c3/ArduinoJson/src/ArduinoJson/Memory/StringNode.hpp
 create mode 100644 firmware/esp32/.pio/libdeps/esp32c3/ArduinoJson/src/ArduinoJson/Memory/StringPool.hpp
 create mode 100644 firmware/esp32/.pio/libdeps/esp32c3/ArduinoJson/src/ArduinoJson/Misc/SerializedValue.hpp
 create mode 100644 firmware/esp32/.pio/libdeps/esp32c3/ArduinoJson/src/ArduinoJson/MsgPack/MsgPackBinary.hpp
 create mode 100644 firmware/esp32/.pio/libdeps/esp32c3/ArduinoJson/src/ArduinoJson/MsgPack/MsgPackDeserializer.hpp
 create mode 100644 firmware/esp32/.pio/libdeps/esp32c3/ArduinoJson/src/ArduinoJson/MsgPack/MsgPackExtension.hpp
 create mode 100644 firmware/esp32/.pio/libdeps/esp32c3/ArduinoJson/src/ArduinoJson/MsgPack/MsgPackSerializer.hpp
 create mode 100644 firmware/esp32/.pio/libdeps/esp32c3/ArduinoJson/src/ArduinoJson/MsgPack/endianness.hpp
 create mode 100644 firmware/esp32/.pio/libdeps/esp32c3/ArduinoJson/src/ArduinoJson/MsgPack/ieee754.hpp
 create mode 100644 firmware/esp32/.pio/libdeps/esp32c3/ArduinoJson/src/ArduinoJson/Namespace.hpp
 create mode 100644 firmware/esp32/.pio/libdeps/esp32c3/ArduinoJson/src/ArduinoJson/Numbers/FloatParts.hpp
 create mode 100644 firmware/esp32/.pio/libdeps/esp32c3/ArduinoJson/src/ArduinoJson/Numbers/FloatTraits.hpp
 create mode 100644 firmware/esp32/.pio/libdeps/esp32c3/ArduinoJson/src/ArduinoJson/Numbers/JsonFloat.hpp
 create mode 100644 firmware/esp32/.pio/libdeps/esp32c3/ArduinoJson/src/ArduinoJson/Numbers/JsonInteger.hpp
 create mode 100644 firmware/esp32/.pio/libdeps/esp32c3/ArduinoJson/src/ArduinoJson/Numbers/arithmeticCompare.hpp
 create mode 100644 firmware/esp32/.pio/libdeps/esp32c3/ArduinoJson/src/ArduinoJson/Numbers/convertNumber.hpp
 create mode 100644 firmware/esp32/.pio/libdeps/esp32c3/ArduinoJson/src/ArduinoJson/Numbers/parseNumber.hpp
 create mode 100644 firmware/esp32/.pio/libdeps/esp32c3/ArduinoJson/src/ArduinoJson/Object/JsonObject.hpp
 create mode 100644 firmware/esp32/.pio/libdeps/esp32c3/ArduinoJson/src/ArduinoJson/Object/JsonObjectConst.hpp
 create mode 100644 firmware/esp32/.pio/libdeps/esp32c3/ArduinoJson/src/ArduinoJson/Object/JsonObjectIterator.hpp
 create mode 100644 firmware/esp32/.pio/libdeps/esp32c3/ArduinoJson/src/ArduinoJson/Object/JsonPair.hpp
 create mode 100644 firmware/esp32/.pio/libdeps/esp32c3/ArduinoJson/src/ArduinoJson/Object/MemberProxy.hpp
 create mode 100644 firmware/esp32/.pio/libdeps/esp32c3/ArduinoJson/src/ArduinoJson/Object/ObjectData.hpp
 create mode 100644 firmware/esp32/.pio/libdeps/esp32c3/ArduinoJson/src/ArduinoJson/Object/ObjectImpl.hpp
 create mode 100644 firmware/esp32/.pio/libdeps/esp32c3/ArduinoJson/src/ArduinoJson/Polyfills/alias_cast.hpp
 create mode 100644 firmware/esp32/.pio/libdeps/esp32c3/ArduinoJson/src/ArduinoJson/Polyfills/assert.hpp
 create mode 100644 firmware/esp32/.pio/libdeps/esp32c3/ArduinoJson/src/ArduinoJson/Polyfills/attributes.hpp
 create mode 100644 firmware/esp32/.pio/libdeps/esp32c3/ArduinoJson/src/ArduinoJson/Polyfills/ctype.hpp
 create mode 100644 firmware/esp32/.pio/libdeps/esp32c3/ArduinoJson/src/ArduinoJson/Polyfills/integer.hpp
 create mode 100644 firmware/esp32/.pio/libdeps/esp32c3/ArduinoJson/src/ArduinoJson/Polyfills/limits.hpp
 create mode 100644 firmware/esp32/.pio/libdeps/esp32c3/ArduinoJson/src/ArduinoJson/Polyfills/math.hpp
 create mode 100644 firmware/esp32/.pio/libdeps/esp32c3/ArduinoJson/src/ArduinoJson/Polyfills/mpl/max.hpp
 create mode 100644 firmware/esp32/.pio/libdeps/esp32c3/ArduinoJson/src/ArduinoJson/Polyfills/pgmspace.hpp
 create mode 100644 firmware/esp32/.pio/libdeps/esp32c3/ArduinoJson/src/ArduinoJson/Polyfills/pgmspace_generic.hpp
 create mode 100644 firmware/esp32/.pio/libdeps/esp32c3/ArduinoJson/src/ArduinoJson/Polyfills/preprocessor.hpp
 create mode 100644 firmware/esp32/.pio/libdeps/esp32c3/ArduinoJson/src/ArduinoJson/Polyfills/type_traits.hpp
 create mode 100644 firmware/esp32/.pio/libdeps/esp32c3/ArduinoJson/src/ArduinoJson/Polyfills/type_traits/conditional.hpp
 create mode 100644 firmware/esp32/.pio/libdeps/esp32c3/ArduinoJson/src/ArduinoJson/Polyfills/type_traits/decay.hpp
 create mode 100644 firmware/esp32/.pio/libdeps/esp32c3/ArduinoJson/src/ArduinoJson/Polyfills/type_traits/declval.hpp
 create mode 100644 firmware/esp32/.pio/libdeps/esp32c3/ArduinoJson/src/ArduinoJson/Polyfills/type_traits/enable_if.hpp
 create mode 100644 firmware/esp32/.pio/libdeps/esp32c3/ArduinoJson/src/ArduinoJson/Polyfills/type_traits/function_traits.hpp
 create mode 100644 firmware/esp32/.pio/libdeps/esp32c3/ArduinoJson/src/ArduinoJson/Polyfills/type_traits/integral_constant.hpp
 create mode 100644 firmware/esp32/.pio/libdeps/esp32c3/ArduinoJson/src/ArduinoJson/Polyfills/type_traits/is_array.hpp
 create mode 100644 firmware/esp32/.pio/libdeps/esp32c3/ArduinoJson/src/ArduinoJson/Polyfills/type_traits/is_base_of.hpp
 create mode 100644 firmware/esp32/.pio/libdeps/esp32c3/ArduinoJson/src/ArduinoJson/Polyfills/type_traits/is_class.hpp
 create mode 100644 firmware/esp32/.pio/libdeps/esp32c3/ArduinoJson/src/ArduinoJson/Polyfills/type_traits/is_const.hpp
 create mode 100644 firmware/esp32/.pio/libdeps/esp32c3/ArduinoJson/src/ArduinoJson/Polyfills/type_traits/is_convertible.hpp
 create mode 100644 firmware/esp32/.pio/libdeps/esp32c3/ArduinoJson/src/ArduinoJson/Polyfills/type_traits/is_enum.hpp
 create mode 100644 firmware/esp32/.pio/libdeps/esp32c3/ArduinoJson/src/ArduinoJson/Polyfills/type_traits/is_floating_point.hpp
 create mode 100644 firmware/esp32/.pio/libdeps/esp32c3/ArduinoJson/src/ArduinoJson/Polyfills/type_traits/is_integral.hpp
 create mode 100644 firmware/esp32/.pio/libdeps/esp32c3/ArduinoJson/src/ArduinoJson/Polyfills/type_traits/is_pointer.hpp
 create mode 100644 firmware/esp32/.pio/libdeps/esp32c3/ArduinoJson/src/ArduinoJson/Polyfills/type_traits/is_same.hpp
 create mode 100644 firmware/esp32/.pio/libdeps/esp32c3/ArduinoJson/src/ArduinoJson/Polyfills/type_traits/is_signed.hpp
 create mode 100644 firmware/esp32/.pio/libdeps/esp32c3/ArduinoJson/src/ArduinoJson/Polyfills/type_traits/is_unsigned.hpp
 create mode 100644 firmware/esp32/.pio/libdeps/esp32c3/ArduinoJson/src/ArduinoJson/Polyfills/type_traits/make_unsigned.hpp
 create mode 100644 firmware/esp32/.pio/libdeps/esp32c3/ArduinoJson/src/ArduinoJson/Polyfills/type_traits/remove_const.hpp
 create mode 100644 firmware/esp32/.pio/libdeps/esp32c3/ArduinoJson/src/ArduinoJson/Polyfills/type_traits/remove_cv.hpp
 create mode 100644 firmware/esp32/.pio/libdeps/esp32c3/ArduinoJson/src/ArduinoJson/Polyfills/type_traits/remove_reference.hpp
 create mode 100644 firmware/esp32/.pio/libdeps/esp32c3/ArduinoJson/src/ArduinoJson/Polyfills/type_traits/type_identity.hpp
 create mode 100644 firmware/esp32/.pio/libdeps/esp32c3/ArduinoJson/src/ArduinoJson/Polyfills/type_traits/void_t.hpp
 create mode 100644 firmware/esp32/.pio/libdeps/esp32c3/ArduinoJson/src/ArduinoJson/Polyfills/utility.hpp
 create mode 100644 firmware/esp32/.pio/libdeps/esp32c3/ArduinoJson/src/ArduinoJson/Serialization/CountingDecorator.hpp
 create mode 100644 firmware/esp32/.pio/libdeps/esp32c3/ArduinoJson/src/ArduinoJson/Serialization/Writer.hpp
 create mode 100644 firmware/esp32/.pio/libdeps/esp32c3/ArduinoJson/src/ArduinoJson/Serialization/Writers/ArduinoStringWriter.hpp
 create mode 100644 firmware/esp32/.pio/libdeps/esp32c3/ArduinoJson/src/ArduinoJson/Serialization/Writers/DummyWriter.hpp
 create mode 100644 firmware/esp32/.pio/libdeps/esp32c3/ArduinoJson/src/ArduinoJson/Serialization/Writers/PrintWriter.hpp
 create mode 100644 firmware/esp32/.pio/libdeps/esp32c3/ArduinoJson/src/ArduinoJson/Serialization/Writers/StaticStringWriter.hpp
 create mode 100644 firmware/esp32/.pio/libdeps/esp32c3/ArduinoJson/src/ArduinoJson/Serialization/Writers/StdStreamWriter.hpp
 create mode 100644 firmware/esp32/.pio/libdeps/esp32c3/ArduinoJson/src/ArduinoJson/Serialization/Writers/StdStringWriter.hpp
 create mode 100644 firmware/esp32/.pio/libdeps/esp32c3/ArduinoJson/src/ArduinoJson/Serialization/measure.hpp
 create mode 100644 firmware/esp32/.pio/libdeps/esp32c3/ArduinoJson/src/ArduinoJson/Serialization/serialize.hpp
 create mode 100644 firmware/esp32/.pio/libdeps/esp32c3/ArduinoJson/src/ArduinoJson/Strings/Adapters/FlashString.hpp
 create mode 100644 firmware/esp32/.pio/libdeps/esp32c3/ArduinoJson/src/ArduinoJson/Strings/Adapters/RamString.hpp
 create mode 100644 firmware/esp32/.pio/libdeps/esp32c3/ArduinoJson/src/ArduinoJson/Strings/Adapters/StringObject.hpp
 create mode 100644 firmware/esp32/.pio/libdeps/esp32c3/ArduinoJson/src/ArduinoJson/Strings/IsString.hpp
 create mode 100644 firmware/esp32/.pio/libdeps/esp32c3/ArduinoJson/src/ArduinoJson/Strings/JsonString.hpp
 create mode 100644 firmware/esp32/.pio/libdeps/esp32c3/ArduinoJson/src/ArduinoJson/Strings/StringAdapter.hpp
 create mode 100644 firmware/esp32/.pio/libdeps/esp32c3/ArduinoJson/src/ArduinoJson/Strings/StringAdapters.hpp
 create mode 100644 firmware/esp32/.pio/libdeps/esp32c3/ArduinoJson/src/ArduinoJson/Strings/StringTraits.hpp
 create mode 100644 firmware/esp32/.pio/libdeps/esp32c3/ArduinoJson/src/ArduinoJson/Variant/Converter.hpp
 create mode 100644 firmware/esp32/.pio/libdeps/esp32c3/ArduinoJson/src/ArduinoJson/Variant/ConverterImpl.hpp
 create mode 100644 firmware/esp32/.pio/libdeps/esp32c3/ArduinoJson/src/ArduinoJson/Variant/JsonVariant.hpp
 create mode 100644 firmware/esp32/.pio/libdeps/esp32c3/ArduinoJson/src/ArduinoJson/Variant/JsonVariantConst.hpp
 create mode 100644 firmware/esp32/.pio/libdeps/esp32c3/ArduinoJson/src/ArduinoJson/Variant/JsonVariantCopier.hpp
 create mode 100644 firmware/esp32/.pio/libdeps/esp32c3/ArduinoJson/src/ArduinoJson/Variant/JsonVariantVisitor.hpp
 create mode 100644 firmware/esp32/.pio/libdeps/esp32c3/ArduinoJson/src/ArduinoJson/Variant/VariantAttorney.hpp
 create mode 100644 firmware/esp32/.pio/libdeps/esp32c3/ArduinoJson/src/ArduinoJson/Variant/VariantCompare.hpp
 create mode 100644 firmware/esp32/.pio/libdeps/esp32c3/ArduinoJson/src/ArduinoJson/Variant/VariantContent.hpp
 create mode 100644 firmware/esp32/.pio/libdeps/esp32c3/ArduinoJson/src/ArduinoJson/Variant/VariantData.hpp
 create mode 100644 firmware/esp32/.pio/libdeps/esp32c3/ArduinoJson/src/ArduinoJson/Variant/VariantDataVisitor.hpp
 create mode 100644 firmware/esp32/.pio/libdeps/esp32c3/ArduinoJson/src/ArduinoJson/Variant/VariantImpl.hpp
 create mode 100644 firmware/esp32/.pio/libdeps/esp32c3/ArduinoJson/src/ArduinoJson/Variant/VariantOperators.hpp
 create mode 100644 firmware/esp32/.pio/libdeps/esp32c3/ArduinoJson/src/ArduinoJson/Variant/VariantRefBase.hpp
 create mode 100644 firmware/esp32/.pio/libdeps/esp32c3/ArduinoJson/src/ArduinoJson/Variant/VariantRefBaseImpl.hpp
 create mode 100644 firmware/esp32/.pio/libdeps/esp32c3/ArduinoJson/src/ArduinoJson/Variant/VariantTag.hpp
 create mode 100644 firmware/esp32/.pio/libdeps/esp32c3/ArduinoJson/src/ArduinoJson/Variant/VariantTo.hpp
 create mode 100644 firmware/esp32/.pio/libdeps/esp32c3/ArduinoJson/src/ArduinoJson/compatibility.hpp
 create mode 100644 firmware/esp32/.pio/libdeps/esp32c3/ArduinoJson/src/ArduinoJson/version.hpp
 create mode 100644 firmware/esp32/.pio/libdeps/esp32c3/ArduinoJson/src/CMakeLists.txt
 create mode 100644 firmware/esp32/.pio/libdeps/esp32c3/MCP2515/.piopm
 create mode 100644 firmware/esp32/.pio/libdeps/esp32c3/MCP2515/MCP2515.cpp
 create mode 100644 firmware/esp32/.pio/libdeps/esp32c3/MCP2515/MCP2515.h
 create mode 100644 firmware/esp32/.pio/libdeps/esp32c3/MCP2515/examples/Example/Example.ino
 create mode 100644 firmware/esp32/.pio/libdeps/esp32c3/MCP2515/library.json
 create mode 100644 firmware/esp32/.pio/libdeps/esp32c3/MCP2515/library.properties
 create mode 100644 firmware/esp32/.pio/libdeps/esp32c3/integrity.dat
 create mode 100644 firmware/esp32/.pio/libdeps/esp32s3/ArduinoJson/.piopm
 create mode 100644 firmware/esp32/.pio/libdeps/esp32s3/ArduinoJson/ArduinoJson.h
 create mode 100644 firmware/esp32/.pio/libdeps/esp32s3/ArduinoJson/LICENSE.txt
 create mode 100644 firmware/esp32/.pio/libdeps/esp32s3/ArduinoJson/README.md
 create mode 100644 firmware/esp32/.pio/libdeps/esp32s3/ArduinoJson/examples/JsonConfigFile/JsonConfigFile.ino
 create mode 100644 firmware/esp32/.pio/libdeps/esp32s3/ArduinoJson/examples/JsonFilterExample/JsonFilterExample.ino
 create mode 100644 firmware/esp32/.pio/libdeps/esp32s3/ArduinoJson/examples/JsonGeneratorExample/JsonGeneratorExample.ino
 create mode 100644 firmware/esp32/.pio/libdeps/esp32s3/ArduinoJson/examples/JsonHttpClient/JsonHttpClient.ino
 create mode 100644 firmware/esp32/.pio/libdeps/esp32s3/ArduinoJson/examples/JsonParserExample/JsonParserExample.ino
 create mode 100644 firmware/esp32/.pio/libdeps/esp32s3/ArduinoJson/examples/JsonServer/JsonServer.ino
 create mode 100644 firmware/esp32/.pio/libdeps/esp32s3/ArduinoJson/examples/JsonUdpBeacon/JsonUdpBeacon.ino
 create mode 100644 firmware/esp32/.pio/libdeps/esp32s3/ArduinoJson/examples/MsgPackParser/MsgPackParser.ino
 create mode 100644 firmware/esp32/.pio/libdeps/esp32s3/ArduinoJson/examples/ProgmemExample/ProgmemExample.ino
 create mode 100644 firmware/esp32/.pio/libdeps/esp32s3/ArduinoJson/examples/StringExample/StringExample.ino
 create mode 100644 firmware/esp32/.pio/libdeps/esp32s3/ArduinoJson/library.json
 create mode 100644 firmware/esp32/.pio/libdeps/esp32s3/ArduinoJson/library.properties
 create mode 100644 firmware/esp32/.pio/libdeps/esp32s3/ArduinoJson/src/ArduinoJson.h
 create mode 100644 firmware/esp32/.pio/libdeps/esp32s3/ArduinoJson/src/ArduinoJson.hpp
 create mode 100644 firmware/esp32/.pio/libdeps/esp32s3/ArduinoJson/src/ArduinoJson/Array/ArrayData.hpp
 create mode 100644 firmware/esp32/.pio/libdeps/esp32s3/ArduinoJson/src/ArduinoJson/Array/ArrayImpl.hpp
 create mode 100644 firmware/esp32/.pio/libdeps/esp32s3/ArduinoJson/src/ArduinoJson/Array/ElementProxy.hpp
 create mode 100644 firmware/esp32/.pio/libdeps/esp32s3/ArduinoJson/src/ArduinoJson/Array/JsonArray.hpp
 create mode 100644 firmware/esp32/.pio/libdeps/esp32s3/ArduinoJson/src/ArduinoJson/Array/JsonArrayConst.hpp
 create mode 100644 firmware/esp32/.pio/libdeps/esp32s3/ArduinoJson/src/ArduinoJson/Array/JsonArrayIterator.hpp
 create mode 100644 firmware/esp32/.pio/libdeps/esp32s3/ArduinoJson/src/ArduinoJson/Array/Utilities.hpp
 create mode 100644 firmware/esp32/.pio/libdeps/esp32s3/ArduinoJson/src/ArduinoJson/Collection/CollectionData.hpp
 create mode 100644 firmware/esp32/.pio/libdeps/esp32s3/ArduinoJson/src/ArduinoJson/Collection/CollectionImpl.hpp
 create mode 100644 firmware/esp32/.pio/libdeps/esp32s3/ArduinoJson/src/ArduinoJson/Configuration.hpp
 create mode 100644 firmware/esp32/.pio/libdeps/esp32s3/ArduinoJson/src/ArduinoJson/Deserialization/DeserializationError.hpp
 create mode 100644 firmware/esp32/.pio/libdeps/esp32s3/ArduinoJson/src/ArduinoJson/Deserialization/DeserializationOptions.hpp
 create mode 100644 firmware/esp32/.pio/libdeps/esp32s3/ArduinoJson/src/ArduinoJson/Deserialization/Filter.hpp
 create mode 100644 firmware/esp32/.pio/libdeps/esp32s3/ArduinoJson/src/ArduinoJson/Deserialization/NestingLimit.hpp
 create mode 100644 firmware/esp32/.pio/libdeps/esp32s3/ArduinoJson/src/ArduinoJson/Deserialization/Reader.hpp
 create mode 100644 firmware/esp32/.pio/libdeps/esp32s3/ArduinoJson/src/ArduinoJson/Deserialization/Readers/ArduinoStreamReader.hpp
 create mode 100644 firmware/esp32/.pio/libdeps/esp32s3/ArduinoJson/src/ArduinoJson/Deserialization/Readers/ArduinoStringReader.hpp
 create mode 100644 firmware/esp32/.pio/libdeps/esp32s3/ArduinoJson/src/ArduinoJson/Deserialization/Readers/FlashReader.hpp
 create mode 100644 firmware/esp32/.pio/libdeps/esp32s3/ArduinoJson/src/ArduinoJson/Deserialization/Readers/IteratorReader.hpp
 create mode 100644 firmware/esp32/.pio/libdeps/esp32s3/ArduinoJson/src/ArduinoJson/Deserialization/Readers/RamReader.hpp
 create mode 100644 firmware/esp32/.pio/libdeps/esp32s3/ArduinoJson/src/ArduinoJson/Deserialization/Readers/StdStreamReader.hpp
 create mode 100644 firmware/esp32/.pio/libdeps/esp32s3/ArduinoJson/src/ArduinoJson/Deserialization/Readers/VariantReader.hpp
 create mode 100644 firmware/esp32/.pio/libdeps/esp32s3/ArduinoJson/src/ArduinoJson/Deserialization/deserialize.hpp
 create mode 100644 firmware/esp32/.pio/libdeps/esp32s3/ArduinoJson/src/ArduinoJson/Document/JsonDocument.hpp
 create mode 100644 firmware/esp32/.pio/libdeps/esp32s3/ArduinoJson/src/ArduinoJson/Json/EscapeSequence.hpp
 create mode 100644 firmware/esp32/.pio/libdeps/esp32s3/ArduinoJson/src/ArduinoJson/Json/JsonDeserializer.hpp
 create mode 100644 firmware/esp32/.pio/libdeps/esp32s3/ArduinoJson/src/ArduinoJson/Json/JsonSerializer.hpp
 create mode 100644 firmware/esp32/.pio/libdeps/esp32s3/ArduinoJson/src/ArduinoJson/Json/Latch.hpp
 create mode 100644 firmware/esp32/.pio/libdeps/esp32s3/ArduinoJson/src/ArduinoJson/Json/PrettyJsonSerializer.hpp
 create mode 100644 firmware/esp32/.pio/libdeps/esp32s3/ArduinoJson/src/ArduinoJson/Json/TextFormatter.hpp
 create mode 100644 firmware/esp32/.pio/libdeps/esp32s3/ArduinoJson/src/ArduinoJson/Json/Utf16.hpp
 create mode 100644 firmware/esp32/.pio/libdeps/esp32s3/ArduinoJson/src/ArduinoJson/Json/Utf8.hpp
 create mode 100644 firmware/esp32/.pio/libdeps/esp32s3/ArduinoJson/src/ArduinoJson/Memory/Alignment.hpp
 create mode 100644 firmware/esp32/.pio/libdeps/esp32s3/ArduinoJson/src/ArduinoJson/Memory/Allocator.hpp
 create mode 100644 firmware/esp32/.pio/libdeps/esp32s3/ArduinoJson/src/ArduinoJson/Memory/MemoryPool.hpp
 create mode 100644 firmware/esp32/.pio/libdeps/esp32s3/ArduinoJson/src/ArduinoJson/Memory/MemoryPoolList.hpp
 create mode 100644 firmware/esp32/.pio/libdeps/esp32s3/ArduinoJson/src/ArduinoJson/Memory/ResourceManager.hpp
 create mode 100644 firmware/esp32/.pio/libdeps/esp32s3/ArduinoJson/src/ArduinoJson/Memory/ResourceManagerImpl.hpp
 create mode 100644 firmware/esp32/.pio/libdeps/esp32s3/ArduinoJson/src/ArduinoJson/Memory/StringBuffer.hpp
 create mode 100644 firmware/esp32/.pio/libdeps/esp32s3/ArduinoJson/src/ArduinoJson/Memory/StringBuilder.hpp
 create mode 100644 firmware/esp32/.pio/libdeps/esp32s3/ArduinoJson/src/ArduinoJson/Memory/StringNode.hpp
 create mode 100644 firmware/esp32/.pio/libdeps/esp32s3/ArduinoJson/src/ArduinoJson/Memory/StringPool.hpp
 create mode 100644 firmware/esp32/.pio/libdeps/esp32s3/ArduinoJson/src/ArduinoJson/Misc/SerializedValue.hpp
 create mode 100644 firmware/esp32/.pio/libdeps/esp32s3/ArduinoJson/src/ArduinoJson/MsgPack/MsgPackBinary.hpp
 create mode 100644 firmware/esp32/.pio/libdeps/esp32s3/ArduinoJson/src/ArduinoJson/MsgPack/MsgPackDeserializer.hpp
 create mode 100644 firmware/esp32/.pio/libdeps/esp32s3/ArduinoJson/src/ArduinoJson/MsgPack/MsgPackExtension.hpp
 create mode 100644 firmware/esp32/.pio/libdeps/esp32s3/ArduinoJson/src/ArduinoJson/MsgPack/MsgPackSerializer.hpp
 create mode 100644 firmware/esp32/.pio/libdeps/esp32s3/ArduinoJson/src/ArduinoJson/MsgPack/endianness.hpp
 create mode 100644 firmware/esp32/.pio/libdeps/esp32s3/ArduinoJson/src/ArduinoJson/MsgPack/ieee754.hpp
 create mode 100644 firmware/esp32/.pio/libdeps/esp32s3/ArduinoJson/src/ArduinoJson/Namespace.hpp
 create mode 100644 firmware/esp32/.pio/libdeps/esp32s3/ArduinoJson/src/ArduinoJson/Numbers/FloatParts.hpp
 create mode 100644 firmware/esp32/.pio/libdeps/esp32s3/ArduinoJson/src/ArduinoJson/Numbers/FloatTraits.hpp
 create mode 100644 firmware/esp32/.pio/libdeps/esp32s3/ArduinoJson/src/ArduinoJson/Numbers/JsonFloat.hpp
 create mode 100644 firmware/esp32/.pio/libdeps/esp32s3/ArduinoJson/src/ArduinoJson/Numbers/JsonInteger.hpp
 create mode 100644 firmware/esp32/.pio/libdeps/esp32s3/ArduinoJson/src/ArduinoJson/Numbers/arithmeticCompare.hpp
 create mode 100644 firmware/esp32/.pio/libdeps/esp32s3/ArduinoJson/src/ArduinoJson/Numbers/convertNumber.hpp
 create mode 100644 firmware/esp32/.pio/libdeps/esp32s3/ArduinoJson/src/ArduinoJson/Numbers/parseNumber.hpp
 create mode 100644 firmware/esp32/.pio/libdeps/esp32s3/ArduinoJson/src/ArduinoJson/Object/JsonObject.hpp
 create mode 100644 firmware/esp32/.pio/libdeps/esp32s3/ArduinoJson/src/ArduinoJson/Object/JsonObjectConst.hpp
 create mode 100644 firmware/esp32/.pio/libdeps/esp32s3/ArduinoJson/src/ArduinoJson/Object/JsonObjectIterator.hpp
 create mode 100644 firmware/esp32/.pio/libdeps/esp32s3/ArduinoJson/src/ArduinoJson/Object/JsonPair.hpp
 create mode 100644 firmware/esp32/.pio/libdeps/esp32s3/ArduinoJson/src/ArduinoJson/Object/MemberProxy.hpp
 create mode 100644 firmware/esp32/.pio/libdeps/esp32s3/ArduinoJson/src/ArduinoJson/Object/ObjectData.hpp
 create mode 100644 firmware/esp32/.pio/libdeps/esp32s3/ArduinoJson/src/ArduinoJson/Object/ObjectImpl.hpp
 create mode 100644 firmware/esp32/.pio/libdeps/esp32s3/ArduinoJson/src/ArduinoJson/Polyfills/alias_cast.hpp
 create mode 100644 firmware/esp32/.pio/libdeps/esp32s3/ArduinoJson/src/ArduinoJson/Polyfills/assert.hpp
 create mode 100644 firmware/esp32/.pio/libdeps/esp32s3/ArduinoJson/src/ArduinoJson/Polyfills/attributes.hpp
 create mode 100644 firmware/esp32/.pio/libdeps/esp32s3/ArduinoJson/src/ArduinoJson/Polyfills/ctype.hpp
 create mode 100644 firmware/esp32/.pio/libdeps/esp32s3/ArduinoJson/src/ArduinoJson/Polyfills/integer.hpp
 create mode 100644 firmware/esp32/.pio/libdeps/esp32s3/ArduinoJson/src/ArduinoJson/Polyfills/limits.hpp
 create mode 100644 firmware/esp32/.pio/libdeps/esp32s3/ArduinoJson/src/ArduinoJson/Polyfills/math.hpp
 create mode 100644 firmware/esp32/.pio/libdeps/esp32s3/ArduinoJson/src/ArduinoJson/Polyfills/mpl/max.hpp
 create mode 100644 firmware/esp32/.pio/libdeps/esp32s3/ArduinoJson/src/ArduinoJson/Polyfills/pgmspace.hpp
 create mode 100644 firmware/esp32/.pio/libdeps/esp32s3/ArduinoJson/src/ArduinoJson/Polyfills/pgmspace_generic.hpp
 create mode 100644 firmware/esp32/.pio/libdeps/esp32s3/ArduinoJson/src/ArduinoJson/Polyfills/preprocessor.hpp
 create mode 100644 firmware/esp32/.pio/libdeps/esp32s3/ArduinoJson/src/ArduinoJson/Polyfills/type_traits.hpp
 create mode 100644 firmware/esp32/.pio/libdeps/esp32s3/ArduinoJson/src/ArduinoJson/Polyfills/type_traits/conditional.hpp
 create mode 100644 firmware/esp32/.pio/libdeps/esp32s3/ArduinoJson/src/ArduinoJson/Polyfills/type_traits/decay.hpp
 create mode 100644 firmware/esp32/.pio/libdeps/esp32s3/ArduinoJson/src/ArduinoJson/Polyfills/type_traits/declval.hpp
 create mode 100644 firmware/esp32/.pio/libdeps/esp32s3/ArduinoJson/src/ArduinoJson/Polyfills/type_traits/enable_if.hpp
 create mode 100644 firmware/esp32/.pio/libdeps/esp32s3/ArduinoJson/src/ArduinoJson/Polyfills/type_traits/function_traits.hpp
 create mode 100644 firmware/esp32/.pio/libdeps/esp32s3/ArduinoJson/src/ArduinoJson/Polyfills/type_traits/integral_constant.hpp
 create mode 100644 firmware/esp32/.pio/libdeps/esp32s3/ArduinoJson/src/ArduinoJson/Polyfills/type_traits/is_array.hpp
 create mode 100644 firmware/esp32/.pio/libdeps/esp32s3/ArduinoJson/src/ArduinoJson/Polyfills/type_traits/is_base_of.hpp
 create mode 100644 firmware/esp32/.pio/libdeps/esp32s3/ArduinoJson/src/ArduinoJson/Polyfills/type_traits/is_class.hpp
 create mode 100644 firmware/esp32/.pio/libdeps/esp32s3/ArduinoJson/src/ArduinoJson/Polyfills/type_traits/is_const.hpp
 create mode 100644 firmware/esp32/.pio/libdeps/esp32s3/ArduinoJson/src/ArduinoJson/Polyfills/type_traits/is_convertible.hpp
 create mode 100644 firmware/esp32/.pio/libdeps/esp32s3/ArduinoJson/src/ArduinoJson/Polyfills/type_traits/is_enum.hpp
 create mode 100644 firmware/esp32/.pio/libdeps/esp32s3/ArduinoJson/src/ArduinoJson/Polyfills/type_traits/is_floating_point.hpp
 create mode 100644 firmware/esp32/.pio/libdeps/esp32s3/ArduinoJson/src/ArduinoJson/Polyfills/type_traits/is_integral.hpp
 create mode 100644 firmware/esp32/.pio/libdeps/esp32s3/ArduinoJson/src/ArduinoJson/Polyfills/type_traits/is_pointer.hpp
 create mode 100644 firmware/esp32/.pio/libdeps/esp32s3/ArduinoJson/src/ArduinoJson/Polyfills/type_traits/is_same.hpp
 create mode 100644 firmware/esp32/.pio/libdeps/esp32s3/ArduinoJson/src/ArduinoJson/Polyfills/type_traits/is_signed.hpp
 create mode 100644 firmware/esp32/.pio/libdeps/esp32s3/ArduinoJson/src/ArduinoJson/Polyfills/type_traits/is_unsigned.hpp
 create mode 100644 firmware/esp32/.pio/libdeps/esp32s3/ArduinoJson/src/ArduinoJson/Polyfills/type_traits/make_unsigned.hpp
 create mode 100644 firmware/esp32/.pio/libdeps/esp32s3/ArduinoJson/src/ArduinoJson/Polyfills/type_traits/remove_const.hpp
 create mode 100644 firmware/esp32/.pio/libdeps/esp32s3/ArduinoJson/src/ArduinoJson/Polyfills/type_traits/remove_cv.hpp
 create mode 100644 firmware/esp32/.pio/libdeps/esp32s3/ArduinoJson/src/ArduinoJson/Polyfills/type_traits/remove_reference.hpp
 create mode 100644 firmware/esp32/.pio/libdeps/esp32s3/ArduinoJson/src/ArduinoJson/Polyfills/type_traits/type_identity.hpp
 create mode 100644 firmware/esp32/.pio/libdeps/esp32s3/ArduinoJson/src/ArduinoJson/Polyfills/type_traits/void_t.hpp
 create mode 100644 firmware/esp32/.pio/libdeps/esp32s3/ArduinoJson/src/ArduinoJson/Polyfills/utility.hpp
 create mode 100644 firmware/esp32/.pio/libdeps/esp32s3/ArduinoJson/src/ArduinoJson/Serialization/CountingDecorator.hpp
 create mode 100644 firmware/esp32/.pio/libdeps/esp32s3/ArduinoJson/src/ArduinoJson/Serialization/Writer.hpp
 create mode 100644 firmware/esp32/.pio/libdeps/esp32s3/ArduinoJson/src/ArduinoJson/Serialization/Writers/ArduinoStringWriter.hpp
 create mode 100644 firmware/esp32/.pio/libdeps/esp32s3/ArduinoJson/src/ArduinoJson/Serialization/Writers/DummyWriter.hpp
 create mode 100644 firmware/esp32/.pio/libdeps/esp32s3/ArduinoJson/src/ArduinoJson/Serialization/Writers/PrintWriter.hpp
 create mode 100644 firmware/esp32/.pio/libdeps/esp32s3/ArduinoJson/src/ArduinoJson/Serialization/Writers/StaticStringWriter.hpp
 create mode 100644 firmware/esp32/.pio/libdeps/esp32s3/ArduinoJson/src/ArduinoJson/Serialization/Writers/StdStreamWriter.hpp
 create mode 100644 firmware/esp32/.pio/libdeps/esp32s3/ArduinoJson/src/ArduinoJson/Serialization/Writers/StdStringWriter.hpp
 create mode 100644 firmware/esp32/.pio/libdeps/esp32s3/ArduinoJson/src/ArduinoJson/Serialization/measure.hpp
 create mode 100644 firmware/esp32/.pio/libdeps/esp32s3/ArduinoJson/src/ArduinoJson/Serialization/serialize.hpp
 create mode 100644 firmware/esp32/.pio/libdeps/esp32s3/ArduinoJson/src/ArduinoJson/Strings/Adapters/FlashString.hpp
 create mode 100644 firmware/esp32/.pio/libdeps/esp32s3/ArduinoJson/src/ArduinoJson/Strings/Adapters/RamString.hpp
 create mode 100644 firmware/esp32/.pio/libdeps/esp32s3/ArduinoJson/src/ArduinoJson/Strings/Adapters/StringObject.hpp
 create mode 100644 firmware/esp32/.pio/libdeps/esp32s3/ArduinoJson/src/ArduinoJson/Strings/IsString.hpp
 create mode 100644 firmware/esp32/.pio/libdeps/esp32s3/ArduinoJson/src/ArduinoJson/Strings/JsonString.hpp
 create mode 100644 firmware/esp32/.pio/libdeps/esp32s3/ArduinoJson/src/ArduinoJson/Strings/StringAdapter.hpp
 create mode 100644 firmware/esp32/.pio/libdeps/esp32s3/ArduinoJson/src/ArduinoJson/Strings/StringAdapters.hpp
 create mode 100644 firmware/esp32/.pio/libdeps/esp32s3/ArduinoJson/src/ArduinoJson/Strings/StringTraits.hpp
 create mode 100644 firmware/esp32/.pio/libdeps/esp32s3/ArduinoJson/src/ArduinoJson/Variant/Converter.hpp
 create mode 100644 firmware/esp32/.pio/libdeps/esp32s3/ArduinoJson/src/ArduinoJson/Variant/ConverterImpl.hpp
 create mode 100644 firmware/esp32/.pio/libdeps/esp32s3/ArduinoJson/src/ArduinoJson/Variant/JsonVariant.hpp
 create mode 100644 firmware/esp32/.pio/libdeps/esp32s3/ArduinoJson/src/ArduinoJson/Variant/JsonVariantConst.hpp
 create mode 100644 firmware/esp32/.pio/libdeps/esp32s3/ArduinoJson/src/ArduinoJson/Variant/JsonVariantCopier.hpp
 create mode 100644 firmware/esp32/.pio/libdeps/esp32s3/ArduinoJson/src/ArduinoJson/Variant/JsonVariantVisitor.hpp
 create mode 100644 firmware/esp32/.pio/libdeps/esp32s3/ArduinoJson/src/ArduinoJson/Variant/VariantAttorney.hpp
 create mode 100644 firmware/esp32/.pio/libdeps/esp32s3/ArduinoJson/src/ArduinoJson/Variant/VariantCompare.hpp
 create mode 100644 firmware/esp32/.pio/libdeps/esp32s3/ArduinoJson/src/ArduinoJson/Variant/VariantContent.hpp
 create mode 100644 firmware/esp32/.pio/libdeps/esp32s3/ArduinoJson/src/ArduinoJson/Variant/VariantData.hpp
 create mode 100644 firmware/esp32/.pio/libdeps/esp32s3/ArduinoJson/src/ArduinoJson/Variant/VariantDataVisitor.hpp
 create mode 100644 firmware/esp32/.pio/libdeps/esp32s3/ArduinoJson/src/ArduinoJson/Variant/VariantImpl.hpp
 create mode 100644 firmware/esp32/.pio/libdeps/esp32s3/ArduinoJson/src/ArduinoJson/Variant/VariantOperators.hpp
 create mode 100644 firmware/esp32/.pio/libdeps/esp32s3/ArduinoJson/src/ArduinoJson/Variant/VariantRefBase.hpp
 create mode 100644 firmware/esp32/.pio/libdeps/esp32s3/ArduinoJson/src/ArduinoJson/Variant/VariantRefBaseImpl.hpp
 create mode 100644 firmware/esp32/.pio/libdeps/esp32s3/ArduinoJson/src/ArduinoJson/Variant/VariantTag.hpp
 create mode 100644 firmware/esp32/.pio/libdeps/esp32s3/ArduinoJson/src/ArduinoJson/Variant/VariantTo.hpp
 create mode 100644 firmware/esp32/.pio/libdeps/esp32s3/ArduinoJson/src/ArduinoJson/compatibility.hpp
 create mode 100644 firmware/esp32/.pio/libdeps/esp32s3/ArduinoJson/src/ArduinoJson/version.hpp
 create mode 100644 firmware/esp32/.pio/libdeps/esp32s3/ArduinoJson/src/CMakeLists.txt
 create mode 100644 firmware/esp32/.pio/libdeps/esp32s3/MCP2515/.piopm
 create mode 100644 firmware/esp32/.pio/libdeps/esp32s3/MCP2515/MCP2515.cpp
 create mode 100644 firmware/esp32/.pio/libdeps/esp32s3/MCP2515/MCP2515.h
 create mode 100644 firmware/esp32/.pio/libdeps/esp32s3/MCP2515/examples/Example/Example.ino
 create mode 100644 firmware/esp32/.pio/libdeps/esp32s3/MCP2515/library.json
 create mode 100644 firmware/esp32/.pio/libdeps/esp32s3/MCP2515/library.properties
 create mode 100644 firmware/esp32/.pio/libdeps/esp32s3/integrity.dat
 create mode 100644 firmware/esp32/.pio/libdeps/esp32s3dev/MCP2515/.piopm
 create mode 100644 firmware/esp32/.pio/libdeps/esp32s3dev/MCP2515/MCP2515.cpp
 create mode 100644 firmware/esp32/.pio/libdeps/esp32s3dev/MCP2515/MCP2515.h
 create mode 100644 firmware/esp32/.pio/libdeps/esp32s3dev/MCP2515/examples/Example/Example.ino
 create mode 100644 firmware/esp32/.pio/libdeps/esp32s3dev/MCP2515/library.json
 create mode 100644 firmware/esp32/.pio/libdeps/esp32s3dev/MCP2515/library.properties
 create mode 100644 firmware/esp32/.pio/libdeps/esp32s3dev/integrity.dat
 create mode 100644 firmware/esp32/README.md
 create mode 100644 firmware/esp32/include/config.h
 create mode 100644 firmware/esp32/include/constants.h
 create mode 100644 firmware/esp32/include/types.h
 create mode 100644 firmware/esp32/platformio.ini
 create mode 100644 firmware/esp32/src/drivers/can_bus.cpp
 create mode 100644 firmware/esp32/src/drivers/can_bus.h
 create mode 100644 firmware/esp32/src/drivers/cem_driver.cpp
 create mode 100644 firmware/esp32/src/drivers/cem_driver.h
 create mode 100644 firmware/esp32/src/drivers/encoder.cpp
 create mode 100644 firmware/esp32/src/drivers/encoder.h
 create mode 100644 firmware/esp32/src/drivers/ethercat.cpp
 create mode 100644 firmware/esp32/src/drivers/ethercat.h
 create mode 100644 firmware/esp32/src/drivers/fl_driver.cpp
 create mode 100644 firmware/esp32/src/drivers/fl_driver.h
 create mode 100644 firmware/esp32/src/drivers/mcp2515_can.cpp
 create mode 100644 firmware/esp32/src/drivers/mcp2515_can.h
 create mode 100644 firmware/esp32/src/drivers/motor_driver.h
 create mode 100644 firmware/esp32/src/drivers/rh_driver.cpp
 create mode 100644 firmware/esp32/src/drivers/rh_driver.h
 create mode 100644 firmware/esp32/src/drivers/rmd_h_driver.cpp
 create mode 100644 firmware/esp32/src/drivers/rmd_h_driver.h
 create mode 100644 firmware/esp32/src/drivers/rmd_l_driver.cpp
 create mode 100644 firmware/esp32/src/drivers/rmd_l_driver.h
 create mode 100644 firmware/esp32/src/drivers/rmd_x_driver.cpp
 create mode 100644 firmware/esp32/src/drivers/rmd_x_driver.h
 create mode 100644 firmware/esp32/src/drivers/rs485.cpp
 create mode 100644 firmware/esp32/src/drivers/rs485.h
 create mode 100644 firmware/esp32/src/main.cpp
 create mode 100644 firmware/esp32/src/motor_controller.cpp
 create mode 100644 firmware/esp32/src/motor_controller.h
 create mode 100644 firmware/esp32/src/protocols/pal.cpp
 create mode 100644 firmware/esp32/src/protocols/pal.h
 create mode 100644 firmware/esp32/src/protocols/rs485_protocol.h
 create mode 100644 firmware/esp32/src/utils/config.cpp
 create mode 100644 firmware/esp32/src/utils/config.h
 create mode 100644 firmware/esp32/src/utils/logger.cpp
 create mode 100644 firmware/esp32/src/utils/logger.h
 create mode 100644 firmware/esp32/src/utils/pid_controller.cpp
 create mode 100644 firmware/esp32/src/utils/pid_controller.h
