Processing esp32 (platform: espressif32; board: esp32dev; framework: arduino)
--------------------------------------------------------------------------------
Verbose mode can be enabled via `-v, --verbose` option
CONFIGURATION: https://docs.platformio.org/page/boards/espressif32/esp32dev.html
PLATFORM: Espressif 32 (7.0.1) > Espressif ESP32 Dev Module
HARDWARE: ESP32 240MHz, 320KB RAM, 4MB Flash
DEBUG: Current (cmsis-dap) External (cmsis-dap, esp-bridge, esp-prog, iot-bus-jtag, jlink, minimodule, olimex-arm-usb-ocd, olimex-arm-usb-ocd-h, olimex-arm-usb-tiny-h, olimex-jtag-tiny, tumpa)
PACKAGES: 
 - framework-arduinoespressif32 @ 3.20017.241212+sha.dcc1105b 
 - tool-esptoolpy @ 2.41100.0 (4.11.0) 
 - toolchain-xtensa-esp32 @ 8.4.0+2021r2-patch5
LDF: Library Dependency Finder -> https://bit.ly/configure-pio-ldf
LDF Modes: Finder ~ chain, Compatibility ~ soft
Found 35 compatible libraries
Scanning dependencies...
Dependency Graph
|-- ArduinoJson @ 6.21.6
|-- CAN @ 0.3.1
|-- SPI @ 2.0.0
Building in release mode
Compiling .pio/build/esp32/src/drivers/can_bus.cpp.o
Compiling .pio/build/esp32/src/drivers/cem_driver.cpp.o
Compiling .pio/build/esp32/src/drivers/encoder.cpp.o
Compiling .pio/build/esp32/src/drivers/ethercat.cpp.o
Compiling .pio/build/esp32/src/drivers/fl_driver.cpp.o
Compiling .pio/build/esp32/src/drivers/mcp2515_can.cpp.o
Compiling .pio/build/esp32/src/drivers/rh_driver.cpp.o
Compiling .pio/build/esp32/src/drivers/rmd_h_driver.cpp.o
Compiling .pio/build/esp32/src/drivers/rmd_l_driver.cpp.o
Compiling .pio/build/esp32/src/drivers/rmd_x_driver.cpp.o
Compiling .pio/build/esp32/src/drivers/rs485.cpp.o
Compiling .pio/build/esp32/src/main.cpp.o
Compiling .pio/build/esp32/src/motor_controller.cpp.o
In file included from src/drivers/mcp2515_can.cpp:1:
src/drivers/mcp2515_can.h:5:10: fatal error: mcp2515_can.h: No such file or directory

*********************************************************************
* Looking for mcp2515_can.h dependency? Check our library registry!
*
* CLI  > platformio lib search "header:mcp2515_can.h"
* Web  > https://registry.platformio.org/search?q=header:mcp2515_can.h
*
*********************************************************************

 #include <mcp2515_can.h>
          ^~~~~~~~~~~~~~~
compilation terminated.
Compiling .pio/build/esp32/src/protocols/pal.cpp.o
Compiling .pio/build/esp32/src/utils/config.cpp.o
*** [.pio/build/esp32/src/drivers/mcp2515_can.cpp.o] Error 1
In file included from src/drivers/cem_driver.cpp:128:
include/../include/types.h:92:3: error: conflicting declaration 'typedef struct MotorConfig MotorConfig'
 } MotorConfig;
   ^~~~~~~~~~~
In file included from src/drivers/cem_driver.h:3,
                 from src/drivers/cem_driver.cpp:127:
src/drivers/motor_driver.h:25:3: note: previous declaration as 'typedef struct MotorConfig MotorConfig'
 } MotorConfig;
   ^~~~~~~~~~~
In file included from src/drivers/cem_driver.cpp:128:
include/../include/types.h:112:25: error: 'GEARBOX_PLANETARY' conflicts with a previous declaration
     GEARBOX_PLANETARY = 0,
                         ^
include/../include/types.h:34:5: note: previous declaration 'GearboxType GEARBOX_PLANETARY'
     GEARBOX_PLANETARY = 0,
     ^~~~~~~~~~~~~~~~~
include/../include/types.h:113:5: error: 'GEARBOX_HARMONIC' conflicts with a previous declaration
     GEARBOX_HARMONIC,
     ^~~~~~~~~~~~~~~~
include/../include/types.h:35:5: note: previous declaration 'GearboxType GEARBOX_HARMONIC'
     GEARBOX_HARMONIC,
     ^~~~~~~~~~~~~~~~
include/../include/types.h:114:5: error: 'GEARBOX_DIRECT' conflicts with a previous declaration
     GEARBOX_DIRECT,
     ^~~~~~~~~~~~~~
include/../include/types.h:36:5: note: previous declaration 'GearboxType GEARBOX_DIRECT'
     GEARBOX_DIRECT,
     ^~~~~~~~~~~~~~
include/../include/types.h:115:5: error: 'GEARBOX_CYCLOID' conflicts with a previous declaration
     GEARBOX_CYCLOID,
     ^~~~~~~~~~~~~~~
include/../include/types.h:37:5: note: previous declaration 'GearboxType GEARBOX_CYCLOID'
     GEARBOX_CYCLOID,
     ^~~~~~~~~~~~~~~
include/../include/types.h:116:5: error: 'GEARBOX_LINEAR' conflicts with a previous declaration
     GEARBOX_LINEAR,
     ^~~~~~~~~~~~~~
include/../include/types.h:38:5: note: previous declaration 'GearboxType GEARBOX_LINEAR'
     GEARBOX_LINEAR,
     ^~~~~~~~~~~~~~
include/../include/types.h:118:3: error: conflicting declaration 'typedef enum GearboxType GearboxType'
 } GearboxType;
   ^~~~~~~~~~~
include/../include/types.h:40:3: note: previous declaration as 'typedef enum GearboxType GearboxType'
 } GearboxType;
   ^~~~~~~~~~~
include/../include/types.h:122:22: error: 'DRIVE_STANDARD' conflicts with a previous declaration
     DRIVE_STANDARD = 0,
                      ^
include/../include/types.h:44:5: note: previous declaration 'DriveType DRIVE_STANDARD'
     DRIVE_STANDARD = 0,
     ^~~~~~~~~~~~~~
include/../include/types.h:125:3: error: conflicting declaration 'typedef enum DriveType DriveType'
 } DriveType;
   ^~~~~~~~~
include/../include/types.h:47:3: note: previous declaration as 'typedef enum DriveType DriveType'
 } DriveType;
   ^~~~~~~~~
include/../include/types.h:129:25: error: 'COMMUNICATION_CAN' conflicts with a previous declaration
     COMMUNICATION_CAN = 0,
                         ^
include/../include/types.h:51:5: note: previous declaration 'Communication COMMUNICATION_CAN'
     COMMUNICATION_CAN = 0,
     ^~~~~~~~~~~~~~~~~
include/../include/types.h:130:5: error: 'COMMUNICATION_RS485' conflicts with a previous declaration
     COMMUNICATION_RS485,
     ^~~~~~~~~~~~~~~~~~~
include/../include/types.h:52:5: note: previous declaration 'Communication COMMUNICATION_RS485'
     COMMUNICATION_RS485,
     ^~~~~~~~~~~~~~~~~~~
include/../include/types.h:131:5: error: 'COMMUNICATION_ETHERCAT' conflicts with a previous declaration
     COMMUNICATION_ETHERCAT,
     ^~~~~~~~~~~~~~~~~~~~~~
include/../include/types.h:53:5: note: previous declaration 'Communication COMMUNICATION_ETHERCAT'
     COMMUNICATION_ETHERCAT,
     ^~~~~~~~~~~~~~~~~~~~~~
include/../include/types.h:155:3: error: conflicting declaration 'typedef enum FrameType FrameType'
 } FrameType;
   ^~~~~~~~~
include/../include/types.h:66:3: note: previous declaration as 'typedef enum FrameType FrameType'
 } FrameType;
   ^~~~~~~~~
include/../include/types.h:191:3: error: conflicting declaration 'typedef struct MotorConfig MotorConfig'
 } MotorConfig;
   ^~~~~~~~~~~
In file included from src/drivers/cem_driver.h:3,
                 from src/drivers/cem_driver.cpp:127:
src/drivers/motor_driver.h:25:3: note: previous declaration as 'typedef struct MotorConfig MotorConfig'
 } MotorConfig;
   ^~~~~~~~~~~
In file included from src/drivers/cem_driver.cpp:128:
include/../include/types.h:226:5: error: redefinition of 'MOTOR_STATE_POSITION_CONTROL'
     MOTOR_STATE_POSITION_CONTROL,
     ^~~~~~~~~~~~~~~~~~~~~~~~~~~~
include/../include/types.h:223:5: note: 'MOTOR_STATE_POSITION_CONTROL' previously defined here
     MOTOR_STATE_POSITION_CONTROL,
     ^~~~~~~~~~~~~~~~~~~~~~~~~~~~
include/../include/types.h:227:5: error: redefinition of 'MOTOR_STATE_VELOCITY_CONTROL'
     MOTOR_STATE_VELOCITY_CONTROL,
     ^~~~~~~~~~~~~~~~~~~~~~~~~~~~
include/../include/types.h:224:5: note: 'MOTOR_STATE_VELOCITY_CONTROL' previously defined here
     MOTOR_STATE_VELOCITY_CONTROL,
     ^~~~~~~~~~~~~~~~~~~~~~~~~~~~
include/../include/types.h:228:5: error: redefinition of 'MOTOR_STATE_TORQUE_CONTROL'
     MOTOR_STATE_TORQUE_CONTROL
     ^~~~~~~~~~~~~~~~~~~~~~~~~~
include/../include/types.h:225:5: note: 'MOTOR_STATE_TORQUE_CONTROL' previously defined here
     MOTOR_STATE_TORQUE_CONTROL,
     ^~~~~~~~~~~~~~~~~~~~~~~~~~
include/../include/types.h:240:3: error: conflicting declaration 'typedef struct PIDController PIDController'
 } PIDController;
   ^~~~~~~~~~~~~
include/../include/types.h:100:3: note: previous declaration as 'typedef struct PIDController PIDController'
 } PIDController;
   ^~~~~~~~~~~~~
*** [.pio/build/esp32/src/drivers/cem_driver.cpp.o] Error 1
In file included from src/motor_controller.cpp:3:
src/drivers/mcp2515_can.h:5:10: fatal error: mcp2515_can.h: No such file or directory

*********************************************************************
* Looking for mcp2515_can.h dependency? Check our library registry!
*
* CLI  > platformio lib search "header:mcp2515_can.h"
* Web  > https://registry.platformio.org/search?q=header:mcp2515_can.h
*
*********************************************************************

 #include <mcp2515_can.h>
          ^~~~~~~~~~~~~~~
compilation terminated.
*** [.pio/build/esp32/src/motor_controller.cpp.o] Error 1
In file included from src/main.cpp:21:
src/drivers/mcp2515_can.h:5:10: fatal error: mcp2515_can.h: No such file or directory

*********************************************************************
* Looking for mcp2515_can.h dependency? Check our library registry!
*
* CLI  > platformio lib search "header:mcp2515_can.h"
* Web  > https://registry.platformio.org/search?q=header:mcp2515_can.h
*
*********************************************************************

 #include <mcp2515_can.h>
          ^~~~~~~~~~~~~~~
compilation terminated.
*** [.pio/build/esp32/src/main.cpp.o] Error 1
In file included from src/drivers/rmd_l_driver.cpp:22:
include/../include/types.h:92:3: error: conflicting declaration 'typedef struct MotorConfig MotorConfig'
 } MotorConfig;
   ^~~~~~~~~~~
In file included from src/drivers/rmd_l_driver.h:3,
                 from src/drivers/rmd_l_driver.cpp:21:
src/drivers/motor_driver.h:25:3: note: previous declaration as 'typedef struct MotorConfig MotorConfig'
 } MotorConfig;
   ^~~~~~~~~~~
In file included from src/drivers/rmd_l_driver.cpp:22:
include/../include/types.h:112:25: error: 'GEARBOX_PLANETARY' conflicts with a previous declaration
     GEARBOX_PLANETARY = 0,
                         ^
include/../include/types.h:34:5: note: previous declaration 'GearboxType GEARBOX_PLANETARY'
     GEARBOX_PLANETARY = 0,
     ^~~~~~~~~~~~~~~~~
include/../include/types.h:113:5: error: 'GEARBOX_HARMONIC' conflicts with a previous declaration
     GEARBOX_HARMONIC,
     ^~~~~~~~~~~~~~~~
include/../include/types.h:35:5: note: previous declaration 'GearboxType GEARBOX_HARMONIC'
     GEARBOX_HARMONIC,
     ^~~~~~~~~~~~~~~~
include/../include/types.h:114:5: error: 'GEARBOX_DIRECT' conflicts with a previous declaration
     GEARBOX_DIRECT,
     ^~~~~~~~~~~~~~
include/../include/types.h:36:5: note: previous declaration 'GearboxType GEARBOX_DIRECT'
     GEARBOX_DIRECT,
     ^~~~~~~~~~~~~~
include/../include/types.h:115:5: error: 'GEARBOX_CYCLOID' conflicts with a previous declaration
     GEARBOX_CYCLOID,
     ^~~~~~~~~~~~~~~
include/../include/types.h:37:5: note: previous declaration 'GearboxType GEARBOX_CYCLOID'
     GEARBOX_CYCLOID,
     ^~~~~~~~~~~~~~~
include/../include/types.h:116:5: error: 'GEARBOX_LINEAR' conflicts with a previous declaration
     GEARBOX_LINEAR,
     ^~~~~~~~~~~~~~
include/../include/types.h:38:5: note: previous declaration 'GearboxType GEARBOX_LINEAR'
     GEARBOX_LINEAR,
     ^~~~~~~~~~~~~~
include/../include/types.h:118:3: error: conflicting declaration 'typedef enum GearboxType GearboxType'
 } GearboxType;
   ^~~~~~~~~~~
include/../include/types.h:40:3: note: previous declaration as 'typedef enum GearboxType GearboxType'
 } GearboxType;
   ^~~~~~~~~~~
include/../include/types.h:122:22: error: 'DRIVE_STANDARD' conflicts with a previous declaration
     DRIVE_STANDARD = 0,
                      ^
include/../include/types.h:44:5: note: previous declaration 'DriveType DRIVE_STANDARD'
     DRIVE_STANDARD = 0,
     ^~~~~~~~~~~~~~
include/../include/types.h:125:3: error: conflicting declaration 'typedef enum DriveType DriveType'
 } DriveType;
   ^~~~~~~~~
include/../include/types.h:47:3: note: previous declaration as 'typedef enum DriveType DriveType'
 } DriveType;
   ^~~~~~~~~
include/../include/types.h:129:25: error: 'COMMUNICATION_CAN' conflicts with a previous declaration
     COMMUNICATION_CAN = 0,
                         ^
include/../include/types.h:51:5: note: previous declaration 'Communication COMMUNICATION_CAN'
     COMMUNICATION_CAN = 0,
     ^~~~~~~~~~~~~~~~~
include/../include/types.h:130:5: error: 'COMMUNICATION_RS485' conflicts with a previous declaration
     COMMUNICATION_RS485,
     ^~~~~~~~~~~~~~~~~~~
include/../include/types.h:52:5: note: previous declaration 'Communication COMMUNICATION_RS485'
     COMMUNICATION_RS485,
     ^~~~~~~~~~~~~~~~~~~
include/../include/types.h:131:5: error: 'COMMUNICATION_ETHERCAT' conflicts with a previous declaration
     COMMUNICATION_ETHERCAT,
     ^~~~~~~~~~~~~~~~~~~~~~
include/../include/types.h:53:5: note: previous declaration 'Communication COMMUNICATION_ETHERCAT'
     COMMUNICATION_ETHERCAT,
     ^~~~~~~~~~~~~~~~~~~~~~
include/../include/types.h:155:3: error: conflicting declaration 'typedef enum FrameType FrameType'
 } FrameType;
   ^~~~~~~~~
include/../include/types.h:66:3: note: previous declaration as 'typedef enum FrameType FrameType'
 } FrameType;
   ^~~~~~~~~
include/../include/types.h:191:3: error: conflicting declaration 'typedef struct MotorConfig MotorConfig'
 } MotorConfig;
   ^~~~~~~~~~~
In file included from src/drivers/rmd_l_driver.h:3,
                 from src/drivers/rmd_l_driver.cpp:21:
src/drivers/motor_driver.h:25:3: note: previous declaration as 'typedef struct MotorConfig MotorConfig'
 } MotorConfig;
   ^~~~~~~~~~~
In file included from src/drivers/rmd_l_driver.cpp:22:
include/../include/types.h:226:5: error: redefinition of 'MOTOR_STATE_POSITION_CONTROL'
     MOTOR_STATE_POSITION_CONTROL,
     ^~~~~~~~~~~~~~~~~~~~~~~~~~~~
include/../include/types.h:223:5: note: 'MOTOR_STATE_POSITION_CONTROL' previously defined here
     MOTOR_STATE_POSITION_CONTROL,
     ^~~~~~~~~~~~~~~~~~~~~~~~~~~~
include/../include/types.h:227:5: error: redefinition of 'MOTOR_STATE_VELOCITY_CONTROL'
     MOTOR_STATE_VELOCITY_CONTROL,
     ^~~~~~~~~~~~~~~~~~~~~~~~~~~~
include/../include/types.h:224:5: note: 'MOTOR_STATE_VELOCITY_CONTROL' previously defined here
     MOTOR_STATE_VELOCITY_CONTROL,
     ^~~~~~~~~~~~~~~~~~~~~~~~~~~~
include/../include/types.h:228:5: error: redefinition of 'MOTOR_STATE_TORQUE_CONTROL'
     MOTOR_STATE_TORQUE_CONTROL
     ^~~~~~~~~~~~~~~~~~~~~~~~~~
include/../include/types.h:225:5: note: 'MOTOR_STATE_TORQUE_CONTROL' previously defined here
     MOTOR_STATE_TORQUE_CONTROL,
     ^~~~~~~~~~~~~~~~~~~~~~~~~~
include/../include/types.h:240:3: error: conflicting declaration 'typedef struct PIDController PIDController'
 } PIDController;
   ^~~~~~~~~~~~~
include/../include/types.h:100:3: note: previous declaration as 'typedef struct PIDController PIDController'
 } PIDController;
   ^~~~~~~~~~~~~
In file included from src/motor_controller.h:10,
                 from src/drivers/rmd_l_driver.cpp:30:
src/drivers/rmd_x_driver.h:23:10: error: 'void RMDXDriver::setBacklashCompensation(float)' marked 'override', but does not override
     void setBacklashCompensation(float compensation) override;
          ^~~~~~~~~~~~~~~~~~~~~~~
In file included from src/drivers/rmd_l_driver.cpp:30:
src/motor_controller.h:80:3: error: 'MCP2515_CAN' does not name a type
   MCP2515_CAN* canBus;
   ^~~~~~~~~~~
In file included from src/drivers/rmd_x_driver.cpp:1:
src/drivers/rmd_x_driver.h:23:10: error: 'void RMDXDriver::setBacklashCompensation(float)' marked 'override', but does not override
     void setBacklashCompensation(float compensation) override;
          ^~~~~~~~~~~~~~~~~~~~~~~
In file included from src/drivers/rmd_x_driver.cpp:2:
include/../include/types.h:92:3: error: conflicting declaration 'typedef struct MotorConfig MotorConfig'
 } MotorConfig;
   ^~~~~~~~~~~
In file included from src/drivers/rmd_x_driver.h:2,
                 from src/drivers/rmd_x_driver.cpp:1:
src/drivers/motor_driver.h:25:3: note: previous declaration as 'typedef struct MotorConfig MotorConfig'
 } MotorConfig;
   ^~~~~~~~~~~
In file included from src/drivers/rmd_x_driver.cpp:2:
include/../include/types.h:112:25: error: 'GEARBOX_PLANETARY' conflicts with a previous declaration
     GEARBOX_PLANETARY = 0,
                         ^
include/../include/types.h:34:5: note: previous declaration 'GearboxType GEARBOX_PLANETARY'
     GEARBOX_PLANETARY = 0,
     ^~~~~~~~~~~~~~~~~
include/../include/types.h:113:5: error: 'GEARBOX_HARMONIC' conflicts with a previous declaration
     GEARBOX_HARMONIC,
     ^~~~~~~~~~~~~~~~
include/../include/types.h:35:5: note: previous declaration 'GearboxType GEARBOX_HARMONIC'
     GEARBOX_HARMONIC,
     ^~~~~~~~~~~~~~~~
include/../include/types.h:114:5: error: 'GEARBOX_DIRECT' conflicts with a previous declaration
     GEARBOX_DIRECT,
     ^~~~~~~~~~~~~~
include/../include/types.h:36:5: note: previous declaration 'GearboxType GEARBOX_DIRECT'
     GEARBOX_DIRECT,
     ^~~~~~~~~~~~~~
include/../include/types.h:115:5: error: 'GEARBOX_CYCLOID' conflicts with a previous declaration
     GEARBOX_CYCLOID,
     ^~~~~~~~~~~~~~~
include/../include/types.h:37:5: note: previous declaration 'GearboxType GEARBOX_CYCLOID'
     GEARBOX_CYCLOID,
     ^~~~~~~~~~~~~~~
include/../include/types.h:116:5: error: 'GEARBOX_LINEAR' conflicts with a previous declaration
     GEARBOX_LINEAR,
     ^~~~~~~~~~~~~~
include/../include/types.h:38:5: note: previous declaration 'GearboxType GEARBOX_LINEAR'
     GEARBOX_LINEAR,
     ^~~~~~~~~~~~~~
include/../include/types.h:118:3: error: conflicting declaration 'typedef enum GearboxType GearboxType'
 } GearboxType;
   ^~~~~~~~~~~
include/../include/types.h:40:3: note: previous declaration as 'typedef enum GearboxType GearboxType'
 } GearboxType;
   ^~~~~~~~~~~
include/../include/types.h:122:22: error: 'DRIVE_STANDARD' conflicts with a previous declaration
     DRIVE_STANDARD = 0,
                      ^
include/../include/types.h:44:5: note: previous declaration 'DriveType DRIVE_STANDARD'
     DRIVE_STANDARD = 0,
     ^~~~~~~~~~~~~~
include/../include/types.h:125:3: error: conflicting declaration 'typedef enum DriveType DriveType'
 } DriveType;
   ^~~~~~~~~
include/../include/types.h:47:3: note: previous declaration as 'typedef enum DriveType DriveType'
 } DriveType;
   ^~~~~~~~~
include/../include/types.h:129:25: error: 'COMMUNICATION_CAN' conflicts with a previous declaration
     COMMUNICATION_CAN = 0,
                         ^
include/../include/types.h:51:5: note: previous declaration 'Communication COMMUNICATION_CAN'
     COMMUNICATION_CAN = 0,
     ^~~~~~~~~~~~~~~~~
include/../include/types.h:130:5: error: 'COMMUNICATION_RS485' conflicts with a previous declaration
     COMMUNICATION_RS485,
     ^~~~~~~~~~~~~~~~~~~
include/../include/types.h:52:5: note: previous declaration 'Communication COMMUNICATION_RS485'
     COMMUNICATION_RS485,
     ^~~~~~~~~~~~~~~~~~~
include/../include/types.h:131:5: error: 'COMMUNICATION_ETHERCAT' conflicts with a previous declaration
     COMMUNICATION_ETHERCAT,
     ^~~~~~~~~~~~~~~~~~~~~~
include/../include/types.h:53:5: note: previous declaration 'Communication COMMUNICATION_ETHERCAT'
     COMMUNICATION_ETHERCAT,
     ^~~~~~~~~~~~~~~~~~~~~~
include/../include/types.h:155:3: error: conflicting declaration 'typedef enum FrameType FrameType'
 } FrameType;
   ^~~~~~~~~
include/../include/types.h:66:3: note: previous declaration as 'typedef enum FrameType FrameType'
 } FrameType;
   ^~~~~~~~~
include/../include/types.h:191:3: error: conflicting declaration 'typedef struct MotorConfig MotorConfig'
 } MotorConfig;
   ^~~~~~~~~~~
In file included from src/drivers/rmd_x_driver.h:2,
                 from src/drivers/rmd_x_driver.cpp:1:
src/drivers/motor_driver.h:25:3: note: previous declaration as 'typedef struct MotorConfig MotorConfig'
 } MotorConfig;
   ^~~~~~~~~~~
In file included from src/drivers/rmd_x_driver.cpp:2:
include/../include/types.h:226:5: error: redefinition of 'MOTOR_STATE_POSITION_CONTROL'
     MOTOR_STATE_POSITION_CONTROL,
     ^~~~~~~~~~~~~~~~~~~~~~~~~~~~
include/../include/types.h:223:5: note: 'MOTOR_STATE_POSITION_CONTROL' previously defined here
     MOTOR_STATE_POSITION_CONTROL,
     ^~~~~~~~~~~~~~~~~~~~~~~~~~~~
include/../include/types.h:227:5: error: redefinition of 'MOTOR_STATE_VELOCITY_CONTROL'
     MOTOR_STATE_VELOCITY_CONTROL,
     ^~~~~~~~~~~~~~~~~~~~~~~~~~~~
include/../include/types.h:224:5: note: 'MOTOR_STATE_VELOCITY_CONTROL' previously defined here
     MOTOR_STATE_VELOCITY_CONTROL,
     ^~~~~~~~~~~~~~~~~~~~~~~~~~~~
include/../include/types.h:228:5: error: redefinition of 'MOTOR_STATE_TORQUE_CONTROL'
     MOTOR_STATE_TORQUE_CONTROL
     ^~~~~~~~~~~~~~~~~~~~~~~~~~
include/../include/types.h:225:5: note: 'MOTOR_STATE_TORQUE_CONTROL' previously defined here
     MOTOR_STATE_TORQUE_CONTROL,
     ^~~~~~~~~~~~~~~~~~~~~~~~~~
include/../include/types.h:240:3: error: conflicting declaration 'typedef struct PIDController PIDController'
 } PIDController;
   ^~~~~~~~~~~~~
include/../include/types.h:100:3: note: previous declaration as 'typedef struct PIDController PIDController'
 } PIDController;
   ^~~~~~~~~~~~~
In file included from src/drivers/rmd_x_driver.cpp:10:
src/motor_controller.h:80:3: error: 'MCP2515_CAN' does not name a type
   MCP2515_CAN* canBus;
   ^~~~~~~~~~~
In file included from src/drivers/rmd_l_driver.cpp:31:
src/protocols/pal.h:15:24: error: using typedef-name 'FrameType' after 'enum'
 enum class FrameType : uint8_t {
                        ^~~~~~~
In file included from src/drivers/rmd_l_driver.cpp:22:
include/../include/types.h:66:3: note: 'FrameType' has a previous declaration here
 } FrameType;
   ^~~~~~~~~
In file included from src/drivers/rmd_l_driver.cpp:31:
src/protocols/pal.h:29:26: error: using typedef-name 'MotorSeries' after 'enum'
 enum class MotorSeries : uint8_t {
                          ^~~~~~~
In file included from src/drivers/rmd_l_driver.cpp:22:
include/../include/types.h:30:3: note: 'MotorSeries' has a previous declaration here
 } MotorSeries;
   ^~~~~~~~~~~
In file included from src/drivers/rmd_l_driver.cpp:31:
src/protocols/pal.h:46:24: error: using typedef-name 'DriveType' after 'enum'
 enum class DriveType : uint8_t {
                        ^~~~~~~
In file included from src/drivers/rmd_l_driver.cpp:22:
include/../include/types.h:47:3: note: 'DriveType' has a previous declaration here
 } DriveType;
   ^~~~~~~~~
In file included from src/drivers/rmd_l_driver.cpp:31:
src/protocols/pal.h:52:26: error: using typedef-name 'GearboxType' after 'enum'
 enum class GearboxType : uint8_t {
                          ^~~~~~~
In file included from src/drivers/rmd_l_driver.cpp:22:
include/../include/types.h:40:3: note: 'GearboxType' has a previous declaration here
 } GearboxType;
   ^~~~~~~~~~~
In file included from src/drivers/rmd_l_driver.cpp:31:
src/protocols/pal.h:60:28: error: using typedef-name 'Communication' after 'enum'
 enum class Communication : uint8_t {
                            ^~~~~~~
In file included from src/drivers/rmd_l_driver.cpp:22:
include/../include/types.h:55:3: note: 'Communication' has a previous declaration here
 } Communication;
   ^~~~~~~~~~~~~
In file included from src/drivers/rmd_l_driver.cpp:31:
src/protocols/pal.h:67:8: error: using typedef-name 'MotorConfig' after 'struct'
 struct MotorConfig {
        ^~~~~~~~~~~
In file included from src/drivers/rmd_l_driver.h:3,
                 from src/drivers/rmd_l_driver.cpp:21:
src/drivers/motor_driver.h:25:3: note: 'MotorConfig' has a previous declaration here
 } MotorConfig;
   ^~~~~~~~~~~
src/drivers/rmd_l_driver.cpp:46:1: error: definition of explicitly-defaulted 'RMDLDriver::~RMDLDriver()'
 RMDLDriver::~RMDLDriver() = default;
 ^~~~~~~~~~
In file included from src/drivers/rmd_l_driver.cpp:21:
src/drivers/rmd_l_driver.h:8:5: note: 'virtual RMDLDriver::~RMDLDriver()' explicitly defaulted here
     ~RMDLDriver() override = default;
     ^
src/drivers/rmd_l_driver.cpp: In member function 'virtual bool RMDLDriver::init()':
src/drivers/rmd_l_driver.cpp:50:17: error: 'struct MotorConfig' has no member named 'communication'
     if (_config.communication == COMMUNICATION_CAN) {
                 ^~~~~~~~~~~~~
src/drivers/rmd_l_driver.cpp:51:22: error: 'getInstance' is not a member of 'CANBus'
         if (!CANBus::getInstance().begin(_config.canBusSpeed)) {
                      ^~~~~~~~~~~
src/drivers/rmd_l_driver.cpp:51:50: error: 'struct MotorConfig' has no member named 'canBusSpeed'
         if (!CANBus::getInstance().begin(_config.canBusSpeed)) {
                                                  ^~~~~~~~~~~
src/drivers/rmd_l_driver.cpp:58:17: error: 'struct MotorConfig' has no member named 'communication'
     if (_config.communication == COMMUNICATION_RS485) {
                 ^~~~~~~~~~~~~
src/drivers/rmd_l_driver.cpp:59:21: error: 'getInstance' is not a member of 'RS485'
         if (!RS485::getInstance().begin(_config.rs485BaudRate)) {
                     ^~~~~~~~~~~
src/drivers/rmd_l_driver.cpp:59:49: error: 'struct MotorConfig' has no member named 'rs485BaudRate'
         if (!RS485::getInstance().begin(_config.rs485BaudRate)) {
                                                 ^~~~~~~~~~~~~
src/drivers/rmd_l_driver.cpp:66:19: error: 'getInstance' is not a member of 'Encoder'
     if (!Encoder::getInstance().begin(_config.encoderPinA, _config.encoderPinB, _config.encoderPinZ)) {
                   ^~~~~~~~~~~
src/drivers/rmd_l_driver.cpp:66:47: error: 'struct MotorConfig' has no member named 'encoderPinA'
     if (!Encoder::getInstance().begin(_config.encoderPinA, _config.encoderPinB, _config.encoderPinZ)) {
                                               ^~~~~~~~~~~
src/drivers/rmd_l_driver.cpp:66:68: error: 'struct MotorConfig' has no member named 'encoderPinB'
     if (!Encoder::getInstance().begin(_config.encoderPinA, _config.encoderPinB, _config.encoderPinZ)) {
                                                                    ^~~~~~~~~~~
src/drivers/rmd_l_driver.cpp:66:89: error: 'struct MotorConfig' has no member named 'encoderPinZ'
     if (!Encoder::getInstance().begin(_config.encoderPinA, _config.encoderPinB, _config.encoderPinZ)) {
                                                                                         ^~~~~~~~~~~
src/drivers/rmd_l_driver.cpp:72:10: error: 'MotorDriver' has not been declared
     if (!MotorDriver::getInstance().begin(_config.motorPinPWM, _config.motorPinDir)) {
          ^~~~~~~~~~~
src/drivers/rmd_l_driver.cpp:72:51: error: 'struct MotorConfig' has no member named 'motorPinPWM'
     if (!MotorDriver::getInstance().begin(_config.motorPinPWM, _config.motorPinDir)) {
                                                   ^~~~~~~~~~~
src/drivers/rmd_l_driver.cpp:72:72: error: 'struct MotorConfig' has no member named 'motorPinDir'
     if (!MotorDriver::getInstance().begin(_config.motorPinPWM, _config.motorPinDir)) {
                                                                        ^~~~~~~~~~~
src/drivers/rmd_l_driver.cpp: In member function 'virtual void RMDLDriver::deinit()':
src/drivers/rmd_l_driver.cpp:88:5: error: 'MotorDriver' has not been declared
     MotorDriver::getInstance().end();
     ^~~~~~~~~~~
src/drivers/rmd_l_driver.cpp:89:14: error: 'getInstance' is not a member of 'Encoder'
     Encoder::getInstance().end();
              ^~~~~~~~~~~
src/drivers/rmd_l_driver.cpp: In member function 'virtual MotorStatus RMDLDriver::getStatus()':
src/drivers/rmd_l_driver.cpp:95:26: error: 'getInstance' is not a member of 'Encoder'
     _position = Encoder::getInstance().getPosition();
                          ^~~~~~~~~~~
src/drivers/rmd_l_driver.cpp:96:26: error: 'getInstance' is not a member of 'Encoder'
     _velocity = Encoder::getInstance().getVelocity();
                          ^~~~~~~~~~~
src/drivers/rmd_l_driver.cpp:99:16: error: 'MotorDriver' has not been declared
     _current = MotorDriver::getInstance().getCurrent();
                ^~~~~~~~~~~
src/drivers/rmd_l_driver.cpp:102:20: error: 'MotorDriver' has not been declared
     _temperature = MotorDriver::getInstance().getTemperature();
                    ^~~~~~~~~~~
src/drivers/rmd_l_driver.cpp:105:13: error: request for member 'position' in '((RMDLDriver*)this)->RMDLDriver::_status', which is of non-class type 'MotorStatus'
     _status.position = _position;
             ^~~~~~~~
src/drivers/rmd_l_driver.cpp:106:13: error: request for member 'velocity' in '((RMDLDriver*)this)->RMDLDriver::_status', which is of non-class type 'MotorStatus'
     _status.velocity = _velocity;
             ^~~~~~~~
src/drivers/rmd_l_driver.cpp:107:13: error: request for member 'current' in '((RMDLDriver*)this)->RMDLDriver::_status', which is of non-class type 'MotorStatus'
     _status.current = _current;
             ^~~~~~~
src/drivers/rmd_l_driver.cpp:108:13: error: request for member 'temperature' in '((RMDLDriver*)this)->RMDLDriver::_status', which is of non-class type 'MotorStatus'
     _status.temperature = _temperature;
             ^~~~~~~~~~~
src/drivers/rmd_l_driver.cpp:109:13: error: request for member 'enabled' in '((RMDLDriver*)this)->RMDLDriver::_status', which is of non-class type 'MotorStatus'
     _status.enabled = MotorDriver::getInstance().isEnabled();
             ^~~~~~~
src/drivers/rmd_l_driver.cpp:109:23: error: 'MotorDriver' has not been declared
     _status.enabled = MotorDriver::getInstance().isEnabled();
                       ^~~~~~~~~~~
src/drivers/rmd_l_driver.cpp: In member function 'virtual void RMDLDriver::setPosition(float)':
src/drivers/rmd_l_driver.cpp:135:26: error: 'struct MotorConfig' has no member named 'maxPosition'
     if (target > _config.maxPosition) {
                          ^~~~~~~~~~~
src/drivers/rmd_l_driver.cpp:136:26: error: 'struct MotorConfig' has no member named 'maxPosition'
         target = _config.maxPosition;
                          ^~~~~~~~~~~
src/drivers/rmd_l_driver.cpp:137:34: error: 'struct MotorConfig' has no member named 'maxPosition'
     } else if (target < -_config.maxPosition) {
                                  ^~~~~~~~~~~
src/drivers/rmd_l_driver.cpp:138:27: error: 'struct MotorConfig' has no member named 'maxPosition'
         target = -_config.maxPosition;
                           ^~~~~~~~~~~
src/drivers/rmd_l_driver.cpp:141:5: error: 'MotorDriver' has not been declared
     MotorDriver::getInstance().setPosition(target);
     ^~~~~~~~~~~
src/drivers/rmd_l_driver.cpp: In member function 'virtual void RMDLDriver::setVelocity(float)':
src/drivers/rmd_l_driver.cpp:152:5: error: 'MotorDriver' has not been declared
     MotorDriver::getInstance().setVelocity(target);
     ^~~~~~~~~~~
src/drivers/rmd_l_driver.cpp: In member function 'virtual void RMDLDriver::setTorque(float)':
src/drivers/rmd_l_driver.cpp:163:5: error: 'MotorDriver' has not been declared
     MotorDriver::getInstance().setTorque(target);
     ^~~~~~~~~~~
src/drivers/rmd_l_driver.cpp: In member function 'virtual void RMDLDriver::enable()':
src/drivers/rmd_l_driver.cpp:167:5: error: 'MotorDriver' has not been declared
     MotorDriver::getInstance().enable();
     ^~~~~~~~~~~
src/drivers/rmd_l_driver.cpp: In member function 'virtual void RMDLDriver::disable()':
src/drivers/rmd_l_driver.cpp:172:5: error: 'MotorDriver' has not been declared
     MotorDriver::getInstance().disable();
     ^~~~~~~~~~~
src/drivers/rmd_l_driver.cpp: In member function 'virtual void RMDLDriver::faultReset()':
src/drivers/rmd_l_driver.cpp:177:5: error: 'MotorDriver' has not been declared
     MotorDriver::getInstance().faultReset();
     ^~~~~~~~~~~
src/drivers/rmd_l_driver.cpp: In member function 'virtual void RMDLDriver::setLimits(float, float)':
src/drivers/rmd_l_driver.cpp:184:5: error: 'MotorDriver' has not been declared
     MotorDriver::getInstance().setLimits(maxVelocity, maxTorque);
     ^~~~~~~~~~~
src/drivers/rmd_l_driver.cpp: In member function 'virtual void RMDLDriver::setGains(float, float, float)':
src/drivers/rmd_l_driver.cpp:191:5: error: 'MotorDriver' has not been declared
     MotorDriver::getInstance().setGains(kp, ki, kd);
     ^~~~~~~~~~~
In file included from src/drivers/rmd_x_driver.cpp:11:
src/protocols/pal.h:15:24: error: using typedef-name 'FrameType' after 'enum'
 enum class FrameType : uint8_t {
                        ^~~~~~~
In file included from src/drivers/rmd_x_driver.cpp:2:
include/../include/types.h:66:3: note: 'FrameType' has a previous declaration here
 } FrameType;
   ^~~~~~~~~
In file included from src/drivers/rmd_x_driver.cpp:11:
src/protocols/pal.h:29:26: error: using typedef-name 'MotorSeries' after 'enum'
 enum class MotorSeries : uint8_t {
                          ^~~~~~~
In file included from src/drivers/rmd_x_driver.cpp:2:
include/../include/types.h:30:3: note: 'MotorSeries' has a previous declaration here
 } MotorSeries;
   ^~~~~~~~~~~
In file included from src/drivers/rmd_x_driver.cpp:11:
src/protocols/pal.h:46:24: error: using typedef-name 'DriveType' after 'enum'
 enum class DriveType : uint8_t {
                        ^~~~~~~
In file included from src/drivers/rmd_x_driver.cpp:2:
include/../include/types.h:47:3: note: 'DriveType' has a previous declaration here
 } DriveType;
   ^~~~~~~~~
In file included from src/drivers/rmd_x_driver.cpp:11:
src/protocols/pal.h:52:26: error: using typedef-name 'GearboxType' after 'enum'
 enum class GearboxType : uint8_t {
                          ^~~~~~~
In file included from src/drivers/rmd_x_driver.cpp:2:
include/../include/types.h:40:3: note: 'GearboxType' has a previous declaration here
 } GearboxType;
   ^~~~~~~~~~~
In file included from src/drivers/rmd_x_driver.cpp:11:
src/protocols/pal.h:60:28: error: using typedef-name 'Communication' after 'enum'
 enum class Communication : uint8_t {
                            ^~~~~~~
In file included from src/drivers/rmd_x_driver.cpp:2:
include/../include/types.h:55:3: note: 'Communication' has a previous declaration here
 } Communication;
   ^~~~~~~~~~~~~
In file included from src/drivers/rmd_x_driver.cpp:11:
src/protocols/pal.h:67:8: error: using typedef-name 'MotorConfig' after 'struct'
 struct MotorConfig {
        ^~~~~~~~~~~
In file included from src/drivers/rmd_x_driver.h:2,
                 from src/drivers/rmd_x_driver.cpp:1:
src/drivers/motor_driver.h:25:3: note: 'MotorConfig' has a previous declaration here
 } MotorConfig;
   ^~~~~~~~~~~
src/drivers/rmd_x_driver.cpp: In member function 'virtual void RMDXDriver::setLimits(float, float)':
src/drivers/rmd_x_driver.cpp:110:13: error: 'struct MotorConfig' has no member named 'max_velocity_limit'; did you mean 'maxVelocity'?
     _config.max_velocity_limit = maxVelocity;
             ^~~~~~~~~~~~~~~~~~
             maxVelocity
src/drivers/rmd_x_driver.cpp:111:13: error: 'struct MotorConfig' has no member named 'max_torque_limit'; did you mean 'maxTorque'?
     _config.max_torque_limit = maxTorque;
             ^~~~~~~~~~~~~~~~
             maxTorque
src/drivers/rmd_x_driver.cpp: At global scope:
src/drivers/rmd_x_driver.cpp:120:6: error: no declaration matches 'void RMDXDriver::setGearboxRatio(float)'
 void RMDXDriver::setGearboxRatio(float ratio) {
      ^~~~~~~~~~
src/drivers/rmd_x_driver.cpp:120:6: note: no functions named 'void RMDXDriver::setGearboxRatio(float)'
In file included from src/drivers/rmd_x_driver.cpp:1:
src/drivers/rmd_x_driver.h:4:7: note: 'class RMDXDriver' defined here
 class RMDXDriver : public IMotorDriver {
       ^~~~~~~~~~
*** [.pio/build/esp32/src/drivers/rmd_l_driver.cpp.o] Error 1
*** [.pio/build/esp32/src/drivers/rmd_x_driver.cpp.o] Error 1
========================== [FAILED] Took 1.40 seconds ==========================

Processing esp32s3 (platform: espressif32; board: esp32-s3-devkitc-1; framework: arduino)
--------------------------------------------------------------------------------
Verbose mode can be enabled via `-v, --verbose` option
CONFIGURATION: https://docs.platformio.org/page/boards/espressif32/esp32-s3-devkitc-1.html
PLATFORM: Espressif 32 (7.0.1) > Espressif ESP32-S3-DevKitC-1-N8 (8 MB QD, No PSRAM)
HARDWARE: ESP32S3 240MHz, 320KB RAM, 8MB Flash
DEBUG: Current (esp-builtin) On-board (esp-builtin) External (cmsis-dap, esp-bridge, esp-prog, iot-bus-jtag, jlink, minimodule, olimex-arm-usb-ocd, olimex-arm-usb-ocd-h, olimex-arm-usb-tiny-h, olimex-jtag-tiny, tumpa)
PACKAGES: 
 - framework-arduinoespressif32 @ 3.20017.241212+sha.dcc1105b 
 - tool-esptoolpy @ 2.41100.0 (4.11.0) 
 - toolchain-riscv32-esp @ 8.4.0+2021r2-patch5 
 - toolchain-xtensa-esp32s3 @ 8.4.0+2021r2-patch5
LDF: Library Dependency Finder -> https://bit.ly/configure-pio-ldf
LDF Modes: Finder ~ chain, Compatibility ~ soft
Found 33 compatible libraries
Scanning dependencies...
Dependency Graph
|-- SPI @ 2.0.0
Building in release mode
Compiling .pio/build/esp32s3/src/drivers/can_bus.cpp.o
Compiling .pio/build/esp32s3/src/drivers/cem_driver.cpp.o
Compiling .pio/build/esp32s3/src/drivers/encoder.cpp.o
Compiling .pio/build/esp32s3/src/drivers/ethercat.cpp.o
Compiling .pio/build/esp32s3/src/drivers/fl_driver.cpp.o
Compiling .pio/build/esp32s3/src/drivers/mcp2515_can.cpp.o
Compiling .pio/build/esp32s3/src/drivers/rh_driver.cpp.o
Compiling .pio/build/esp32s3/src/drivers/rmd_h_driver.cpp.o
Compiling .pio/build/esp32s3/src/drivers/rmd_l_driver.cpp.o
Compiling .pio/build/esp32s3/src/drivers/rmd_x_driver.cpp.o
Compiling .pio/build/esp32s3/src/drivers/rs485.cpp.o
Compiling .pio/build/esp32s3/src/main.cpp.o
Compiling .pio/build/esp32s3/src/motor_controller.cpp.o
Compiling .pio/build/esp32s3/src/protocols/pal.cpp.o
Compiling .pio/build/esp32s3/src/utils/config.cpp.o
Compiling .pio/build/esp32s3/src/utils/logger.cpp.o
Compiling .pio/build/esp32s3/src/utils/pid_controller.cpp.o
Building .pio/build/esp32s3/bootloader.bin
Generating partitions .pio/build/esp32s3/partitions.bin
esptool.py v4.11.0
Creating esp32s3 image...
Merged 1 ELF section
Successfully created esp32s3 image.
Compiling .pio/build/esp32s3/lib169/SPI/SPI.cpp.o
In file included from src/drivers/mcp2515_can.cpp:1:
src/drivers/mcp2515_can.h:5:10: fatal error: mcp2515_can.h: No such file or directory

*********************************************************************
* Looking for mcp2515_can.h dependency? Check our library registry!
*
* CLI  > platformio lib search "header:mcp2515_can.h"
* Web  > https://registry.platformio.org/search?q=header:mcp2515_can.h
*
*********************************************************************

 #include <mcp2515_can.h>
          ^~~~~~~~~~~~~~~
compilation terminated.
In file included from src/drivers/rmd_l_driver.cpp:31:
src/protocols/pal.h:12:10: fatal error: ArduinoJson.h: No such file or directory

*********************************************************************
* Looking for ArduinoJson.h dependency? Check our library registry!
*
* CLI  > platformio lib search "header:ArduinoJson.h"
* Web  > https://registry.platformio.org/search?q=header:ArduinoJson.h
*
*********************************************************************

 #include <ArduinoJson.h>
          ^~~~~~~~~~~~~~~
compilation terminated.
In file included from src/main.cpp:16:
src/protocols/pal.h:12:10: fatal error: ArduinoJson.h: No such file or directory

*********************************************************************
* Looking for ArduinoJson.h dependency? Check our library registry!
*
* CLI  > platformio lib search "header:ArduinoJson.h"
* Web  > https://registry.platformio.org/search?q=header:ArduinoJson.h
*
*********************************************************************

 #include <ArduinoJson.h>
          ^~~~~~~~~~~~~~~
compilation terminated.
In file included from src/drivers/rmd_x_driver.cpp:11:
src/protocols/pal.h:12:10: fatal error: ArduinoJson.h: No such file or directory

*********************************************************************
* Looking for ArduinoJson.h dependency? Check our library registry!
*
* CLI  > platformio lib search "header:ArduinoJson.h"
* Web  > https://registry.platformio.org/search?q=header:ArduinoJson.h
*
*********************************************************************

 #include <ArduinoJson.h>
          ^~~~~~~~~~~~~~~
compilation terminated.
In file included from src/motor_controller.cpp:2:
src/protocols/pal.h:12:10: fatal error: ArduinoJson.h: No such file or directory

*********************************************************************
* Looking for ArduinoJson.h dependency? Check our library registry!
*
* CLI  > platformio lib search "header:ArduinoJson.h"
* Web  > https://registry.platformio.org/search?q=header:ArduinoJson.h
*
*********************************************************************

 #include <ArduinoJson.h>
          ^~~~~~~~~~~~~~~
compilation terminated.
In file included from src/protocols/pal.cpp:7:
src/protocols/pal.h:12:10: fatal error: ArduinoJson.h: No such file or directory

*********************************************************************
* Looking for ArduinoJson.h dependency? Check our library registry!
*
* CLI  > platformio lib search "header:ArduinoJson.h"
* Web  > https://registry.platformio.org/search?q=header:ArduinoJson.h
*
*********************************************************************

 #include <ArduinoJson.h>
          ^~~~~~~~~~~~~~~
compilation terminated.
In file included from src/utils/config.cpp:5:
src/utils/config.h:11:10: fatal error: ArduinoJson.h: No such file or directory

*********************************************************************
* Looking for ArduinoJson.h dependency? Check our library registry!
*
* CLI  > platformio lib search "header:ArduinoJson.h"
* Web  > https://registry.platformio.org/search?q=header:ArduinoJson.h
*
*********************************************************************

 #include <ArduinoJson.h>
          ^~~~~~~~~~~~~~~
compilation terminated.
Compiling .pio/build/esp32s3/FrameworkArduino/Esp.cpp.o
*** [.pio/build/esp32s3/src/drivers/rmd_l_driver.cpp.o] Error 1
*** [.pio/build/esp32s3/src/drivers/mcp2515_can.cpp.o] Error 1
*** [.pio/build/esp32s3/src/main.cpp.o] Error 1
*** [.pio/build/esp32s3/src/drivers/rmd_x_driver.cpp.o] Error 1
*** [.pio/build/esp32s3/src/motor_controller.cpp.o] Error 1
*** [.pio/build/esp32s3/src/protocols/pal.cpp.o] Error 1
*** [.pio/build/esp32s3/src/utils/config.cpp.o] Error 1
In file included from src/drivers/cem_driver.cpp:128:
include/../include/types.h:92:3: error: conflicting declaration 'typedef struct MotorConfig MotorConfig'
 } MotorConfig;
   ^~~~~~~~~~~
In file included from src/drivers/cem_driver.h:3,
                 from src/drivers/cem_driver.cpp:127:
src/drivers/motor_driver.h:25:3: note: previous declaration as 'typedef struct MotorConfig MotorConfig'
 } MotorConfig;
   ^~~~~~~~~~~
In file included from src/drivers/cem_driver.cpp:128:
include/../include/types.h:112:25: error: 'GEARBOX_PLANETARY' conflicts with a previous declaration
     GEARBOX_PLANETARY = 0,
                         ^
include/../include/types.h:34:5: note: previous declaration 'GearboxType GEARBOX_PLANETARY'
     GEARBOX_PLANETARY = 0,
     ^~~~~~~~~~~~~~~~~
include/../include/types.h:113:5: error: 'GEARBOX_HARMONIC' conflicts with a previous declaration
     GEARBOX_HARMONIC,
     ^~~~~~~~~~~~~~~~
include/../include/types.h:35:5: note: previous declaration 'GearboxType GEARBOX_HARMONIC'
     GEARBOX_HARMONIC,
     ^~~~~~~~~~~~~~~~
include/../include/types.h:114:5: error: 'GEARBOX_DIRECT' conflicts with a previous declaration
     GEARBOX_DIRECT,
     ^~~~~~~~~~~~~~
include/../include/types.h:36:5: note: previous declaration 'GearboxType GEARBOX_DIRECT'
     GEARBOX_DIRECT,
     ^~~~~~~~~~~~~~
include/../include/types.h:115:5: error: 'GEARBOX_CYCLOID' conflicts with a previous declaration
     GEARBOX_CYCLOID,
     ^~~~~~~~~~~~~~~
include/../include/types.h:37:5: note: previous declaration 'GearboxType GEARBOX_CYCLOID'
     GEARBOX_CYCLOID,
     ^~~~~~~~~~~~~~~
include/../include/types.h:116:5: error: 'GEARBOX_LINEAR' conflicts with a previous declaration
     GEARBOX_LINEAR,
     ^~~~~~~~~~~~~~
include/../include/types.h:38:5: note: previous declaration 'GearboxType GEARBOX_LINEAR'
     GEARBOX_LINEAR,
     ^~~~~~~~~~~~~~
include/../include/types.h:118:3: error: conflicting declaration 'typedef enum GearboxType GearboxType'
 } GearboxType;
   ^~~~~~~~~~~
include/../include/types.h:40:3: note: previous declaration as 'typedef enum GearboxType GearboxType'
 } GearboxType;
   ^~~~~~~~~~~
include/../include/types.h:122:22: error: 'DRIVE_STANDARD' conflicts with a previous declaration
     DRIVE_STANDARD = 0,
                      ^
include/../include/types.h:44:5: note: previous declaration 'DriveType DRIVE_STANDARD'
     DRIVE_STANDARD = 0,
     ^~~~~~~~~~~~~~
include/../include/types.h:125:3: error: conflicting declaration 'typedef enum DriveType DriveType'
 } DriveType;
   ^~~~~~~~~
include/../include/types.h:47:3: note: previous declaration as 'typedef enum DriveType DriveType'
 } DriveType;
   ^~~~~~~~~
include/../include/types.h:129:25: error: 'COMMUNICATION_CAN' conflicts with a previous declaration
     COMMUNICATION_CAN = 0,
                         ^
include/../include/types.h:51:5: note: previous declaration 'Communication COMMUNICATION_CAN'
     COMMUNICATION_CAN = 0,
     ^~~~~~~~~~~~~~~~~
include/../include/types.h:130:5: error: 'COMMUNICATION_RS485' conflicts with a previous declaration
     COMMUNICATION_RS485,
     ^~~~~~~~~~~~~~~~~~~
include/../include/types.h:52:5: note: previous declaration 'Communication COMMUNICATION_RS485'
     COMMUNICATION_RS485,
     ^~~~~~~~~~~~~~~~~~~
include/../include/types.h:131:5: error: 'COMMUNICATION_ETHERCAT' conflicts with a previous declaration
     COMMUNICATION_ETHERCAT,
     ^~~~~~~~~~~~~~~~~~~~~~
include/../include/types.h:53:5: note: previous declaration 'Communication COMMUNICATION_ETHERCAT'
     COMMUNICATION_ETHERCAT,
     ^~~~~~~~~~~~~~~~~~~~~~
include/../include/types.h:155:3: error: conflicting declaration 'typedef enum FrameType FrameType'
 } FrameType;
   ^~~~~~~~~
include/../include/types.h:66:3: note: previous declaration as 'typedef enum FrameType FrameType'
 } FrameType;
   ^~~~~~~~~
include/../include/types.h:191:3: error: conflicting declaration 'typedef struct MotorConfig MotorConfig'
 } MotorConfig;
   ^~~~~~~~~~~
In file included from src/drivers/cem_driver.h:3,
                 from src/drivers/cem_driver.cpp:127:
src/drivers/motor_driver.h:25:3: note: previous declaration as 'typedef struct MotorConfig MotorConfig'
 } MotorConfig;
   ^~~~~~~~~~~
In file included from src/drivers/cem_driver.cpp:128:
include/../include/types.h:226:5: error: redefinition of 'MOTOR_STATE_POSITION_CONTROL'
     MOTOR_STATE_POSITION_CONTROL,
     ^~~~~~~~~~~~~~~~~~~~~~~~~~~~
include/../include/types.h:223:5: note: 'MOTOR_STATE_POSITION_CONTROL' previously defined here
     MOTOR_STATE_POSITION_CONTROL,
     ^~~~~~~~~~~~~~~~~~~~~~~~~~~~
include/../include/types.h:227:5: error: redefinition of 'MOTOR_STATE_VELOCITY_CONTROL'
     MOTOR_STATE_VELOCITY_CONTROL,
     ^~~~~~~~~~~~~~~~~~~~~~~~~~~~
include/../include/types.h:224:5: note: 'MOTOR_STATE_VELOCITY_CONTROL' previously defined here
     MOTOR_STATE_VELOCITY_CONTROL,
     ^~~~~~~~~~~~~~~~~~~~~~~~~~~~
include/../include/types.h:228:5: error: redefinition of 'MOTOR_STATE_TORQUE_CONTROL'
     MOTOR_STATE_TORQUE_CONTROL
     ^~~~~~~~~~~~~~~~~~~~~~~~~~
include/../include/types.h:225:5: note: 'MOTOR_STATE_TORQUE_CONTROL' previously defined here
     MOTOR_STATE_TORQUE_CONTROL,
     ^~~~~~~~~~~~~~~~~~~~~~~~~~
include/../include/types.h:240:3: error: conflicting declaration 'typedef struct PIDController PIDController'
 } PIDController;
   ^~~~~~~~~~~~~
include/../include/types.h:100:3: note: previous declaration as 'typedef struct PIDController PIDController'
 } PIDController;
   ^~~~~~~~~~~~~
*** [.pio/build/esp32s3/src/drivers/cem_driver.cpp.o] Error 1
src/utils/logger.cpp:5:17: error: 'uint8_t Logger::_level' is not a static data member of 'class Logger'
 uint8_t Logger::_level = LOG_LEVEL_INFO;
                 ^~~~~~
src/utils/logger.cpp:5:26: error: 'LOG_LEVEL_INFO' was not declared in this scope
 uint8_t Logger::_level = LOG_LEVEL_INFO;
                          ^~~~~~~~~~~~~~
src/utils/logger.cpp:5:26: note: suggested alternative: 'ESP_LOG_INFO'
 uint8_t Logger::_level = LOG_LEVEL_INFO;
                          ^~~~~~~~~~~~~~
                          ESP_LOG_INFO
src/utils/logger.cpp:6:18: error: 'uint32_t Logger::_timestamp' is not a static data member of 'class Logger'
 uint32_t Logger::_timestamp = 0;
                  ^~~~~~~~~~
src/utils/logger.cpp:8:6: error: no declaration matches 'void Logger::init(uint32_t)'
 void Logger::init(uint32_t baud) {
      ^~~~~~
In file included from src/utils/logger.cpp:1:
src/utils/logger.h:14:17: note: candidate is: 'static void Logger::init(Stream&)'
     static void init(Stream& stream);
                 ^~~~
src/utils/logger.h:12:7: note: 'class Logger' defined here
 class Logger {
       ^~~~~~
src/utils/logger.cpp:13:6: error: no declaration matches 'void Logger::setLevel(uint8_t)'
 void Logger::setLevel(uint8_t level) {
      ^~~~~~
src/utils/logger.cpp:13:6: note: no functions named 'void Logger::setLevel(uint8_t)'
In file included from src/utils/logger.cpp:1:
src/utils/logger.h:12:7: note: 'class Logger' defined here
 class Logger {
       ^~~~~~
src/utils/logger.cpp:17:9: error: no declaration matches 'uint8_t Logger::getLevel()'
 uint8_t Logger::getLevel() {
         ^~~~~~
src/utils/logger.cpp:17:9: note: no functions named 'uint8_t Logger::getLevel()'
In file included from src/utils/logger.cpp:1:
src/utils/logger.h:12:7: note: 'class Logger' defined here
 class Logger {
       ^~~~~~
src/utils/logger.cpp:21:6: error: no declaration matches 'void Logger::log(uint8_t, const char*, const char*, ...)'
 void Logger::log(uint8_t level, const char* module, const char* fmt, ...) {
      ^~~~~~
src/utils/logger.cpp:21:6: note: no functions named 'void Logger::log(uint8_t, const char*, const char*, ...)'
In file included from src/utils/logger.cpp:1:
src/utils/logger.h:12:7: note: 'class Logger' defined here
 class Logger {
       ^~~~~~
src/utils/logger.cpp:55:6: error: no declaration matches 'void Logger::error(const char*, const char*, ...)'
 void Logger::error(const char* module, const char* fmt, ...) {
      ^~~~~~
In file included from src/utils/logger.cpp:1:
src/utils/logger.h:17:17: note: candidate is: 'static void Logger::error(const String&)'
     static void error(const String& message);
                 ^~~~~
src/utils/logger.h:12:7: note: 'class Logger' defined here
 class Logger {
       ^~~~~~
src/utils/logger.cpp:62:6: error: no declaration matches 'void Logger::warn(const char*, const char*, ...)'
 void Logger::warn(const char* module, const char* fmt, ...) {
      ^~~~~~
In file included from src/utils/logger.cpp:1:
src/utils/logger.h:16:17: note: candidate is: 'static void Logger::warn(const String&)'
     static void warn(const String& message);
                 ^~~~
src/utils/logger.h:12:7: note: 'class Logger' defined here
 class Logger {
       ^~~~~~
src/utils/logger.cpp:69:6: error: no declaration matches 'void Logger::info(const char*, const char*, ...)'
 void Logger::info(const char* module, const char* fmt, ...) {
      ^~~~~~
In file included from src/utils/logger.cpp:1:
src/utils/logger.h:15:17: note: candidate is: 'static void Logger::info(const String&)'
     static void info(const String& message);
                 ^~~~
src/utils/logger.h:12:7: note: 'class Logger' defined here
 class Logger {
       ^~~~~~
src/utils/logger.cpp:76:6: error: no declaration matches 'void Logger::debug(const char*, const char*, ...)'
 void Logger::debug(const char* module, const char* fmt, ...) {
      ^~~~~~
In file included from src/utils/logger.cpp:1:
src/utils/logger.h:18:17: note: candidate is: 'static void Logger::debug(const String&)'
     static void debug(const String& message);
                 ^~~~~
src/utils/logger.h:12:7: note: 'class Logger' defined here
 class Logger {
       ^~~~~~
src/utils/logger.cpp:83:6: error: no declaration matches 'void Logger::verbose(const char*, const char*, ...)'
 void Logger::verbose(const char* module, const char* fmt, ...) {
      ^~~~~~
src/utils/logger.cpp:83:6: note: no functions named 'void Logger::verbose(const char*, const char*, ...)'
In file included from src/utils/logger.cpp:1:
src/utils/logger.h:12:7: note: 'class Logger' defined here
 class Logger {
       ^~~~~~
*** [.pio/build/esp32s3/src/utils/logger.cpp.o] Error 1
========================== [FAILED] Took 1.35 seconds ==========================

Processing esp32c3 (platform: espressif32; board: esp32-c3-devkitm-1; framework: arduino)
--------------------------------------------------------------------------------
Verbose mode can be enabled via `-v, --verbose` option
CONFIGURATION: https://docs.platformio.org/page/boards/espressif32/esp32-c3-devkitm-1.html
PLATFORM: Espressif 32 (7.0.1) > Espressif ESP32-C3-DevKitM-1
HARDWARE: ESP32C3 160MHz, 320KB RAM, 4MB Flash
DEBUG: Current (cmsis-dap) External (cmsis-dap, esp-bridge, esp-builtin, esp-prog, iot-bus-jtag, jlink, minimodule, olimex-arm-usb-ocd, olimex-arm-usb-ocd-h, olimex-arm-usb-tiny-h, olimex-jtag-tiny, tumpa)
PACKAGES: 
 - framework-arduinoespressif32 @ 3.20017.241212+sha.dcc1105b 
 - tool-esptoolpy @ 2.41100.0 (4.11.0) 
 - toolchain-riscv32-esp @ 8.4.0+2021r2-patch5
LDF: Library Dependency Finder -> https://bit.ly/configure-pio-ldf
LDF Modes: Finder ~ chain, Compatibility ~ soft
Found 33 compatible libraries
Scanning dependencies...
Dependency Graph
|-- SPI @ 2.0.0
Building in release mode
Compiling .pio/build/esp32c3/src/drivers/can_bus.cpp.o
Compiling .pio/build/esp32c3/src/drivers/cem_driver.cpp.o
Compiling .pio/build/esp32c3/src/drivers/encoder.cpp.o
Compiling .pio/build/esp32c3/src/drivers/ethercat.cpp.o
Compiling .pio/build/esp32c3/src/drivers/fl_driver.cpp.o
Compiling .pio/build/esp32c3/src/drivers/mcp2515_can.cpp.o
Compiling .pio/build/esp32c3/src/drivers/rh_driver.cpp.o
Compiling .pio/build/esp32c3/src/drivers/rmd_h_driver.cpp.o
Compiling .pio/build/esp32c3/src/drivers/rmd_l_driver.cpp.o
Compiling .pio/build/esp32c3/src/drivers/rmd_x_driver.cpp.o
Compiling .pio/build/esp32c3/src/drivers/rs485.cpp.o
Compiling .pio/build/esp32c3/src/main.cpp.o
Compiling .pio/build/esp32c3/src/motor_controller.cpp.o
Compiling .pio/build/esp32c3/src/protocols/pal.cpp.o
Compiling .pio/build/esp32c3/src/utils/config.cpp.o
Compiling .pio/build/esp32c3/src/utils/logger.cpp.o
Compiling .pio/build/esp32c3/src/utils/pid_controller.cpp.o
Building .pio/build/esp32c3/bootloader.bin
Generating partitions .pio/build/esp32c3/partitions.bin
Compiling .pio/build/esp32c3/lib169/SPI/SPI.cpp.o
esptool.py v4.11.0
Creating esp32c3 image...
Merged 1 ELF section
Successfully created esp32c3 image.
In file included from src/drivers/mcp2515_can.cpp:1:
src/drivers/mcp2515_can.h:5:10: fatal error: mcp2515_can.h: No such file or directory

*********************************************************************
* Looking for mcp2515_can.h dependency? Check our library registry!
*
* CLI  > platformio lib search "header:mcp2515_can.h"
* Web  > https://registry.platformio.org/search?q=header:mcp2515_can.h
*
*********************************************************************

 #include <mcp2515_can.h>
          ^~~~~~~~~~~~~~~
compilation terminated.
In file included from src/drivers/rmd_x_driver.cpp:11:
src/protocols/pal.h:12:10: fatal error: ArduinoJson.h: No such file or directory

*********************************************************************
* Looking for ArduinoJson.h dependency? Check our library registry!
*
* CLI  > platformio lib search "header:ArduinoJson.h"
* Web  > https://registry.platformio.org/search?q=header:ArduinoJson.h
*
*********************************************************************

 #include <ArduinoJson.h>
          ^~~~~~~~~~~~~~~
compilation terminated.
In file included from src/drivers/rmd_l_driver.cpp:31:
src/protocols/pal.h:12:10: fatal error: ArduinoJson.h: No such file or directory

*********************************************************************
* Looking for ArduinoJson.h dependency? Check our library registry!
*
* CLI  > platformio lib search "header:ArduinoJson.h"
* Web  > https://registry.platformio.org/search?q=header:ArduinoJson.h
*
*********************************************************************

 #include <ArduinoJson.h>
          ^~~~~~~~~~~~~~~
compilation terminated.
In file included from src/motor_controller.cpp:2:
src/protocols/pal.h:12:10: fatal error: ArduinoJson.h: No such file or directory

*********************************************************************
* Looking for ArduinoJson.h dependency? Check our library registry!
*
* CLI  > platformio lib search "header:ArduinoJson.h"
* Web  > https://registry.platformio.org/search?q=header:ArduinoJson.h
*
*********************************************************************

 #include <ArduinoJson.h>
          ^~~~~~~~~~~~~~~
compilation terminated.
Compiling .pio/build/esp32c3/FrameworkArduino/Esp.cpp.o
*** [.pio/build/esp32c3/src/drivers/mcp2515_can.cpp.o] Error 1
In file included from src/main.cpp:16:
src/protocols/pal.h:12:10: fatal error: ArduinoJson.h: No such file or directory

*********************************************************************
* Looking for ArduinoJson.h dependency? Check our library registry!
*
* CLI  > platformio lib search "header:ArduinoJson.h"
* Web  > https://registry.platformio.org/search?q=header:ArduinoJson.h
*
*********************************************************************

 #include <ArduinoJson.h>
          ^~~~~~~~~~~~~~~
compilation terminated.
*** [.pio/build/esp32c3/src/drivers/rmd_x_driver.cpp.o] Error 1
*** [.pio/build/esp32c3/src/drivers/rmd_l_driver.cpp.o] Error 1
*** [.pio/build/esp32c3/src/motor_controller.cpp.o] Error 1
*** [.pio/build/esp32c3/src/main.cpp.o] Error 1
In file included from src/protocols/pal.cpp:7:
src/protocols/pal.h:12:10: fatal error: ArduinoJson.h: No such file or directory

*********************************************************************
* Looking for ArduinoJson.h dependency? Check our library registry!
*
* CLI  > platformio lib search "header:ArduinoJson.h"
* Web  > https://registry.platformio.org/search?q=header:ArduinoJson.h
*
*********************************************************************

 #include <ArduinoJson.h>
          ^~~~~~~~~~~~~~~
compilation terminated.
*** [.pio/build/esp32c3/src/protocols/pal.cpp.o] Error 1
In file included from src/utils/config.cpp:5:
src/utils/config.h:11:10: fatal error: ArduinoJson.h: No such file or directory

*********************************************************************
* Looking for ArduinoJson.h dependency? Check our library registry!
*
* CLI  > platformio lib search "header:ArduinoJson.h"
* Web  > https://registry.platformio.org/search?q=header:ArduinoJson.h
*
*********************************************************************

 #include <ArduinoJson.h>
          ^~~~~~~~~~~~~~~
compilation terminated.
*** [.pio/build/esp32c3/src/utils/config.cpp.o] Error 1
In file included from src/drivers/cem_driver.cpp:128:
include/../include/types.h:92:3: error: conflicting declaration 'typedef struct MotorConfig MotorConfig'
 } MotorConfig;
   ^~~~~~~~~~~
In file included from src/drivers/cem_driver.h:3,
                 from src/drivers/cem_driver.cpp:127:
src/drivers/motor_driver.h:25:3: note: previous declaration as 'typedef struct MotorConfig MotorConfig'
 } MotorConfig;
   ^~~~~~~~~~~
In file included from src/drivers/cem_driver.cpp:128:
include/../include/types.h:112:25: error: 'GEARBOX_PLANETARY' conflicts with a previous declaration
     GEARBOX_PLANETARY = 0,
                         ^
include/../include/types.h:34:5: note: previous declaration 'GearboxType GEARBOX_PLANETARY'
     GEARBOX_PLANETARY = 0,
     ^~~~~~~~~~~~~~~~~
include/../include/types.h:113:5: error: 'GEARBOX_HARMONIC' conflicts with a previous declaration
     GEARBOX_HARMONIC,
     ^~~~~~~~~~~~~~~~
include/../include/types.h:35:5: note: previous declaration 'GearboxType GEARBOX_HARMONIC'
     GEARBOX_HARMONIC,
     ^~~~~~~~~~~~~~~~
include/../include/types.h:114:5: error: 'GEARBOX_DIRECT' conflicts with a previous declaration
     GEARBOX_DIRECT,
     ^~~~~~~~~~~~~~
include/../include/types.h:36:5: note: previous declaration 'GearboxType GEARBOX_DIRECT'
     GEARBOX_DIRECT,
     ^~~~~~~~~~~~~~
include/../include/types.h:115:5: error: 'GEARBOX_CYCLOID' conflicts with a previous declaration
     GEARBOX_CYCLOID,
     ^~~~~~~~~~~~~~~
include/../include/types.h:37:5: note: previous declaration 'GearboxType GEARBOX_CYCLOID'
     GEARBOX_CYCLOID,
     ^~~~~~~~~~~~~~~
include/../include/types.h:116:5: error: 'GEARBOX_LINEAR' conflicts with a previous declaration
     GEARBOX_LINEAR,
     ^~~~~~~~~~~~~~
include/../include/types.h:38:5: note: previous declaration 'GearboxType GEARBOX_LINEAR'
     GEARBOX_LINEAR,
     ^~~~~~~~~~~~~~
include/../include/types.h:118:3: error: conflicting declaration 'typedef enum GearboxType GearboxType'
 } GearboxType;
   ^~~~~~~~~~~
include/../include/types.h:40:3: note: previous declaration as 'typedef enum GearboxType GearboxType'
 } GearboxType;
   ^~~~~~~~~~~
include/../include/types.h:122:22: error: 'DRIVE_STANDARD' conflicts with a previous declaration
     DRIVE_STANDARD = 0,
                      ^
include/../include/types.h:44:5: note: previous declaration 'DriveType DRIVE_STANDARD'
     DRIVE_STANDARD = 0,
     ^~~~~~~~~~~~~~
include/../include/types.h:125:3: error: conflicting declaration 'typedef enum DriveType DriveType'
 } DriveType;
   ^~~~~~~~~
include/../include/types.h:47:3: note: previous declaration as 'typedef enum DriveType DriveType'
 } DriveType;
   ^~~~~~~~~
include/../include/types.h:129:25: error: 'COMMUNICATION_CAN' conflicts with a previous declaration
     COMMUNICATION_CAN = 0,
                         ^
include/../include/types.h:51:5: note: previous declaration 'Communication COMMUNICATION_CAN'
     COMMUNICATION_CAN = 0,
     ^~~~~~~~~~~~~~~~~
include/../include/types.h:130:5: error: 'COMMUNICATION_RS485' conflicts with a previous declaration
     COMMUNICATION_RS485,
     ^~~~~~~~~~~~~~~~~~~
include/../include/types.h:52:5: note: previous declaration 'Communication COMMUNICATION_RS485'
     COMMUNICATION_RS485,
     ^~~~~~~~~~~~~~~~~~~
include/../include/types.h:131:5: error: 'COMMUNICATION_ETHERCAT' conflicts with a previous declaration
     COMMUNICATION_ETHERCAT,
     ^~~~~~~~~~~~~~~~~~~~~~
include/../include/types.h:53:5: note: previous declaration 'Communication COMMUNICATION_ETHERCAT'
     COMMUNICATION_ETHERCAT,
     ^~~~~~~~~~~~~~~~~~~~~~
include/../include/types.h:155:3: error: conflicting declaration 'typedef enum FrameType FrameType'
 } FrameType;
   ^~~~~~~~~
include/../include/types.h:66:3: note: previous declaration as 'typedef enum FrameType FrameType'
 } FrameType;
   ^~~~~~~~~
include/../include/types.h:191:3: error: conflicting declaration 'typedef struct MotorConfig MotorConfig'
 } MotorConfig;
   ^~~~~~~~~~~
In file included from src/drivers/cem_driver.h:3,
                 from src/drivers/cem_driver.cpp:127:
src/drivers/motor_driver.h:25:3: note: previous declaration as 'typedef struct MotorConfig MotorConfig'
 } MotorConfig;
   ^~~~~~~~~~~
In file included from src/drivers/cem_driver.cpp:128:
include/../include/types.h:226:5: error: redefinition of 'MOTOR_STATE_POSITION_CONTROL'
     MOTOR_STATE_POSITION_CONTROL,
     ^~~~~~~~~~~~~~~~~~~~~~~~~~~~
include/../include/types.h:223:5: note: 'MOTOR_STATE_POSITION_CONTROL' previously defined here
     MOTOR_STATE_POSITION_CONTROL,
     ^~~~~~~~~~~~~~~~~~~~~~~~~~~~
include/../include/types.h:227:5: error: redefinition of 'MOTOR_STATE_VELOCITY_CONTROL'
     MOTOR_STATE_VELOCITY_CONTROL,
     ^~~~~~~~~~~~~~~~~~~~~~~~~~~~
include/../include/types.h:224:5: note: 'MOTOR_STATE_VELOCITY_CONTROL' previously defined here
     MOTOR_STATE_VELOCITY_CONTROL,
     ^~~~~~~~~~~~~~~~~~~~~~~~~~~~
include/../include/types.h:228:5: error: redefinition of 'MOTOR_STATE_TORQUE_CONTROL'
     MOTOR_STATE_TORQUE_CONTROL
     ^~~~~~~~~~~~~~~~~~~~~~~~~~
include/../include/types.h:225:5: note: 'MOTOR_STATE_TORQUE_CONTROL' previously defined here
     MOTOR_STATE_TORQUE_CONTROL,
     ^~~~~~~~~~~~~~~~~~~~~~~~~~
include/../include/types.h:240:3: error: conflicting declaration 'typedef struct PIDController PIDController'
 } PIDController;
   ^~~~~~~~~~~~~
include/../include/types.h:100:3: note: previous declaration as 'typedef struct PIDController PIDController'
 } PIDController;
   ^~~~~~~~~~~~~
*** [.pio/build/esp32c3/src/drivers/cem_driver.cpp.o] Error 1
src/utils/logger.cpp:5:17: error: 'uint8_t Logger::_level' is not a static data member of 'class Logger'
 uint8_t Logger::_level = LOG_LEVEL_INFO;
                 ^~~~~~
src/utils/logger.cpp:5:26: error: 'LOG_LEVEL_INFO' was not declared in this scope
 uint8_t Logger::_level = LOG_LEVEL_INFO;
                          ^~~~~~~~~~~~~~
src/utils/logger.cpp:5:26: note: suggested alternative: 'ESP_LOG_INFO'
 uint8_t Logger::_level = LOG_LEVEL_INFO;
                          ^~~~~~~~~~~~~~
                          ESP_LOG_INFO
src/utils/logger.cpp:6:18: error: 'uint32_t Logger::_timestamp' is not a static data member of 'class Logger'
 uint32_t Logger::_timestamp = 0;
                  ^~~~~~~~~~
src/utils/logger.cpp:8:6: error: no declaration matches 'void Logger::init(uint32_t)'
 void Logger::init(uint32_t baud) {
      ^~~~~~
In file included from src/utils/logger.cpp:1:
src/utils/logger.h:14:17: note: candidate is: 'static void Logger::init(Stream&)'
     static void init(Stream& stream);
                 ^~~~
src/utils/logger.h:12:7: note: 'class Logger' defined here
 class Logger {
       ^~~~~~
src/utils/logger.cpp:13:6: error: no declaration matches 'void Logger::setLevel(uint8_t)'
 void Logger::setLevel(uint8_t level) {
      ^~~~~~
src/utils/logger.cpp:13:6: note: no functions named 'void Logger::setLevel(uint8_t)'
In file included from src/utils/logger.cpp:1:
src/utils/logger.h:12:7: note: 'class Logger' defined here
 class Logger {
       ^~~~~~
src/utils/logger.cpp:17:9: error: no declaration matches 'uint8_t Logger::getLevel()'
 uint8_t Logger::getLevel() {
         ^~~~~~
src/utils/logger.cpp:17:9: note: no functions named 'uint8_t Logger::getLevel()'
In file included from src/utils/logger.cpp:1:
src/utils/logger.h:12:7: note: 'class Logger' defined here
 class Logger {
       ^~~~~~
src/utils/logger.cpp:21:6: error: no declaration matches 'void Logger::log(uint8_t, const char*, const char*, ...)'
 void Logger::log(uint8_t level, const char* module, const char* fmt, ...) {
      ^~~~~~
src/utils/logger.cpp:21:6: note: no functions named 'void Logger::log(uint8_t, const char*, const char*, ...)'
In file included from src/utils/logger.cpp:1:
src/utils/logger.h:12:7: note: 'class Logger' defined here
 class Logger {
       ^~~~~~
src/utils/logger.cpp:55:6: error: no declaration matches 'void Logger::error(const char*, const char*, ...)'
 void Logger::error(const char* module, const char* fmt, ...) {
      ^~~~~~
In file included from src/utils/logger.cpp:1:
src/utils/logger.h:17:17: note: candidate is: 'static void Logger::error(const String&)'
     static void error(const String& message);
                 ^~~~~
src/utils/logger.h:12:7: note: 'class Logger' defined here
 class Logger {
       ^~~~~~
src/utils/logger.cpp:62:6: error: no declaration matches 'void Logger::warn(const char*, const char*, ...)'
 void Logger::warn(const char* module, const char* fmt, ...) {
      ^~~~~~
In file included from src/utils/logger.cpp:1:
src/utils/logger.h:16:17: note: candidate is: 'static void Logger::warn(const String&)'
     static void warn(const String& message);
                 ^~~~
src/utils/logger.h:12:7: note: 'class Logger' defined here
 class Logger {
       ^~~~~~
src/utils/logger.cpp:69:6: error: no declaration matches 'void Logger::info(const char*, const char*, ...)'
 void Logger::info(const char* module, const char* fmt, ...) {
      ^~~~~~
In file included from src/utils/logger.cpp:1:
src/utils/logger.h:15:17: note: candidate is: 'static void Logger::info(const String&)'
     static void info(const String& message);
                 ^~~~
src/utils/logger.h:12:7: note: 'class Logger' defined here
 class Logger {
       ^~~~~~
src/utils/logger.cpp:76:6: error: no declaration matches 'void Logger::debug(const char*, const char*, ...)'
 void Logger::debug(const char* module, const char* fmt, ...) {
      ^~~~~~
In file included from src/utils/logger.cpp:1:
src/utils/logger.h:18:17: note: candidate is: 'static void Logger::debug(const String&)'
     static void debug(const String& message);
                 ^~~~~
src/utils/logger.h:12:7: note: 'class Logger' defined here
 class Logger {
       ^~~~~~
src/utils/logger.cpp:83:6: error: no declaration matches 'void Logger::verbose(const char*, const char*, ...)'
 void Logger::verbose(const char* module, const char* fmt, ...) {
      ^~~~~~
src/utils/logger.cpp:83:6: note: no functions named 'void Logger::verbose(const char*, const char*, ...)'
In file included from src/utils/logger.cpp:1:
src/utils/logger.h:12:7: note: 'class Logger' defined here
 class Logger {
       ^~~~~~
*** [.pio/build/esp32c3/src/utils/logger.cpp.o] Error 1
========================== [FAILED] Took 1.30 seconds ==========================

Processing esp32s3dev (platform: espressif32; board: esp32-s3-devkitc-1; framework: arduino)
--------------------------------------------------------------------------------
Verbose mode can be enabled via `-v, --verbose` option
CONFIGURATION: https://docs.platformio.org/page/boards/espressif32/esp32-s3-devkitc-1.html
PLATFORM: Espressif 32 (7.0.1) > Espressif ESP32-S3-DevKitC-1-N8 (8 MB QD, No PSRAM)
HARDWARE: ESP32S3 240MHz, 320KB RAM, 8MB Flash
DEBUG: Current (esp-builtin) On-board (esp-builtin) External (cmsis-dap, esp-bridge, esp-prog, iot-bus-jtag, jlink, minimodule, olimex-arm-usb-ocd, olimex-arm-usb-ocd-h, olimex-arm-usb-tiny-h, olimex-jtag-tiny, tumpa)
PACKAGES: 
 - framework-arduinoespressif32 @ 3.20017.241212+sha.dcc1105b 
 - tool-esptoolpy @ 2.41100.0 (4.11.0) 
 - toolchain-riscv32-esp @ 8.4.0+2021r2-patch5 
 - toolchain-xtensa-esp32s3 @ 8.4.0+2021r2-patch5
LDF: Library Dependency Finder -> https://bit.ly/configure-pio-ldf
LDF Modes: Finder ~ chain, Compatibility ~ soft
Library Manager: Installing can @ ^1.0.0
Library Manager: Warning! More than one package has been found by can @ ^1.0.0 requirements:
Library Manager:  - sandeepmistry/CAN@0.3.1
Library Manager:  - mbed-alexliao1995/can@0.0.0+sha.094fd8dac7e5
Library Manager:  - mbed-clemounet/CAN@0.0.0+sha.b9201bec01bf
Library Manager: Please specify detailed REQUIREMENTS using package owner and version (shown above) to avoid name conflicts
Warning! Could not find the package with 'can @ ^1.0.0' requirements
Library Manager: Installing SPI @ ^1.0.0
Warning! Could not find the package with 'SPI @ ^1.0.0' requirements
Library Manager: Installing Wire @ ^1.0.0
Warning! Could not find the package with 'Wire @ ^1.0.0' requirements
Found 34 compatible libraries
Scanning dependencies...
Dependency Graph
|-- ArduinoJson @ 6.21.6
|-- SPI @ 2.0.0
Building in release mode
Compiling .pio/build/esp32s3dev/src/drivers/can_bus.cpp.o
Compiling .pio/build/esp32s3dev/src/drivers/cem_driver.cpp.o
Compiling .pio/build/esp32s3dev/src/drivers/encoder.cpp.o
Compiling .pio/build/esp32s3dev/src/drivers/ethercat.cpp.o
Compiling .pio/build/esp32s3dev/src/drivers/fl_driver.cpp.o
Compiling .pio/build/esp32s3dev/src/drivers/mcp2515_can.cpp.o
Compiling .pio/build/esp32s3dev/src/drivers/rh_driver.cpp.o
Compiling .pio/build/esp32s3dev/src/drivers/rmd_h_driver.cpp.o
Compiling .pio/build/esp32s3dev/src/drivers/rmd_l_driver.cpp.o
Compiling .pio/build/esp32s3dev/src/drivers/rmd_x_driver.cpp.o
Compiling .pio/build/esp32s3dev/src/drivers/rs485.cpp.o
Compiling .pio/build/esp32s3dev/src/main.cpp.o
Compiling .pio/build/esp32s3dev/src/motor_controller.cpp.o
Compiling .pio/build/esp32s3dev/src/protocols/pal.cpp.o
Compiling .pio/build/esp32s3dev/src/utils/config.cpp.o
Compiling .pio/build/esp32s3dev/src/utils/logger.cpp.o
In file included from src/drivers/mcp2515_can.cpp:1:
src/drivers/mcp2515_can.h:5:10: fatal error: mcp2515_can.h: No such file or directory

*********************************************************************
* Looking for mcp2515_can.h dependency? Check our library registry!
*
* CLI  > platformio lib search "header:mcp2515_can.h"
* Web  > https://registry.platformio.org/search?q=header:mcp2515_can.h
*
*********************************************************************

 #include <mcp2515_can.h>
          ^~~~~~~~~~~~~~~
compilation terminated.
Compiling .pio/build/esp32s3dev/src/utils/pid_controller.cpp.o
Building .pio/build/esp32s3dev/bootloader.bin
*** [.pio/build/esp32s3dev/src/drivers/mcp2515_can.cpp.o] Error 1
esptool.py v4.11.0
Creating esp32s3 image...
Merged 1 ELF section
Successfully created esp32s3 image.
In file included from src/drivers/cem_driver.cpp:128:
include/../include/types.h:92:3: error: conflicting declaration 'typedef struct MotorConfig MotorConfig'
 } MotorConfig;
   ^~~~~~~~~~~
In file included from src/drivers/cem_driver.h:3,
                 from src/drivers/cem_driver.cpp:127:
src/drivers/motor_driver.h:25:3: note: previous declaration as 'typedef struct MotorConfig MotorConfig'
 } MotorConfig;
   ^~~~~~~~~~~
In file included from src/drivers/cem_driver.cpp:128:
include/../include/types.h:112:25: error: 'GEARBOX_PLANETARY' conflicts with a previous declaration
     GEARBOX_PLANETARY = 0,
                         ^
include/../include/types.h:34:5: note: previous declaration 'GearboxType GEARBOX_PLANETARY'
     GEARBOX_PLANETARY = 0,
     ^~~~~~~~~~~~~~~~~
include/../include/types.h:113:5: error: 'GEARBOX_HARMONIC' conflicts with a previous declaration
     GEARBOX_HARMONIC,
     ^~~~~~~~~~~~~~~~
include/../include/types.h:35:5: note: previous declaration 'GearboxType GEARBOX_HARMONIC'
     GEARBOX_HARMONIC,
     ^~~~~~~~~~~~~~~~
include/../include/types.h:114:5: error: 'GEARBOX_DIRECT' conflicts with a previous declaration
     GEARBOX_DIRECT,
     ^~~~~~~~~~~~~~
include/../include/types.h:36:5: note: previous declaration 'GearboxType GEARBOX_DIRECT'
     GEARBOX_DIRECT,
     ^~~~~~~~~~~~~~
include/../include/types.h:115:5: error: 'GEARBOX_CYCLOID' conflicts with a previous declaration
     GEARBOX_CYCLOID,
     ^~~~~~~~~~~~~~~
include/../include/types.h:37:5: note: previous declaration 'GearboxType GEARBOX_CYCLOID'
     GEARBOX_CYCLOID,
     ^~~~~~~~~~~~~~~
include/../include/types.h:116:5: error: 'GEARBOX_LINEAR' conflicts with a previous declaration
     GEARBOX_LINEAR,
     ^~~~~~~~~~~~~~
include/../include/types.h:38:5: note: previous declaration 'GearboxType GEARBOX_LINEAR'
     GEARBOX_LINEAR,
     ^~~~~~~~~~~~~~
include/../include/types.h:118:3: error: conflicting declaration 'typedef enum GearboxType GearboxType'
 } GearboxType;
   ^~~~~~~~~~~
include/../include/types.h:40:3: note: previous declaration as 'typedef enum GearboxType GearboxType'
 } GearboxType;
   ^~~~~~~~~~~
include/../include/types.h:122:22: error: 'DRIVE_STANDARD' conflicts with a previous declaration
     DRIVE_STANDARD = 0,
                      ^
include/../include/types.h:44:5: note: previous declaration 'DriveType DRIVE_STANDARD'
     DRIVE_STANDARD = 0,
     ^~~~~~~~~~~~~~
include/../include/types.h:125:3: error: conflicting declaration 'typedef enum DriveType DriveType'
 } DriveType;
   ^~~~~~~~~
include/../include/types.h:47:3: note: previous declaration as 'typedef enum DriveType DriveType'
 } DriveType;
   ^~~~~~~~~
include/../include/types.h:129:25: error: 'COMMUNICATION_CAN' conflicts with a previous declaration
     COMMUNICATION_CAN = 0,
                         ^
include/../include/types.h:51:5: note: previous declaration 'Communication COMMUNICATION_CAN'
     COMMUNICATION_CAN = 0,
     ^~~~~~~~~~~~~~~~~
include/../include/types.h:130:5: error: 'COMMUNICATION_RS485' conflicts with a previous declaration
     COMMUNICATION_RS485,
     ^~~~~~~~~~~~~~~~~~~
include/../include/types.h:52:5: note: previous declaration 'Communication COMMUNICATION_RS485'
     COMMUNICATION_RS485,
     ^~~~~~~~~~~~~~~~~~~
include/../include/types.h:131:5: error: 'COMMUNICATION_ETHERCAT' conflicts with a previous declaration
     COMMUNICATION_ETHERCAT,
     ^~~~~~~~~~~~~~~~~~~~~~
include/../include/types.h:53:5: note: previous declaration 'Communication COMMUNICATION_ETHERCAT'
     COMMUNICATION_ETHERCAT,
     ^~~~~~~~~~~~~~~~~~~~~~
include/../include/types.h:155:3: error: conflicting declaration 'typedef enum FrameType FrameType'
 } FrameType;
   ^~~~~~~~~
include/../include/types.h:66:3: note: previous declaration as 'typedef enum FrameType FrameType'
 } FrameType;
   ^~~~~~~~~
include/../include/types.h:191:3: error: conflicting declaration 'typedef struct MotorConfig MotorConfig'
 } MotorConfig;
   ^~~~~~~~~~~
In file included from src/drivers/cem_driver.h:3,
                 from src/drivers/cem_driver.cpp:127:
src/drivers/motor_driver.h:25:3: note: previous declaration as 'typedef struct MotorConfig MotorConfig'
 } MotorConfig;
   ^~~~~~~~~~~
In file included from src/drivers/cem_driver.cpp:128:
include/../include/types.h:226:5: error: redefinition of 'MOTOR_STATE_POSITION_CONTROL'
     MOTOR_STATE_POSITION_CONTROL,
     ^~~~~~~~~~~~~~~~~~~~~~~~~~~~
include/../include/types.h:223:5: note: 'MOTOR_STATE_POSITION_CONTROL' previously defined here
     MOTOR_STATE_POSITION_CONTROL,
     ^~~~~~~~~~~~~~~~~~~~~~~~~~~~
include/../include/types.h:227:5: error: redefinition of 'MOTOR_STATE_VELOCITY_CONTROL'
     MOTOR_STATE_VELOCITY_CONTROL,
     ^~~~~~~~~~~~~~~~~~~~~~~~~~~~
include/../include/types.h:224:5: note: 'MOTOR_STATE_VELOCITY_CONTROL' previously defined here
     MOTOR_STATE_VELOCITY_CONTROL,
     ^~~~~~~~~~~~~~~~~~~~~~~~~~~~
include/../include/types.h:228:5: error: redefinition of 'MOTOR_STATE_TORQUE_CONTROL'
     MOTOR_STATE_TORQUE_CONTROL
     ^~~~~~~~~~~~~~~~~~~~~~~~~~
include/../include/types.h:225:5: note: 'MOTOR_STATE_TORQUE_CONTROL' previously defined here
     MOTOR_STATE_TORQUE_CONTROL,
     ^~~~~~~~~~~~~~~~~~~~~~~~~~
include/../include/types.h:240:3: error: conflicting declaration 'typedef struct PIDController PIDController'
 } PIDController;
   ^~~~~~~~~~~~~
include/../include/types.h:100:3: note: previous declaration as 'typedef struct PIDController PIDController'
 } PIDController;
   ^~~~~~~~~~~~~
*** [.pio/build/esp32s3dev/src/drivers/cem_driver.cpp.o] Error 1
In file included from src/main.cpp:21:
src/drivers/mcp2515_can.h:5:10: fatal error: mcp2515_can.h: No such file or directory

*********************************************************************
* Looking for mcp2515_can.h dependency? Check our library registry!
*
* CLI  > platformio lib search "header:mcp2515_can.h"
* Web  > https://registry.platformio.org/search?q=header:mcp2515_can.h
*
*********************************************************************

 #include <mcp2515_can.h>
          ^~~~~~~~~~~~~~~
compilation terminated.
*** [.pio/build/esp32s3dev/src/main.cpp.o] Error 1
In file included from src/motor_controller.cpp:3:
src/drivers/mcp2515_can.h:5:10: fatal error: mcp2515_can.h: No such file or directory

*********************************************************************
* Looking for mcp2515_can.h dependency? Check our library registry!
*
* CLI  > platformio lib search "header:mcp2515_can.h"
* Web  > https://registry.platformio.org/search?q=header:mcp2515_can.h
*
*********************************************************************

 #include <mcp2515_can.h>
          ^~~~~~~~~~~~~~~
compilation terminated.
*** [.pio/build/esp32s3dev/src/motor_controller.cpp.o] Error 1
In file included from src/drivers/rmd_l_driver.cpp:22:
include/../include/types.h:92:3: error: conflicting declaration 'typedef struct MotorConfig MotorConfig'
 } MotorConfig;
   ^~~~~~~~~~~
In file included from src/drivers/rmd_l_driver.h:3,
                 from src/drivers/rmd_l_driver.cpp:21:
src/drivers/motor_driver.h:25:3: note: previous declaration as 'typedef struct MotorConfig MotorConfig'
 } MotorConfig;
   ^~~~~~~~~~~
In file included from src/drivers/rmd_l_driver.cpp:22:
include/../include/types.h:112:25: error: 'GEARBOX_PLANETARY' conflicts with a previous declaration
     GEARBOX_PLANETARY = 0,
                         ^
include/../include/types.h:34:5: note: previous declaration 'GearboxType GEARBOX_PLANETARY'
     GEARBOX_PLANETARY = 0,
     ^~~~~~~~~~~~~~~~~
include/../include/types.h:113:5: error: 'GEARBOX_HARMONIC' conflicts with a previous declaration
     GEARBOX_HARMONIC,
     ^~~~~~~~~~~~~~~~
include/../include/types.h:35:5: note: previous declaration 'GearboxType GEARBOX_HARMONIC'
     GEARBOX_HARMONIC,
     ^~~~~~~~~~~~~~~~
include/../include/types.h:114:5: error: 'GEARBOX_DIRECT' conflicts with a previous declaration
     GEARBOX_DIRECT,
     ^~~~~~~~~~~~~~
include/../include/types.h:36:5: note: previous declaration 'GearboxType GEARBOX_DIRECT'
     GEARBOX_DIRECT,
     ^~~~~~~~~~~~~~
include/../include/types.h:115:5: error: 'GEARBOX_CYCLOID' conflicts with a previous declaration
     GEARBOX_CYCLOID,
     ^~~~~~~~~~~~~~~
include/../include/types.h:37:5: note: previous declaration 'GearboxType GEARBOX_CYCLOID'
     GEARBOX_CYCLOID,
     ^~~~~~~~~~~~~~~
include/../include/types.h:116:5: error: 'GEARBOX_LINEAR' conflicts with a previous declaration
     GEARBOX_LINEAR,
     ^~~~~~~~~~~~~~
include/../include/types.h:38:5: note: previous declaration 'GearboxType GEARBOX_LINEAR'
     GEARBOX_LINEAR,
     ^~~~~~~~~~~~~~
include/../include/types.h:118:3: error: conflicting declaration 'typedef enum GearboxType GearboxType'
 } GearboxType;
   ^~~~~~~~~~~
include/../include/types.h:40:3: note: previous declaration as 'typedef enum GearboxType GearboxType'
 } GearboxType;
   ^~~~~~~~~~~
include/../include/types.h:122:22: error: 'DRIVE_STANDARD' conflicts with a previous declaration
     DRIVE_STANDARD = 0,
                      ^
include/../include/types.h:44:5: note: previous declaration 'DriveType DRIVE_STANDARD'
     DRIVE_STANDARD = 0,
     ^~~~~~~~~~~~~~
include/../include/types.h:125:3: error: conflicting declaration 'typedef enum DriveType DriveType'
 } DriveType;
   ^~~~~~~~~
include/../include/types.h:47:3: note: previous declaration as 'typedef enum DriveType DriveType'
 } DriveType;
   ^~~~~~~~~
include/../include/types.h:129:25: error: 'COMMUNICATION_CAN' conflicts with a previous declaration
     COMMUNICATION_CAN = 0,
                         ^
include/../include/types.h:51:5: note: previous declaration 'Communication COMMUNICATION_CAN'
     COMMUNICATION_CAN = 0,
     ^~~~~~~~~~~~~~~~~
include/../include/types.h:130:5: error: 'COMMUNICATION_RS485' conflicts with a previous declaration
     COMMUNICATION_RS485,
     ^~~~~~~~~~~~~~~~~~~
include/../include/types.h:52:5: note: previous declaration 'Communication COMMUNICATION_RS485'
     COMMUNICATION_RS485,
     ^~~~~~~~~~~~~~~~~~~
include/../include/types.h:131:5: error: 'COMMUNICATION_ETHERCAT' conflicts with a previous declaration
     COMMUNICATION_ETHERCAT,
     ^~~~~~~~~~~~~~~~~~~~~~
include/../include/types.h:53:5: note: previous declaration 'Communication COMMUNICATION_ETHERCAT'
     COMMUNICATION_ETHERCAT,
     ^~~~~~~~~~~~~~~~~~~~~~
include/../include/types.h:155:3: error: conflicting declaration 'typedef enum FrameType FrameType'
 } FrameType;
   ^~~~~~~~~
include/../include/types.h:66:3: note: previous declaration as 'typedef enum FrameType FrameType'
 } FrameType;
   ^~~~~~~~~
include/../include/types.h:191:3: error: conflicting declaration 'typedef struct MotorConfig MotorConfig'
 } MotorConfig;
   ^~~~~~~~~~~
In file included from src/drivers/rmd_l_driver.h:3,
                 from src/drivers/rmd_l_driver.cpp:21:
src/drivers/motor_driver.h:25:3: note: previous declaration as 'typedef struct MotorConfig MotorConfig'
 } MotorConfig;
   ^~~~~~~~~~~
In file included from src/drivers/rmd_l_driver.cpp:22:
include/../include/types.h:226:5: error: redefinition of 'MOTOR_STATE_POSITION_CONTROL'
     MOTOR_STATE_POSITION_CONTROL,
     ^~~~~~~~~~~~~~~~~~~~~~~~~~~~
include/../include/types.h:223:5: note: 'MOTOR_STATE_POSITION_CONTROL' previously defined here
     MOTOR_STATE_POSITION_CONTROL,
     ^~~~~~~~~~~~~~~~~~~~~~~~~~~~
include/../include/types.h:227:5: error: redefinition of 'MOTOR_STATE_VELOCITY_CONTROL'
     MOTOR_STATE_VELOCITY_CONTROL,
     ^~~~~~~~~~~~~~~~~~~~~~~~~~~~
include/../include/types.h:224:5: note: 'MOTOR_STATE_VELOCITY_CONTROL' previously defined here
     MOTOR_STATE_VELOCITY_CONTROL,
     ^~~~~~~~~~~~~~~~~~~~~~~~~~~~
include/../include/types.h:228:5: error: redefinition of 'MOTOR_STATE_TORQUE_CONTROL'
     MOTOR_STATE_TORQUE_CONTROL
     ^~~~~~~~~~~~~~~~~~~~~~~~~~
include/../include/types.h:225:5: note: 'MOTOR_STATE_TORQUE_CONTROL' previously defined here
     MOTOR_STATE_TORQUE_CONTROL,
     ^~~~~~~~~~~~~~~~~~~~~~~~~~
include/../include/types.h:240:3: error: conflicting declaration 'typedef struct PIDController PIDController'
 } PIDController;
   ^~~~~~~~~~~~~
include/../include/types.h:100:3: note: previous declaration as 'typedef struct PIDController PIDController'
 } PIDController;
   ^~~~~~~~~~~~~
In file included from src/motor_controller.h:10,
                 from src/drivers/rmd_l_driver.cpp:30:
src/drivers/rmd_x_driver.h:23:10: error: 'void RMDXDriver::setBacklashCompensation(float)' marked 'override', but does not override
     void setBacklashCompensation(float compensation) override;
          ^~~~~~~~~~~~~~~~~~~~~~~
In file included from src/drivers/rmd_l_driver.cpp:30:
src/motor_controller.h:80:3: error: 'MCP2515_CAN' does not name a type
   MCP2515_CAN* canBus;
   ^~~~~~~~~~~
In file included from src/drivers/rmd_x_driver.cpp:1:
src/drivers/rmd_x_driver.h:23:10: error: 'void RMDXDriver::setBacklashCompensation(float)' marked 'override', but does not override
     void setBacklashCompensation(float compensation) override;
          ^~~~~~~~~~~~~~~~~~~~~~~
In file included from src/drivers/rmd_x_driver.cpp:2:
include/../include/types.h:92:3: error: conflicting declaration 'typedef struct MotorConfig MotorConfig'
 } MotorConfig;
   ^~~~~~~~~~~
In file included from src/drivers/rmd_x_driver.h:2,
                 from src/drivers/rmd_x_driver.cpp:1:
src/drivers/motor_driver.h:25:3: note: previous declaration as 'typedef struct MotorConfig MotorConfig'
 } MotorConfig;
   ^~~~~~~~~~~
In file included from src/drivers/rmd_x_driver.cpp:2:
include/../include/types.h:112:25: error: 'GEARBOX_PLANETARY' conflicts with a previous declaration
     GEARBOX_PLANETARY = 0,
                         ^
include/../include/types.h:34:5: note: previous declaration 'GearboxType GEARBOX_PLANETARY'
     GEARBOX_PLANETARY = 0,
     ^~~~~~~~~~~~~~~~~
include/../include/types.h:113:5: error: 'GEARBOX_HARMONIC' conflicts with a previous declaration
     GEARBOX_HARMONIC,
     ^~~~~~~~~~~~~~~~
include/../include/types.h:35:5: note: previous declaration 'GearboxType GEARBOX_HARMONIC'
     GEARBOX_HARMONIC,
     ^~~~~~~~~~~~~~~~
include/../include/types.h:114:5: error: 'GEARBOX_DIRECT' conflicts with a previous declaration
     GEARBOX_DIRECT,
     ^~~~~~~~~~~~~~
include/../include/types.h:36:5: note: previous declaration 'GearboxType GEARBOX_DIRECT'
     GEARBOX_DIRECT,
     ^~~~~~~~~~~~~~
include/../include/types.h:115:5: error: 'GEARBOX_CYCLOID' conflicts with a previous declaration
     GEARBOX_CYCLOID,
     ^~~~~~~~~~~~~~~
include/../include/types.h:37:5: note: previous declaration 'GearboxType GEARBOX_CYCLOID'
     GEARBOX_CYCLOID,
     ^~~~~~~~~~~~~~~
include/../include/types.h:116:5: error: 'GEARBOX_LINEAR' conflicts with a previous declaration
     GEARBOX_LINEAR,
     ^~~~~~~~~~~~~~
include/../include/types.h:38:5: note: previous declaration 'GearboxType GEARBOX_LINEAR'
     GEARBOX_LINEAR,
     ^~~~~~~~~~~~~~
include/../include/types.h:118:3: error: conflicting declaration 'typedef enum GearboxType GearboxType'
 } GearboxType;
   ^~~~~~~~~~~
include/../include/types.h:40:3: note: previous declaration as 'typedef enum GearboxType GearboxType'
 } GearboxType;
   ^~~~~~~~~~~
include/../include/types.h:122:22: error: 'DRIVE_STANDARD' conflicts with a previous declaration
     DRIVE_STANDARD = 0,
                      ^
include/../include/types.h:44:5: note: previous declaration 'DriveType DRIVE_STANDARD'
     DRIVE_STANDARD = 0,
     ^~~~~~~~~~~~~~
include/../include/types.h:125:3: error: conflicting declaration 'typedef enum DriveType DriveType'
 } DriveType;
   ^~~~~~~~~
include/../include/types.h:47:3: note: previous declaration as 'typedef enum DriveType DriveType'
 } DriveType;
   ^~~~~~~~~
include/../include/types.h:129:25: error: 'COMMUNICATION_CAN' conflicts with a previous declaration
     COMMUNICATION_CAN = 0,
                         ^
include/../include/types.h:51:5: note: previous declaration 'Communication COMMUNICATION_CAN'
     COMMUNICATION_CAN = 0,
     ^~~~~~~~~~~~~~~~~
include/../include/types.h:130:5: error: 'COMMUNICATION_RS485' conflicts with a previous declaration
     COMMUNICATION_RS485,
     ^~~~~~~~~~~~~~~~~~~
include/../include/types.h:52:5: note: previous declaration 'Communication COMMUNICATION_RS485'
     COMMUNICATION_RS485,
     ^~~~~~~~~~~~~~~~~~~
include/../include/types.h:131:5: error: 'COMMUNICATION_ETHERCAT' conflicts with a previous declaration
     COMMUNICATION_ETHERCAT,
     ^~~~~~~~~~~~~~~~~~~~~~
include/../include/types.h:53:5: note: previous declaration 'Communication COMMUNICATION_ETHERCAT'
     COMMUNICATION_ETHERCAT,
     ^~~~~~~~~~~~~~~~~~~~~~
include/../include/types.h:155:3: error: conflicting declaration 'typedef enum FrameType FrameType'
 } FrameType;
   ^~~~~~~~~
include/../include/types.h:66:3: note: previous declaration as 'typedef enum FrameType FrameType'
 } FrameType;
   ^~~~~~~~~
include/../include/types.h:191:3: error: conflicting declaration 'typedef struct MotorConfig MotorConfig'
 } MotorConfig;
   ^~~~~~~~~~~
In file included from src/drivers/rmd_x_driver.h:2,
                 from src/drivers/rmd_x_driver.cpp:1:
src/drivers/motor_driver.h:25:3: note: previous declaration as 'typedef struct MotorConfig MotorConfig'
 } MotorConfig;
   ^~~~~~~~~~~
In file included from src/drivers/rmd_x_driver.cpp:2:
include/../include/types.h:226:5: error: redefinition of 'MOTOR_STATE_POSITION_CONTROL'
     MOTOR_STATE_POSITION_CONTROL,
     ^~~~~~~~~~~~~~~~~~~~~~~~~~~~
include/../include/types.h:223:5: note: 'MOTOR_STATE_POSITION_CONTROL' previously defined here
     MOTOR_STATE_POSITION_CONTROL,
     ^~~~~~~~~~~~~~~~~~~~~~~~~~~~
include/../include/types.h:227:5: error: redefinition of 'MOTOR_STATE_VELOCITY_CONTROL'
     MOTOR_STATE_VELOCITY_CONTROL,
     ^~~~~~~~~~~~~~~~~~~~~~~~~~~~
include/../include/types.h:224:5: note: 'MOTOR_STATE_VELOCITY_CONTROL' previously defined here
     MOTOR_STATE_VELOCITY_CONTROL,
     ^~~~~~~~~~~~~~~~~~~~~~~~~~~~
include/../include/types.h:228:5: error: redefinition of 'MOTOR_STATE_TORQUE_CONTROL'
     MOTOR_STATE_TORQUE_CONTROL
     ^~~~~~~~~~~~~~~~~~~~~~~~~~
include/../include/types.h:225:5: note: 'MOTOR_STATE_TORQUE_CONTROL' previously defined here
     MOTOR_STATE_TORQUE_CONTROL,
     ^~~~~~~~~~~~~~~~~~~~~~~~~~
include/../include/types.h:240:3: error: conflicting declaration 'typedef struct PIDController PIDController'
 } PIDController;
   ^~~~~~~~~~~~~
include/../include/types.h:100:3: note: previous declaration as 'typedef struct PIDController PIDController'
 } PIDController;
   ^~~~~~~~~~~~~
In file included from src/drivers/rmd_x_driver.cpp:10:
src/motor_controller.h:80:3: error: 'MCP2515_CAN' does not name a type
   MCP2515_CAN* canBus;
   ^~~~~~~~~~~
src/utils/logger.cpp:5:17: error: 'uint8_t Logger::_level' is not a static data member of 'class Logger'
 uint8_t Logger::_level = LOG_LEVEL_INFO;
                 ^~~~~~
src/utils/logger.cpp:5:26: error: 'LOG_LEVEL_INFO' was not declared in this scope
 uint8_t Logger::_level = LOG_LEVEL_INFO;
                          ^~~~~~~~~~~~~~
src/utils/logger.cpp:5:26: note: suggested alternative: 'ESP_LOG_INFO'
 uint8_t Logger::_level = LOG_LEVEL_INFO;
                          ^~~~~~~~~~~~~~
                          ESP_LOG_INFO
src/utils/logger.cpp:6:18: error: 'uint32_t Logger::_timestamp' is not a static data member of 'class Logger'
 uint32_t Logger::_timestamp = 0;
                  ^~~~~~~~~~
src/utils/logger.cpp:8:6: error: no declaration matches 'void Logger::init(uint32_t)'
 void Logger::init(uint32_t baud) {
      ^~~~~~
In file included from src/utils/logger.cpp:1:
src/utils/logger.h:14:17: note: candidate is: 'static void Logger::init(Stream&)'
     static void init(Stream& stream);
                 ^~~~
src/utils/logger.h:12:7: note: 'class Logger' defined here
 class Logger {
       ^~~~~~
src/utils/logger.cpp:13:6: error: no declaration matches 'void Logger::setLevel(uint8_t)'
 void Logger::setLevel(uint8_t level) {
      ^~~~~~
src/utils/logger.cpp:13:6: note: no functions named 'void Logger::setLevel(uint8_t)'
In file included from src/utils/logger.cpp:1:
src/utils/logger.h:12:7: note: 'class Logger' defined here
 class Logger {
       ^~~~~~
src/utils/logger.cpp:17:9: error: no declaration matches 'uint8_t Logger::getLevel()'
 uint8_t Logger::getLevel() {
         ^~~~~~
src/utils/logger.cpp:17:9: note: no functions named 'uint8_t Logger::getLevel()'
In file included from src/utils/logger.cpp:1:
src/utils/logger.h:12:7: note: 'class Logger' defined here
 class Logger {
       ^~~~~~
src/utils/logger.cpp:21:6: error: no declaration matches 'void Logger::log(uint8_t, const char*, const char*, ...)'
 void Logger::log(uint8_t level, const char* module, const char* fmt, ...) {
      ^~~~~~
src/utils/logger.cpp:21:6: note: no functions named 'void Logger::log(uint8_t, const char*, const char*, ...)'
In file included from src/utils/logger.cpp:1:
src/utils/logger.h:12:7: note: 'class Logger' defined here
 class Logger {
       ^~~~~~
src/utils/logger.cpp:55:6: error: no declaration matches 'void Logger::error(const char*, const char*, ...)'
 void Logger::error(const char* module, const char* fmt, ...) {
      ^~~~~~
In file included from src/utils/logger.cpp:1:
src/utils/logger.h:17:17: note: candidate is: 'static void Logger::error(const String&)'
     static void error(const String& message);
                 ^~~~~
src/utils/logger.h:12:7: note: 'class Logger' defined here
 class Logger {
       ^~~~~~
src/utils/logger.cpp:62:6: error: no declaration matches 'void Logger::warn(const char*, const char*, ...)'
 void Logger::warn(const char* module, const char* fmt, ...) {
      ^~~~~~
In file included from src/utils/logger.cpp:1:
src/utils/logger.h:16:17: note: candidate is: 'static void Logger::warn(const String&)'
     static void warn(const String& message);
                 ^~~~
src/utils/logger.h:12:7: note: 'class Logger' defined here
 class Logger {
       ^~~~~~
src/utils/logger.cpp:69:6: error: no declaration matches 'void Logger::info(const char*, const char*, ...)'
 void Logger::info(const char* module, const char* fmt, ...) {
      ^~~~~~
In file included from src/utils/logger.cpp:1:
src/utils/logger.h:15:17: note: candidate is: 'static void Logger::info(const String&)'
     static void info(const String& message);
                 ^~~~
src/utils/logger.h:12:7: note: 'class Logger' defined here
 class Logger {
       ^~~~~~
src/utils/logger.cpp:76:6: error: no declaration matches 'void Logger::debug(const char*, const char*, ...)'
 void Logger::debug(const char* module, const char* fmt, ...) {
      ^~~~~~
In file included from src/utils/logger.cpp:1:
src/utils/logger.h:18:17: note: candidate is: 'static void Logger::debug(const String&)'
     static void debug(const String& message);
                 ^~~~~
src/utils/logger.h:12:7: note: 'class Logger' defined here
 class Logger {
       ^~~~~~
src/utils/logger.cpp:83:6: error: no declaration matches 'void Logger::verbose(const char*, const char*, ...)'
 void Logger::verbose(const char* module, const char* fmt, ...) {
      ^~~~~~
src/utils/logger.cpp:83:6: note: no functions named 'void Logger::verbose(const char*, const char*, ...)'
In file included from src/utils/logger.cpp:1:
src/utils/logger.h:12:7: note: 'class Logger' defined here
 class Logger {
       ^~~~~~
*** [.pio/build/esp32s3dev/src/utils/logger.cpp.o] Error 1
In file included from src/drivers/rmd_l_driver.cpp:31:
src/protocols/pal.h:15:24: error: using typedef-name 'FrameType' after 'enum'
 enum class FrameType : uint8_t {
                        ^~~~~~~
In file included from src/drivers/rmd_l_driver.cpp:22:
include/../include/types.h:66:3: note: 'FrameType' has a previous declaration here
 } FrameType;
   ^~~~~~~~~
In file included from src/drivers/rmd_l_driver.cpp:31:
src/protocols/pal.h:29:26: error: using typedef-name 'MotorSeries' after 'enum'
 enum class MotorSeries : uint8_t {
                          ^~~~~~~
In file included from src/drivers/rmd_l_driver.cpp:22:
include/../include/types.h:30:3: note: 'MotorSeries' has a previous declaration here
 } MotorSeries;
   ^~~~~~~~~~~
In file included from src/drivers/rmd_l_driver.cpp:31:
src/protocols/pal.h:46:24: error: using typedef-name 'DriveType' after 'enum'
 enum class DriveType : uint8_t {
                        ^~~~~~~
In file included from src/drivers/rmd_l_driver.cpp:22:
include/../include/types.h:47:3: note: 'DriveType' has a previous declaration here
 } DriveType;
   ^~~~~~~~~
In file included from src/drivers/rmd_l_driver.cpp:31:
src/protocols/pal.h:52:26: error: using typedef-name 'GearboxType' after 'enum'
 enum class GearboxType : uint8_t {
                          ^~~~~~~
In file included from src/drivers/rmd_l_driver.cpp:22:
include/../include/types.h:40:3: note: 'GearboxType' has a previous declaration here
 } GearboxType;
   ^~~~~~~~~~~
In file included from src/drivers/rmd_l_driver.cpp:31:
src/protocols/pal.h:60:28: error: using typedef-name 'Communication' after 'enum'
 enum class Communication : uint8_t {
                            ^~~~~~~
In file included from src/drivers/rmd_l_driver.cpp:22:
include/../include/types.h:55:3: note: 'Communication' has a previous declaration here
 } Communication;
   ^~~~~~~~~~~~~
In file included from src/drivers/rmd_l_driver.cpp:31:
src/protocols/pal.h:67:8: error: using typedef-name 'MotorConfig' after 'struct'
 struct MotorConfig {
        ^~~~~~~~~~~
In file included from src/drivers/rmd_l_driver.h:3,
                 from src/drivers/rmd_l_driver.cpp:21:
src/drivers/motor_driver.h:25:3: note: 'MotorConfig' has a previous declaration here
 } MotorConfig;
   ^~~~~~~~~~~
src/drivers/rmd_l_driver.cpp:46:1: error: definition of explicitly-defaulted 'RMDLDriver::~RMDLDriver()'
 RMDLDriver::~RMDLDriver() = default;
 ^~~~~~~~~~
In file included from src/drivers/rmd_l_driver.cpp:21:
src/drivers/rmd_l_driver.h:8:5: note: 'virtual RMDLDriver::~RMDLDriver()' explicitly defaulted here
     ~RMDLDriver() override = default;
     ^
src/drivers/rmd_l_driver.cpp: In member function 'virtual bool RMDLDriver::init()':
src/drivers/rmd_l_driver.cpp:50:17: error: 'struct MotorConfig' has no member named 'communication'
     if (_config.communication == COMMUNICATION_CAN) {
                 ^~~~~~~~~~~~~
src/drivers/rmd_l_driver.cpp:51:22: error: 'getInstance' is not a member of 'CANBus'
         if (!CANBus::getInstance().begin(_config.canBusSpeed)) {
                      ^~~~~~~~~~~
src/drivers/rmd_l_driver.cpp:51:50: error: 'struct MotorConfig' has no member named 'canBusSpeed'
         if (!CANBus::getInstance().begin(_config.canBusSpeed)) {
                                                  ^~~~~~~~~~~
src/drivers/rmd_l_driver.cpp:58:17: error: 'struct MotorConfig' has no member named 'communication'
     if (_config.communication == COMMUNICATION_RS485) {
                 ^~~~~~~~~~~~~
src/drivers/rmd_l_driver.cpp:59:21: error: 'getInstance' is not a member of 'RS485'
         if (!RS485::getInstance().begin(_config.rs485BaudRate)) {
                     ^~~~~~~~~~~
src/drivers/rmd_l_driver.cpp:59:49: error: 'struct MotorConfig' has no member named 'rs485BaudRate'
         if (!RS485::getInstance().begin(_config.rs485BaudRate)) {
                                                 ^~~~~~~~~~~~~
src/drivers/rmd_l_driver.cpp:66:19: error: 'getInstance' is not a member of 'Encoder'
     if (!Encoder::getInstance().begin(_config.encoderPinA, _config.encoderPinB, _config.encoderPinZ)) {
                   ^~~~~~~~~~~
src/drivers/rmd_l_driver.cpp:66:47: error: 'struct MotorConfig' has no member named 'encoderPinA'
     if (!Encoder::getInstance().begin(_config.encoderPinA, _config.encoderPinB, _config.encoderPinZ)) {
                                               ^~~~~~~~~~~
src/drivers/rmd_l_driver.cpp:66:68: error: 'struct MotorConfig' has no member named 'encoderPinB'
     if (!Encoder::getInstance().begin(_config.encoderPinA, _config.encoderPinB, _config.encoderPinZ)) {
                                                                    ^~~~~~~~~~~
src/drivers/rmd_l_driver.cpp:66:89: error: 'struct MotorConfig' has no member named 'encoderPinZ'
     if (!Encoder::getInstance().begin(_config.encoderPinA, _config.encoderPinB, _config.encoderPinZ)) {
                                                                                         ^~~~~~~~~~~
src/drivers/rmd_l_driver.cpp:72:10: error: 'MotorDriver' has not been declared
     if (!MotorDriver::getInstance().begin(_config.motorPinPWM, _config.motorPinDir)) {
          ^~~~~~~~~~~
src/drivers/rmd_l_driver.cpp:72:51: error: 'struct MotorConfig' has no member named 'motorPinPWM'
     if (!MotorDriver::getInstance().begin(_config.motorPinPWM, _config.motorPinDir)) {
                                                   ^~~~~~~~~~~
src/drivers/rmd_l_driver.cpp:72:72: error: 'struct MotorConfig' has no member named 'motorPinDir'
     if (!MotorDriver::getInstance().begin(_config.motorPinPWM, _config.motorPinDir)) {
                                                                        ^~~~~~~~~~~
src/drivers/rmd_l_driver.cpp: In member function 'virtual void RMDLDriver::deinit()':
src/drivers/rmd_l_driver.cpp:88:5: error: 'MotorDriver' has not been declared
     MotorDriver::getInstance().end();
     ^~~~~~~~~~~
src/drivers/rmd_l_driver.cpp:89:14: error: 'getInstance' is not a member of 'Encoder'
     Encoder::getInstance().end();
              ^~~~~~~~~~~
src/drivers/rmd_l_driver.cpp: In member function 'virtual MotorStatus RMDLDriver::getStatus()':
src/drivers/rmd_l_driver.cpp:95:26: error: 'getInstance' is not a member of 'Encoder'
     _position = Encoder::getInstance().getPosition();
                          ^~~~~~~~~~~
src/drivers/rmd_l_driver.cpp:96:26: error: 'getInstance' is not a member of 'Encoder'
     _velocity = Encoder::getInstance().getVelocity();
                          ^~~~~~~~~~~
src/drivers/rmd_l_driver.cpp:99:16: error: 'MotorDriver' has not been declared
     _current = MotorDriver::getInstance().getCurrent();
                ^~~~~~~~~~~
src/drivers/rmd_l_driver.cpp:102:20: error: 'MotorDriver' has not been declared
     _temperature = MotorDriver::getInstance().getTemperature();
                    ^~~~~~~~~~~
src/drivers/rmd_l_driver.cpp:105:13: error: request for member 'position' in '((RMDLDriver*)this)->RMDLDriver::_status', which is of non-class type 'MotorStatus'
     _status.position = _position;
             ^~~~~~~~
src/drivers/rmd_l_driver.cpp:106:13: error: request for member 'velocity' in '((RMDLDriver*)this)->RMDLDriver::_status', which is of non-class type 'MotorStatus'
     _status.velocity = _velocity;
             ^~~~~~~~
src/drivers/rmd_l_driver.cpp:107:13: error: request for member 'current' in '((RMDLDriver*)this)->RMDLDriver::_status', which is of non-class type 'MotorStatus'
     _status.current = _current;
             ^~~~~~~
src/drivers/rmd_l_driver.cpp:108:13: error: request for member 'temperature' in '((RMDLDriver*)this)->RMDLDriver::_status', which is of non-class type 'MotorStatus'
     _status.temperature = _temperature;
             ^~~~~~~~~~~
src/drivers/rmd_l_driver.cpp:109:13: error: request for member 'enabled' in '((RMDLDriver*)this)->RMDLDriver::_status', which is of non-class type 'MotorStatus'
     _status.enabled = MotorDriver::getInstance().isEnabled();
             ^~~~~~~
src/drivers/rmd_l_driver.cpp:109:23: error: 'MotorDriver' has not been declared
     _status.enabled = MotorDriver::getInstance().isEnabled();
                       ^~~~~~~~~~~
src/drivers/rmd_l_driver.cpp: In member function 'virtual void RMDLDriver::setPosition(float)':
src/drivers/rmd_l_driver.cpp:135:26: error: 'struct MotorConfig' has no member named 'maxPosition'
     if (target > _config.maxPosition) {
                          ^~~~~~~~~~~
src/drivers/rmd_l_driver.cpp:136:26: error: 'struct MotorConfig' has no member named 'maxPosition'
         target = _config.maxPosition;
                          ^~~~~~~~~~~
src/drivers/rmd_l_driver.cpp:137:34: error: 'struct MotorConfig' has no member named 'maxPosition'
     } else if (target < -_config.maxPosition) {
                                  ^~~~~~~~~~~
src/drivers/rmd_l_driver.cpp:138:27: error: 'struct MotorConfig' has no member named 'maxPosition'
         target = -_config.maxPosition;
                           ^~~~~~~~~~~
src/drivers/rmd_l_driver.cpp:141:5: error: 'MotorDriver' has not been declared
     MotorDriver::getInstance().setPosition(target);
     ^~~~~~~~~~~
src/drivers/rmd_l_driver.cpp: In member function 'virtual void RMDLDriver::setVelocity(float)':
src/drivers/rmd_l_driver.cpp:152:5: error: 'MotorDriver' has not been declared
     MotorDriver::getInstance().setVelocity(target);
     ^~~~~~~~~~~
src/drivers/rmd_l_driver.cpp: In member function 'virtual void RMDLDriver::setTorque(float)':
src/drivers/rmd_l_driver.cpp:163:5: error: 'MotorDriver' has not been declared
     MotorDriver::getInstance().setTorque(target);
     ^~~~~~~~~~~
src/drivers/rmd_l_driver.cpp: In member function 'virtual void RMDLDriver::enable()':
src/drivers/rmd_l_driver.cpp:167:5: error: 'MotorDriver' has not been declared
     MotorDriver::getInstance().enable();
     ^~~~~~~~~~~
src/drivers/rmd_l_driver.cpp: In member function 'virtual void RMDLDriver::disable()':
src/drivers/rmd_l_driver.cpp:172:5: error: 'MotorDriver' has not been declared
     MotorDriver::getInstance().disable();
     ^~~~~~~~~~~
src/drivers/rmd_l_driver.cpp: In member function 'virtual void RMDLDriver::faultReset()':
src/drivers/rmd_l_driver.cpp:177:5: error: 'MotorDriver' has not been declared
     MotorDriver::getInstance().faultReset();
     ^~~~~~~~~~~
src/drivers/rmd_l_driver.cpp: In member function 'virtual void RMDLDriver::setLimits(float, float)':
src/drivers/rmd_l_driver.cpp:184:5: error: 'MotorDriver' has not been declared
     MotorDriver::getInstance().setLimits(maxVelocity, maxTorque);
     ^~~~~~~~~~~
src/drivers/rmd_l_driver.cpp: In member function 'virtual void RMDLDriver::setGains(float, float, float)':
src/drivers/rmd_l_driver.cpp:191:5: error: 'MotorDriver' has not been declared
     MotorDriver::getInstance().setGains(kp, ki, kd);
     ^~~~~~~~~~~
In file included from src/drivers/rmd_x_driver.cpp:11:
src/protocols/pal.h:15:24: error: using typedef-name 'FrameType' after 'enum'
 enum class FrameType : uint8_t {
                        ^~~~~~~
In file included from src/drivers/rmd_x_driver.cpp:2:
include/../include/types.h:66:3: note: 'FrameType' has a previous declaration here
 } FrameType;
   ^~~~~~~~~
In file included from src/drivers/rmd_x_driver.cpp:11:
src/protocols/pal.h:29:26: error: using typedef-name 'MotorSeries' after 'enum'
 enum class MotorSeries : uint8_t {
                          ^~~~~~~
In file included from src/drivers/rmd_x_driver.cpp:2:
include/../include/types.h:30:3: note: 'MotorSeries' has a previous declaration here
 } MotorSeries;
   ^~~~~~~~~~~
In file included from src/drivers/rmd_x_driver.cpp:11:
src/protocols/pal.h:46:24: error: using typedef-name 'DriveType' after 'enum'
 enum class DriveType : uint8_t {
                        ^~~~~~~
In file included from src/drivers/rmd_x_driver.cpp:2:
include/../include/types.h:47:3: note: 'DriveType' has a previous declaration here
 } DriveType;
   ^~~~~~~~~
In file included from src/drivers/rmd_x_driver.cpp:11:
src/protocols/pal.h:52:26: error: using typedef-name 'GearboxType' after 'enum'
 enum class GearboxType : uint8_t {
                          ^~~~~~~
In file included from src/drivers/rmd_x_driver.cpp:2:
include/../include/types.h:40:3: note: 'GearboxType' has a previous declaration here
 } GearboxType;
   ^~~~~~~~~~~
In file included from src/drivers/rmd_x_driver.cpp:11:
src/protocols/pal.h:60:28: error: using typedef-name 'Communication' after 'enum'
 enum class Communication : uint8_t {
                            ^~~~~~~
In file included from src/drivers/rmd_x_driver.cpp:2:
include/../include/types.h:55:3: note: 'Communication' has a previous declaration here
 } Communication;
   ^~~~~~~~~~~~~
In file included from src/drivers/rmd_x_driver.cpp:11:
src/protocols/pal.h:67:8: error: using typedef-name 'MotorConfig' after 'struct'
 struct MotorConfig {
        ^~~~~~~~~~~
In file included from src/drivers/rmd_x_driver.h:2,
                 from src/drivers/rmd_x_driver.cpp:1:
src/drivers/motor_driver.h:25:3: note: 'MotorConfig' has a previous declaration here
 } MotorConfig;
   ^~~~~~~~~~~
src/drivers/rmd_x_driver.cpp: In member function 'virtual void RMDXDriver::setLimits(float, float)':
src/drivers/rmd_x_driver.cpp:110:13: error: 'struct MotorConfig' has no member named 'max_velocity_limit'; did you mean 'maxVelocity'?
     _config.max_velocity_limit = maxVelocity;
             ^~~~~~~~~~~~~~~~~~
             maxVelocity
src/drivers/rmd_x_driver.cpp:111:13: error: 'struct MotorConfig' has no member named 'max_torque_limit'; did you mean 'maxTorque'?
     _config.max_torque_limit = maxTorque;
             ^~~~~~~~~~~~~~~~
             maxTorque
src/drivers/rmd_x_driver.cpp: At global scope:
src/drivers/rmd_x_driver.cpp:120:6: error: no declaration matches 'void RMDXDriver::setGearboxRatio(float)'
 void RMDXDriver::setGearboxRatio(float ratio) {
      ^~~~~~~~~~
src/drivers/rmd_x_driver.cpp:120:6: note: no functions named 'void RMDXDriver::setGearboxRatio(float)'
In file included from src/drivers/rmd_x_driver.cpp:1:
src/drivers/rmd_x_driver.h:4:7: note: 'class RMDXDriver' defined here
 class RMDXDriver : public IMotorDriver {
       ^~~~~~~~~~
*** [.pio/build/esp32s3dev/src/drivers/rmd_l_driver.cpp.o] Error 1
*** [.pio/build/esp32s3dev/src/drivers/rmd_x_driver.cpp.o] Error 1
========================== [FAILED] Took 5.47 seconds ==========================

Environment    Status    Duration
-------------  --------  ------------
esp32          FAILED    00:00:01.404
esp32s3        FAILED    00:00:01.354
esp32c3        FAILED    00:00:01.304
esp32s3dev     FAILED    00:00:05.472
==================== 4 failed, 0 succeeded in 00:00:09.534 ====================
